ISO-10303-21;
HEADER;
FILE_DESCRIPTION (( 'STEP AP214' ),
    '1' );
FILE_NAME ('4 Cylinder Engine.STEP',
    '2026-08-22T16:39:54',
    ( '' ),
    ( '' ),
    'SwSTEP 2.0',
    'SolidWorks 2020',
    '' );
FILE_SCHEMA (( 'AUTOMOTIVE_DESIGN' ));
ENDSEC;

DATA;
#1 = CARTESIAN_POINT ( 'NONE',  ( 0.7603243710084796048, 49.49036847265536920, 37.99429473408356728 ) ) ;
#2 = CARTESIAN_POINT ( 'NONE',  ( -35.99999999993860911, 1.369582187388214134, 9.198662110058801744 ) ) ;
#3 = EDGE_CURVE ( 'NONE', #7549, #7704, #5799, .T. ) ;
#4 = EDGE_CURVE ( 'NONE', #5866, #5248, #2945, .T. ) ;
#5 = CIRCLE ( 'NONE', #8438, 36.00000000000000000 ) ;
#6 = ORIENTED_EDGE ( 'NONE', *, *, #239, .F. ) ;
#7 = CARTESIAN_POINT ( 'NONE',  ( -39.00000000000000000, 0.000000000000000000, -61.00000000000000000 ) ) ;
#8 = ADVANCED_FACE ( 'NONE', ( #4984 ), #2043, .F. ) ;
#9 = VERTEX_POINT ( 'NONE', #2645 ) ;
#10 = ORIENTED_EDGE ( 'NONE', *, *, #7248, .T. ) ;
#11 = DIRECTION ( 'NONE',  ( -0.000000000000000000, -1.000000000000000000, -0.000000000000000000 ) ) ;
#12 = CARTESIAN_POINT ( 'NONE',  ( -22.50000000000000355, 27.00000000000000000, 500000.0000000000582 ) ) ;
#13 = EDGE_LOOP ( 'NONE', ( #6588, #5438 ) ) ;
#14 = CARTESIAN_POINT ( 'NONE',  ( -29.05792083075652599, 9.946947166249820782, -24.48804261140644911 ) ) ;
#15 = CARTESIAN_POINT ( 'NONE',  ( 8.000000000000010658, -55.59999999999997300, 5.999999999999999112 ) ) ;
#16 = FACE_BOUND ( 'NONE', #1609, .T. ) ;
#17 = DIRECTION ( 'NONE',  ( -0.2840153447039231449, -0.9588197348681929411, -0.000000000000000000 ) ) ;
#18 = DIRECTION ( 'NONE',  ( 0.000000000000000000, 0.000000000000000000, -1.000000000000000000 ) ) ;
#19 = AXIS2_PLACEMENT_3D ( 'NONE', #3287, #2546, #7689 ) ;
#20 = DIRECTION ( 'NONE',  ( -1.000000000000000000, 0.000000000000000000, 0.000000000000000000 ) ) ;
#21 = ADVANCED_FACE ( 'NONE', ( #3581 ), #4234, .F. ) ;
#22 = CARTESIAN_POINT ( 'NONE',  ( 38.89087296526012238, 33.89087296526131610, -440.9999999999994884 ) ) ;
#23 = PRODUCT_DEFINITION_SHAPE ( 'NONE', 'NONE',  #9844 ) ;
#24 = VERTEX_POINT ( 'NONE', #7984 ) ;
#25 = ORIENTED_EDGE ( 'NONE', *, *, #7311, .T. ) ;
#26 = VECTOR ( 'NONE', #1841, 1000.000000000000000 ) ;
#27 = ADVANCED_FACE ( 'NONE', ( #9481 ), #5683, .F. ) ;
#28 = ORIENTED_EDGE ( 'NONE', *, *, #6017, .T. ) ;
#29 = AXIS2_PLACEMENT_3D ( 'NONE', #1355, #9685, #8133 ) ;
#30 = AXIS2_PLACEMENT_3D ( 'NONE', #7015, #8603, #4062 ) ;
#31 = DIRECTION ( 'NONE',  ( -1.000000000000000000, 1.224646799147353454E-16, 0.000000000000000000 ) ) ;
#32 = DIRECTION ( 'NONE',  ( 1.000000000000000000, 0.000000000000000000, 0.000000000000000000 ) ) ;
#33 = CARTESIAN_POINT ( 'NONE',  ( 55.00000000000000000, 3.648969107014638851E-12, -456.0000000000000000 ) ) ;
#34 = CARTESIAN_POINT ( 'NONE',  ( 5.204748896376250896E-15, 0.000000000000000000, 42.50000000000000711 ) ) ;
#35 = FACE_OUTER_BOUND ( 'NONE', #4673, .T. ) ;
#36 = AXIS2_PLACEMENT_3D ( 'NONE', #709, #4497, #31 ) ;
#37 = CARTESIAN_POINT ( 'NONE',  ( 0.000000000000000000, 0.000000000000000000, 130.0000000000000000 ) ) ;
#38 = DIRECTION ( 'NONE',  ( 1.000000000000000000, 0.000000000000000000, 0.000000000000000000 ) ) ;
#39 = EDGE_LOOP ( 'NONE', ( #5195, #8114, #9363, #4628 ) ) ;
#40 = CIRCLE ( 'NONE', #5747, 1.000000000000000888 ) ;
#41 = VECTOR ( 'NONE', #3217, 1000.000000000000000 ) ;
#42 = CIRCLE ( 'NONE', #7217, 4.499999999999998224 ) ;
#43 = CYLINDRICAL_SURFACE ( 'NONE', #6880, 42.50000000000001421 ) ;
#44 = VECTOR ( 'NONE', #2805, 1000.000000000000227 ) ;
#45 = DIRECTION ( 'NONE',  ( 0.000000000000000000, 1.000000000000000000, 1.387778780781445676E-14 ) ) ;
#46 = CARTESIAN_POINT ( 'NONE',  ( 0.000000000000000000, 71.09999999999999432, 39.50000000000000000 ) ) ;
#47 = VERTEX_POINT ( 'NONE', #4631 ) ;
#48 = ORIENTED_EDGE ( 'NONE', *, *, #2930, .T. ) ;
#49 = ORIENTED_EDGE ( 'NONE', *, *, #532, .T. ) ;
#50 = CARTESIAN_POINT ( 'NONE',  ( 0.000000000000000000, 82.69999999999998863, -42.50000000000000711 ) ) ;
#51 = CARTESIAN_POINT ( 'NONE',  ( -16.76277421871312256, 24.77961261104728408, 39.05461533923327266 ) ) ;
#52 = ITEM_DEFINED_TRANSFORMATION ( 'NONE', 'NONE', #2041,  #2024 ) ;
#53 = CARTESIAN_POINT ( 'NONE',  ( 27.00000000000001421, 44.00000000000063949, -227.9999999999997158 ) ) ;
#54 = ORIENTED_EDGE ( 'NONE', *, *, #1263, .T. ) ;
#55 = VERTEX_POINT ( 'NONE', #7049 ) ;
#56 = ORIENTED_EDGE ( 'NONE', *, *, #3593, .T. ) ;
#57 = DIRECTION ( 'NONE',  ( 0.000000000000000000, 0.000000000000000000, 1.000000000000000000 ) ) ;
#58 = PLANE ( 'NONE',  #6801 ) ;
#59 = EDGE_LOOP ( 'NONE', ( #1416, #8118 ) ) ;
#60 = ADVANCED_FACE ( 'NONE', ( #5326 ), #8483, .T. ) ;
#61 = EDGE_CURVE ( 'NONE', #9162, #3734, #7898, .T. ) ;
#62 = EDGE_CURVE ( 'NONE', #3396, #3223, #3133, .T. ) ;
#63 = DIRECTION ( 'NONE',  ( -0.000000000000000000, -0.000000000000000000, -1.000000000000000000 ) ) ;
#64 = CARTESIAN_POINT ( 'NONE',  ( 0.000000000000000000, 0.000000000000000000, 9.000000000000000000 ) ) ;
#65 = CARTESIAN_POINT ( 'NONE',  ( 0.000000000000000000, 1.857468072264547096E-12, -327.0000000000000000 ) ) ;
#66 = CARTESIAN_POINT ( 'NONE',  ( 9.000000000000010658, -55.59999999999997300, -8.000000000000000000 ) ) ;
#67 = DIRECTION ( 'NONE',  ( 1.000000000000000000, 0.000000000000000000, 0.000000000000000000 ) ) ;
#68 = DIRECTION ( 'NONE',  ( -0.000000000000000000, 0.000000000000000000, 1.000000000000000000 ) ) ;
#69 = FACE_BOUND ( 'NONE', #4945, .T. ) ;
#70 = AXIS2_PLACEMENT_3D ( 'NONE', #7946, #5685, #8737 ) ;
#71 = CARTESIAN_POINT ( 'NONE',  ( -21.01480479510468768, 18.95233756691805738, 31.66072012244251610 ) ) ;
#72 = ORIENTED_EDGE ( 'NONE', *, *, #5461, .T. ) ;
#73 = ORIENTED_EDGE ( 'NONE', *, *, #2672, .F. ) ;
#74 = ORIENTED_EDGE ( 'NONE', *, *, #1635, .F. ) ;
#75 = EDGE_CURVE ( 'NONE', #3399, #4446, #6995, .T. ) ;
#76 = CARTESIAN_POINT ( 'NONE',  ( 36.00000000000000000, 0.000000000000000000, 11.95826074310140719 ) ) ;
#77 = CARTESIAN_POINT ( 'NONE',  ( -38.75000000000000000, -2.647129237368599264E-15, -8.968695557326066492 ) ) ;
#78 = LINE ( 'NONE', #1616, #5679 ) ;
#79 = DIRECTION ( 'NONE',  ( -1.000000000000000000, 0.000000000000000000, 0.000000000000000000 ) ) ;
#80 = CIRCLE ( 'NONE', #1183, 5.000000000002360778 ) ;
#81 = EDGE_CURVE ( 'NONE', #1582, #6294, #8991, .T. ) ;
#82 = DIRECTION ( 'NONE',  ( -0.000000000000000000, -0.000000000000000000, -1.000000000000000000 ) ) ;
#83 = CARTESIAN_POINT ( 'NONE',  ( -36.00586460578347214, 13.29063381526359322, 22.58157404334720297 ) ) ;
#84 = CARTESIAN_POINT ( 'NONE',  ( -24.73913988196206759, 57.80868809443033740, 8.999999999999989342 ) ) ;
#85 = VERTEX_POINT ( 'NONE', #9283 ) ;
#86 = CIRCLE ( 'NONE', #2141, 7.000000000000000000 ) ;
#87 = DIRECTION ( 'NONE',  ( 0.000000000000000000, -1.000000000000000000, 0.000000000000000000 ) ) ;
#88 = DIRECTION ( 'NONE',  ( 0.000000000000000000, 1.000000000000000000, 1.387778780781445676E-14 ) ) ;
#89 = CYLINDRICAL_SURFACE ( 'NONE', #5053, 22.50000000000000000 ) ;
#90 = DIRECTION ( 'NONE',  ( 1.000000000000000000, 0.000000000000000000, 0.000000000000000000 ) ) ;
#91 = DIRECTION ( 'NONE',  ( -1.541976423090495633E-16, -1.000000000000000000, -0.000000000000000000 ) ) ;
#92 = VERTEX_POINT ( 'NONE', #9123 ) ;
#93 = ORIENTED_EDGE ( 'NONE', *, *, #6268, .F. ) ;
#94 = ORIENTED_EDGE ( 'NONE', *, *, #8701, .T. ) ;
#95 = CARTESIAN_POINT ( 'NONE',  ( 19.48600391787329755, 38.34154323973798739, 32.63663186727936250 ) ) ;
#96 = CARTESIAN_POINT ( 'NONE',  ( -36.00000000000000000, -2.443503911417168552E-15, 11.95826074310138409 ) ) ;
#97 =( NAMED_UNIT ( * ) PLANE_ANGLE_UNIT ( ) SI_UNIT ( $, .RADIAN. ) );
#98 = ITEM_DEFINED_TRANSFORMATION ( 'NONE', 'NONE', #8248,  #2024 ) ;
#99 = ORIENTED_EDGE ( 'NONE', *, *, #6643, .T. ) ;
#100 = VERTEX_POINT ( 'NONE', #3995 ) ;
#101 = VERTEX_POINT ( 'NONE', #9227 ) ;
#102 = LINE ( 'NONE', #7045, #7824 ) ;
#103 = CARTESIAN_POINT ( 'NONE',  ( -35.01183351911118535, 17.94777509259553128, 14.79520435591614635 ) ) ;
#104 = VERTEX_POINT ( 'NONE', #5379 ) ;
#105 = DIRECTION ( 'NONE',  ( 0.2840153447039234225, 0.9588197348681927190, 6.695402423213631037E-15 ) ) ;
#106 = DIRECTION ( 'NONE',  ( -0.000000000000000000, 6.982962677686266711E-15, -1.000000000000000000 ) ) ;
#107 = LINE ( 'NONE', #2289, #7921 ) ;
#108 = ORIENTED_EDGE ( 'NONE', *, *, #8273, .T. ) ;
#109 = CARTESIAN_POINT ( 'NONE',  ( 0.000000000000000000, 27.00000000000000000, 19.00000000000000000 ) ) ;
#110 = FACE_BOUND ( 'NONE', #7774, .T. ) ;
#111 = DIRECTION ( 'NONE',  ( 0.000000000000000000, 0.000000000000000000, -1.000000000000000000 ) ) ;
#112 = EDGE_CURVE ( 'NONE', #6676, #1856, #1840, .T. ) ;
#113 = AXIS2_PLACEMENT_3D ( 'NONE', #4650, #3101, #1670 ) ;
#114 = ORIENTED_EDGE ( 'NONE', *, *, #970, .F. ) ;
#115 = ADVANCED_FACE ( 'NONE', ( #7638 ), #4223, .F. ) ;
#116 = ORIENTED_EDGE ( 'NONE', *, *, #2081, .T. ) ;
#117 = DIRECTION ( 'NONE',  ( 1.141265444721583757E-16, 0.000000000000000000, -1.000000000000000000 ) ) ;
#118 = ORIENTED_EDGE ( 'NONE', *, *, #4, .F. ) ;
#119 = CARTESIAN_POINT ( 'NONE',  ( 9.443379426344769456, 6.564338222195282846, -36.81453097388800444 ) ) ;
#120 = SURFACE_STYLE_USAGE ( .BOTH. , #3309 ) ;
#121 = FACE_OUTER_BOUND ( 'NONE', #9390, .T. ) ;
#122 = CARTESIAN_POINT ( 'NONE',  ( 38.00000000000000000, 47.19999999999998863, 8.999999999999998224 ) ) ;
#123 = AXIS2_PLACEMENT_3D ( 'NONE', #5029, #4985, #4430 ) ;
#124 = DIRECTION ( 'NONE',  ( 0.000000000000000000, 6.982962677686266711E-15, -1.000000000000000000 ) ) ;
#125 = CARTESIAN_POINT ( 'NONE',  ( 7.000000000000010658, -55.59999999999997300, 4.999999999999999112 ) ) ;
#126 = CARTESIAN_POINT ( 'NONE',  ( 46.49956922558554595, 13.77379991454245811, -212.9999999999998863 ) ) ;
#127 = ADVANCED_FACE ( 'NONE', ( #4680 ), #1707, .T. ) ;
#128 = VERTEX_POINT ( 'NONE', #7740 ) ;
#129 = EDGE_CURVE ( 'NONE', #7911, #5357, #3242, .T. ) ;
#130 = VECTOR ( 'NONE', #8636, 1000.000000000000000 ) ;
#131 = AXIS2_PLACEMENT_3D ( 'NONE', #9257, #8456, #2368 ) ;
#132 = ADVANCED_FACE ( 'NONE', ( #8530 ), #894, .T. ) ;
#133 = AXIS2_PLACEMENT_3D ( 'NONE', #1554, #68, #800 ) ;
#134 = CARTESIAN_POINT ( 'NONE',  ( 1.539749897050354256E-14, 44.00000000000054001, -212.9999999999996874 ) ) ;
#135 = DIRECTION ( 'NONE',  ( 1.000000000000000000, 0.000000000000000000, 0.000000000000000000 ) ) ;
#136 = STYLED_ITEM ( 'NONE', ( #8426 ), #8352 ) ;
#137 = AXIS2_PLACEMENT_3D ( 'NONE', #7250, #3400, #3442 ) ;
#138 = DIRECTION ( 'NONE',  ( -1.000000000000000000, 0.000000000000000000, 0.000000000000000000 ) ) ;
#139 = DIRECTION ( 'NONE',  ( -0.9588197348681928300, 0.2840153447039234780, 1.983268551957697417E-15 ) ) ;
#140 = FACE_OUTER_BOUND ( 'NONE', #6894, .T. ) ;
#141 = ORIENTED_EDGE ( 'NONE', *, *, #2181, .F. ) ;
#142 = AXIS2_PLACEMENT_3D ( 'NONE', #8624, #435, #5577 ) ;
#143 = DIRECTION ( 'NONE',  ( -0.000000000000000000, -1.000000000000000000, -0.000000000000000000 ) ) ;
#144 = ORIENTED_EDGE ( 'NONE', *, *, #4748, .F. ) ;
#145 = AXIS2_PLACEMENT_3D ( 'NONE', #37, #7759, #9304 ) ;
#146 = EDGE_CURVE ( 'NONE', #1303, #7263, #3238, .T. ) ;
#147 = VERTEX_POINT ( 'NONE', #796 ) ;
#148 = PLANE ( 'NONE',  #5466 ) ;
#149 = CARTESIAN_POINT ( 'NONE',  ( 7.380265715254359371, 48.25843156393948874, 37.27814074525910115 ) ) ;
#150 = CARTESIAN_POINT ( 'NONE',  ( -38.89087296526011528, -33.89087296525935500, -456.0000000000005116 ) ) ;
#151 = CARTESIAN_POINT ( 'NONE',  ( -4.410562796442909494, 43.32388133123882312, -42.27394343994109960 ) ) ;
#152 = ORIENTED_EDGE ( 'NONE', *, *, #986, .T. ) ;
#153 = ORIENTED_EDGE ( 'NONE', *, *, #4859, .F. ) ;
#154 =( REPRESENTATION_RELATIONSHIP ('NONE','NONE', #4268, #3255 ) REPRESENTATION_RELATIONSHIP_WITH_TRANSFORMATION ( #3122 )SHAPE_REPRESENTATION_RELATIONSHIP( ) );
#155 = ORIENTED_EDGE ( 'NONE', *, *, #8211, .F. ) ;
#156 = CARTESIAN_POINT ( 'NONE',  ( 0.000000000000000000, 1.361589584601264512E-12, -327.0000000000000000 ) ) ;
#157 = CARTESIAN_POINT ( 'NONE',  ( -32.31098884280703487, 15.41602615938556298, -19.99999999999999645 ) ) ;
#158 = EDGE_LOOP ( 'NONE', ( #4558, #1545, #8586, #6242 ) ) ;
#159 = CARTESIAN_POINT ( 'NONE',  ( -31.86628220507391163, 15.00123142162942358, -20.71844556050584529 ) ) ;
#160 = CIRCLE ( 'NONE', #8599, 36.00000000000000000 ) ;
#161 = FACE_OUTER_BOUND ( 'NONE', #5493, .T. ) ;
#162 = CARTESIAN_POINT ( 'NONE',  ( 16.90000000000000213, 28.11363194549000255, -38.99538434225262762 ) ) ;
#163 = DIRECTION ( 'NONE',  ( -1.000000000000000000, 0.000000000000000000, 0.000000000000000000 ) ) ;
#164 = CIRCLE ( 'NONE', #1428, 39.49999999999999289 ) ;
#165 = VERTEX_POINT ( 'NONE', #9169 ) ;
#166 = CARTESIAN_POINT ( 'NONE',  ( -6.735557395310464703E-15, -59.99999999999533884, -441.0000000000008527 ) ) ;
#167 = DIRECTION ( 'NONE',  ( 0.000000000000000000, 0.000000000000000000, -1.000000000000000000 ) ) ;
#168 = CARTESIAN_POINT ( 'NONE',  ( 55.00000000000000000, 5.000000000006011192, -455.9999999999999432 ) ) ;
#169 = VERTEX_POINT ( 'NONE', #9477 ) ;
#170 = EDGE_LOOP ( 'NONE', ( #2383, #8164, #1322, #4831 ) ) ;
#171 = VERTEX_POINT ( 'NONE', #2548 ) ;
#172 = DIRECTION ( 'NONE',  ( -0.000000000000000000, -1.000000000000000000, -0.000000000000000000 ) ) ;
#173 = CARTESIAN_POINT ( 'NONE',  ( 1.539749897050354256E-14, -44.00000000000000000, -43.00000000000000000 ) ) ;
#174 = ORIENTED_EDGE ( 'NONE', *, *, #6217, .T. ) ;
#175 = CARTESIAN_POINT ( 'NONE',  ( 11.38853128998810860, 7.581297789116314689, -36.25948030746017992 ) ) ;
#176 = CARTESIAN_POINT ( 'NONE',  ( -36.00000000000000711, -2.459167398028817007E-15, -9.198662110078014820 ) ) ;
#177 = CARTESIAN_POINT ( 'NONE',  ( 1.539749897050354256E-14, -44.00000000000000000, -43.00000000000000000 ) ) ;
#178 = AXIS2_PLACEMENT_3D ( 'NONE', #4675, #3237, #2386 ) ;
#179 = EDGE_CURVE ( 'NONE', #6636, #4302, #4385, .T. ) ;
#180 = FACE_OUTER_BOUND ( 'NONE', #7236, .T. ) ;
#181 = DIRECTION ( 'NONE',  ( -1.000000000000000000, 0.000000000000000000, 0.000000000000000000 ) ) ;
#182 = CARTESIAN_POINT ( 'NONE',  ( 0.000000000000000000, 1.319691808535146862E-12, -324.0000000000000000 ) ) ;
#183 = PLANE ( 'NONE',  #438 ) ;
#184 = VERTEX_POINT ( 'NONE', #5726 ) ;
#185 = PRESENTATION_LAYER_ASSIGNMENT (  '', '', ( #5110 ) ) ;
#186 = ADVANCED_FACE ( 'NONE', ( #5585, #8774 ), #6435, .F. ) ;
#187 = EDGE_CURVE ( 'NONE', #2586, #8823, #1098, .T. ) ;
#188 = CARTESIAN_POINT ( 'NONE',  ( -64.56989347527211009, 47.23059238027838092, -61.00000000000000000 ) ) ;
#189 = EDGE_CURVE ( 'NONE', #3661, #2437, #6483, .T. ) ;
#190 = AXIS2_PLACEMENT_3D ( 'NONE', #6234, #3291, #1005 ) ;
#191 = CIRCLE ( 'NONE', #979, 39.00000000000000000 ) ;
#192 = DIRECTION ( 'NONE',  ( -0.000000000000000000, -1.396592535537253342E-14, 1.000000000000000000 ) ) ;
#193 = CARTESIAN_POINT ( 'NONE',  ( 26.99999999999999645, -201.1999999999999886, 19.00000000000000000 ) ) ;
#194 = DIRECTION ( 'NONE',  ( 1.000000000000000000, -1.224646799147353207E-16, -8.551662891793917213E-31 ) ) ;
#195 = ORIENTED_EDGE ( 'NONE', *, *, #2574, .T. ) ;
#196 = AXIS2_PLACEMENT_3D ( 'NONE', #5556, #5499, #2564 ) ;
#197 = ORIENTED_EDGE ( 'NONE', *, *, #3352, .T. ) ;
#198 = CARTESIAN_POINT ( 'NONE',  ( 0.000000000000000000, 3.001792575929515181E-13, -178.0000000000000284 ) ) ;
#199 = EDGE_CURVE ( 'NONE', #8492, #8224, #1850, .T. ) ;
#200 = DIRECTION ( 'NONE',  ( -0.000000000000000000, 0.000000000000000000, 1.000000000000000000 ) ) ;
#201 = CARTESIAN_POINT ( 'NONE',  ( -35.92308074463208811, 2.716313340183646563, 11.96609650565748417 ) ) ;
#202 = CARTESIAN_POINT ( 'NONE',  ( -12.71272694362378530, 38.14880854068075422, -40.55576078229690751 ) ) ;
#203 = ADVANCED_FACE ( 'NONE', ( #4884 ), #257, .F. ) ;
#204 = EDGE_LOOP ( 'NONE', ( #8607, #7563, #5296, #7964, #5313 ) ) ;
#205 = VERTEX_POINT ( 'NONE', #2641 ) ;
#206 = ORIENTED_EDGE ( 'NONE', *, *, #4208, .T. ) ;
#207 = CARTESIAN_POINT ( 'NONE',  ( 0.000000000000000000, 1.075288114816127199E-12, -289.0000000000000000 ) ) ;
#208 = CARTESIAN_POINT ( 'NONE',  ( -34.31168965457367648, 17.28908721122579450, -16.35373354657012257 ) ) ;
#209 = ORIENTED_EDGE ( 'NONE', *, *, #7098, .T. ) ;
#210 = CARTESIAN_POINT ( 'NONE',  ( 0.000000000000000000, 66.79999999999999716, 0.000000000000000000 ) ) ;
#211 = FACE_OUTER_BOUND ( 'NONE', #8334, .T. ) ;
#212 = DIRECTION ( 'NONE',  ( -0.000000000000000000, -0.000000000000000000, 1.000000000000000000 ) ) ;
#213 = DIRECTION ( 'NONE',  ( -0.2840153447039231449, 0.9588197348681929411, 6.695402423213631826E-15 ) ) ;
#214 = CARTESIAN_POINT ( 'NONE',  ( -6.347374069285604263E-12, 157.2000000000017792, 319.0000000000000568 ) ) ;
#215 = ORIENTED_EDGE ( 'NONE', *, *, #8329, .F. ) ;
#216 = DIRECTION ( 'NONE',  ( 0.000000000000000000, -1.000000000000000000, -1.480297366166875808E-14 ) ) ;
#217 = LINE ( 'NONE', #3251, #384 ) ;
#218 = VERTEX_POINT ( 'NONE', #1147 ) ;
#219 = ORIENTED_EDGE ( 'NONE', *, *, #5933, .F. ) ;
#220 = ORIENTED_EDGE ( 'NONE', *, *, #6517, .F. ) ;
#221 = LINE ( 'NONE', #1012, #8764 ) ;
#222 = CARTESIAN_POINT ( 'NONE',  ( 29.00000000000000711, 54.40000000000000568, -4.499999999999992006 ) ) ;
#223 = ORIENTED_EDGE ( 'NONE', *, *, #7866, .T. ) ;
#224 = CARTESIAN_POINT ( 'NONE',  ( 10.10371969107511880, 6.882855846261774602, -36.63827787320674645 ) ) ;
#225 = CARTESIAN_POINT ( 'NONE',  ( -35.61613899620186174, 5.416339294269266524, -11.98693117703046163 ) ) ;
#226 = CARTESIAN_POINT ( 'NONE',  ( -29.99999999999998579, -44.00000000000000000, -46.00000000000000000 ) ) ;
#227 = AXIS2_PLACEMENT_3D ( 'NONE', #1353, #7441, #5464 ) ;
#228 = DIRECTION ( 'NONE',  ( 1.141265444721583757E-16, -0.000000000000000000, -1.000000000000000000 ) ) ;
#229 = CARTESIAN_POINT ( 'NONE',  ( -16.89999999999999858, 27.00000000000000355, -38.99538434225262051 ) ) ;
#230 = CARTESIAN_POINT ( 'NONE',  ( 14.50000000000000533, 0.000000000000000000, 133.0000000000000000 ) ) ;
#231 = ORIENTED_EDGE ( 'NONE', *, *, #4867, .T. ) ;
#232 = AXIS2_PLACEMENT_3D ( 'NONE', #6373, #4922, #2677 ) ;
#233 = DIRECTION ( 'NONE',  ( -1.541976423090495633E-16, -1.000000000000000000, 0.000000000000000000 ) ) ;
#234 = CARTESIAN_POINT ( 'NONE',  ( 4.776122516674677878E-15, -38.99999999999658939, -438.0000000000005684 ) ) ;
#235 = CYLINDRICAL_SURFACE ( 'NONE', #2533, 36.00000000000000000 ) ;
#236 = CARTESIAN_POINT ( 'NONE',  ( -46.49956922558553885, 13.77379991454167651, -98.99999999999994316 ) ) ;
#237 = CARTESIAN_POINT ( 'NONE',  ( 37.99898143101937364, 20.77404236749104882, 1.836434341383487823 ) ) ;
#238 = ORIENTED_EDGE ( 'NONE', *, *, #2011, .T. ) ;
#239 = EDGE_CURVE ( 'NONE', #2810, #5806, #2311, .T. ) ;
#240 = AXIS2_PLACEMENT_3D ( 'NONE', #4974, #8768, #436 ) ;
#241 = EDGE_CURVE ( 'NONE', #2384, #6604, #5802, .T. ) ;
#242 = ADVANCED_FACE ( 'NONE', ( #4788 ), #7239, .T. ) ;
#243 = ORIENTED_EDGE ( 'NONE', *, *, #9148, .F. ) ;
#244 = PRODUCT_DEFINITION_CONTEXT ( 'detailed design', #4921, 'design' ) ;
#245 = DIRECTION ( 'NONE',  ( -0.000000000000000000, -0.000000000000000000, 1.000000000000000000 ) ) ;
#246 = CARTESIAN_POINT ( 'NONE',  ( -38.68759559582435514, -198.2589617060768887, 8.974564642706440054 ) ) ;
#247 = CARTESIAN_POINT ( 'NONE',  ( 36.00000000000000000, 3.445174834300085643E-12, -441.0000000000000000 ) ) ;
#248 = CONTEXT_DEPENDENT_SHAPE_REPRESENTATION ( #8941, #2149 ) ;
#249 = DIRECTION ( 'NONE',  ( 0.000000000000000000, -0.000000000000000000, -1.000000000000000000 ) ) ;
#250 = FACE_OUTER_BOUND ( 'NONE', #7658, .T. ) ;
#251 = VERTEX_POINT ( 'NONE', #1809 ) ;
#252 = ORIENTED_EDGE ( 'NONE', *, *, #5411, .T. ) ;
#253 = EDGE_CURVE ( 'NONE', #590, #2299, #5330, .T. ) ;
#254 = EDGE_LOOP ( 'NONE', ( #4495, #945, #4076, #8959, #1744, #8907, #2935, #1198 ) ) ;
#255 = EDGE_CURVE ( 'NONE', #5479, #4220, #1048, .T. ) ;
#256 = DIRECTION ( 'NONE',  ( 0.2840153447039234225, 0.9588197348681927190, 6.695402423213631037E-15 ) ) ;
#257 = TOROIDAL_SURFACE ( 'NONE', #4071, 39.00000000000000000, 3.000000000000000000 ) ;
#258 = VERTEX_POINT ( 'NONE', #1004 ) ;
#259 = EDGE_CURVE ( 'NONE', #5148, #6907, #1677, .T. ) ;
#260 = CARTESIAN_POINT ( 'NONE',  ( 38.89087296526011528, -33.89087296525551807, -456.0000000000005116 ) ) ;
#261 = DIRECTION ( 'NONE',  ( 0.000000000000000000, -1.000000000000000000, 0.000000000000000000 ) ) ;
#262 = DIRECTION ( 'NONE',  ( -0.000000000000000000, 0.000000000000000000, 1.000000000000000000 ) ) ;
#263 = DIRECTION ( 'NONE',  ( 1.000000000000000000, 0.000000000000000000, 0.000000000000000000 ) ) ;
#264 = VERTEX_POINT ( 'NONE', #260 ) ;
#265 = CARTESIAN_POINT ( 'NONE',  ( 38.68759559582433383, -198.2589617060768603, 8.974564642706459594 ) ) ;
#266 = ORIENTED_EDGE ( 'NONE', *, *, #9569, .F. ) ;
#267 = ORIENTED_EDGE ( 'NONE', *, *, #8595, .T. ) ;
#268 = VERTEX_POINT ( 'NONE', #6341 ) ;
#269 = CARTESIAN_POINT ( 'NONE',  ( 6.999999999999996447, -145.5999999999999659, 5.999999999999999112 ) ) ;
#270 = CARTESIAN_POINT ( 'NONE',  ( -7.999999999999989342, -55.60000000000000853, -5.999999999999999112 ) ) ;
#271 = DIRECTION ( 'NONE',  ( 0.000000000000000000, 6.982962677686266711E-15, -1.000000000000000000 ) ) ;
#272 = CARTESIAN_POINT ( 'NONE',  ( -15.41800087428547528, 43.40272179729652891, 34.73609714347740862 ) ) ;
#273 = CARTESIAN_POINT ( 'NONE',  ( -29.00000000000000711, 54.40000000000000568, -4.500000000000011546 ) ) ;
#274 = FACE_OUTER_BOUND ( 'NONE', #1333, .T. ) ;
#275 = AXIS2_PLACEMENT_3D ( 'NONE', #1121, #8096, #3504 ) ;
#276 = CARTESIAN_POINT ( 'NONE',  ( 38.25123110765726864, -193.8756446672425113, 9.000000000000007105 ) ) ;
#277 = EDGE_LOOP ( 'NONE', ( #4265, #9762, #9507, #5789 ) ) ;
#278 = AXIS2_PLACEMENT_3D ( 'NONE', #7444, #6745, #5927 ) ;
#279 = AXIS2_PLACEMENT_3D ( 'NONE', #236, #3270, #6315 ) ;
#280 = FACE_OUTER_BOUND ( 'NONE', #2088, .T. ) ;
#281 = DIRECTION ( 'NONE',  ( -1.000000000000000000, 0.000000000000000000, 0.000000000000000000 ) ) ;
#282 = DIRECTION ( 'NONE',  ( 1.000000000000000000, 0.000000000000000000, 0.000000000000000000 ) ) ;
#283 = PLANE ( 'NONE',  #3306 ) ;
#284 = CIRCLE ( 'NONE', #5835, 4.999999999996803446 ) ;
#285 = VECTOR ( 'NONE', #7361, 1000.000000000000000 ) ;
#286 = CARTESIAN_POINT ( 'NONE',  ( 36.93151615443758118, 19.76133014311558256, 8.992585102679681697 ) ) ;
#287 = VERTEX_POINT ( 'NONE', #9385 ) ;
#288 = VECTOR ( 'NONE', #6904, 1000.000000000000000 ) ;
#289 = VERTEX_POINT ( 'NONE', #9432 ) ;
#290 = CIRCLE ( 'NONE', #2523, 4.999999999996803446 ) ;
#291 = LINE ( 'NONE', #7035, #9129 ) ;
#292 = ADVANCED_FACE ( 'NONE', ( #4835 ), #5491, .F. ) ;
#293 = FACE_OUTER_BOUND ( 'NONE', #828, .T. ) ;
#294 = DIRECTION ( 'NONE',  ( 0.000000000000000000, 6.982962677686266711E-15, -1.000000000000000000 ) ) ;
#295 = AXIS2_PLACEMENT_3D ( 'NONE', #4771, #1872, #7618 ) ;
#296 = EDGE_CURVE ( 'NONE', #3387, #5148, #1051, .T. ) ;
#297 = CARTESIAN_POINT ( 'NONE',  ( -36.00000000000000000, 3.184230981024941053E-12, -406.0000000000000000 ) ) ;
#298 = CARTESIAN_POINT ( 'NONE',  ( 1.539749897050354256E-14, -43.99999999999789679, -345.0000000000006253 ) ) ;
#299 = EDGE_LOOP ( 'NONE', ( #5182, #1371 ) ) ;
#300 = ORIENTED_EDGE ( 'NONE', *, *, #3978, .F. ) ;
#301 = AXIS2_PLACEMENT_3D ( 'NONE', #1150, #398, #6486 ) ;
#302 = CIRCLE ( 'NONE', #5706, 36.00000000000000000 ) ;
#303 = ORIENTED_EDGE ( 'NONE', *, *, #306, .F. ) ;
#304 = ORIENTED_EDGE ( 'NONE', *, *, #1037, .F. ) ;
#305 = EDGE_CURVE ( 'NONE', #4190, #8804, #6334, .T. ) ;
#306 = EDGE_CURVE ( 'NONE', #6868, #3039, #6452, .T. ) ;
#307 = DIRECTION ( 'NONE',  ( 0.000000000000000000, 6.982962677686266711E-15, -1.000000000000000000 ) ) ;
#308 = CARTESIAN_POINT ( 'NONE',  ( 14.87989562539615740, 10.10722824531541697, 34.97076145019297400 ) ) ;
#309 = DIRECTION ( 'NONE',  ( 0.000000000000000000, 1.396592535537253342E-14, -1.000000000000000000 ) ) ;
#310 = EDGE_CURVE ( 'NONE', #7713, #3599, #7428, .T. ) ;
#311 = DIRECTION ( 'NONE',  ( 0.000000000000000000, 0.000000000000000000, 1.000000000000000000 ) ) ;
#312 = EDGE_CURVE ( 'NONE', #4228, #4932, #2772, .T. ) ;
#313 = ORIENTED_EDGE ( 'NONE', *, *, #351, .T. ) ;
#314 = CARTESIAN_POINT ( 'NONE',  ( -21.71745043183599222, 21.07055850832638555, 31.18370712806280309 ) ) ;
#315 = EDGE_LOOP ( 'NONE', ( #4878, #108, #2732, #1662 ) ) ;
#316 = ORIENTED_EDGE ( 'NONE', *, *, #4379, .F. ) ;
#317 = ORIENTED_EDGE ( 'NONE', *, *, #3904, .T. ) ;
#318 = DIRECTION ( 'NONE',  ( 1.000000000000000000, 0.000000000000000000, 0.000000000000000000 ) ) ;
#319 = DIRECTION ( 'NONE',  ( -0.000000000000000000, -0.000000000000000000, -1.000000000000000000 ) ) ;
#320 = DIRECTION ( 'NONE',  ( 0.000000000000000000, 0.000000000000000000, -1.000000000000000000 ) ) ;
#321 = LINE ( 'NONE', #3544, #4952 ) ;
#322 = CARTESIAN_POINT ( 'NONE',  ( 4.653657836759942730E-15, 85.00000000000000000, 38.00000000000000711 ) ) ;
#323 = ADVANCED_FACE ( 'NONE', ( #1341, #2878 ), #5861, .F. ) ;
#324 = DIRECTION ( 'NONE',  ( -0.000000000000000000, -6.982962677686266711E-15, 1.000000000000000000 ) ) ;
#325 = CARTESIAN_POINT ( 'NONE',  ( 7.000000000000017764, -145.5999999999999659, -5.999999999999999112 ) ) ;
#326 = ORIENTED_EDGE ( 'NONE', *, *, #8048, .T. ) ;
#327 = EDGE_CURVE ( 'NONE', #1003, #3125, #1029, .T. ) ;
#328 = ORIENTED_EDGE ( 'NONE', *, *, #1268, .T. ) ;
#329 = DIRECTION ( 'NONE',  ( 0.000000000000000000, 6.982962677686266711E-15, -1.000000000000000000 ) ) ;
#330 = CARTESIAN_POINT ( 'NONE',  ( 16.34835804262445080, 22.57568477947887686, -39.23057284958148472 ) ) ;
#331 = LINE ( 'NONE', #4863, #1250 ) ;
#332 = DIRECTION ( 'NONE',  ( -1.141265444721583757E-16, -0.000000000000000000, 1.000000000000000000 ) ) ;
#333 = VERTEX_POINT ( 'NONE', #5914 ) ;
#334 = AXIS2_PLACEMENT_3D ( 'NONE', #5338, #2951, #2904 ) ;
#335 = VERTEX_POINT ( 'NONE', #1435 ) ;
#336 = DIRECTION ( 'NONE',  ( 0.000000000000000000, -1.000000000000000000, 0.000000000000000000 ) ) ;
#337 = FACE_OUTER_BOUND ( 'NONE', #7009, .T. ) ;
#338 = AXIS2_PLACEMENT_3D ( 'NONE', #4486, #9825, #8925 ) ;
#339 = TOROIDAL_SURFACE ( 'NONE', #4815, 30.00000000000000000, 3.000000000000000000 ) ;
#340 = CARTESIAN_POINT ( 'NONE',  ( 0.000000000000000000, 3.659072443107604261E-12, -456.0000000000000000 ) ) ;
#341 = CARTESIAN_POINT ( 'NONE',  ( 17.50000000000000355, 2.143131898507868643E-15, 133.0000000000000000 ) ) ;
#342 = DIRECTION ( 'NONE',  ( -0.000000000000000000, -0.000000000000000000, 1.000000000000000000 ) ) ;
#343 = DIRECTION ( 'NONE',  ( 1.541976423090496126E-16, 1.000000000000000000, 0.000000000000000000 ) ) ;
#344 = VERTEX_POINT ( 'NONE', #4471 ) ;
#345 = AXIS2_PLACEMENT_3D ( 'NONE', #5297, #8982, #1510 ) ;
#346 = ORIENTED_EDGE ( 'NONE', *, *, #7215, .T. ) ;
#347 = TOROIDAL_SURFACE ( 'NONE', #4168, 39.00000000000000000, 3.000000000000000000 ) ;
#348 = ORIENTED_EDGE ( 'NONE', *, *, #9453, .T. ) ;
#349 = CIRCLE ( 'NONE', #2408, 5.000000000002245315 ) ;
#350 = ORIENTED_EDGE ( 'NONE', *, *, #9020, .T. ) ;
#351 = EDGE_CURVE ( 'NONE', #948, #6527, #4850, .T. ) ;
#352 = COLOUR_RGB ( '',0.7921568627450980005, 0.8196078431372548767, 0.9333333333333333481 ) ;
#353 = CARTESIAN_POINT ( 'NONE',  ( 1.539749897050354256E-14, 44.00000000000027711, -174.9999999999997158 ) ) ;
#354 = CARTESIAN_POINT ( 'NONE',  ( 13.18075149751690311, 8.750634853837762961, 35.64646371951000958 ) ) ;
#355 = CARTESIAN_POINT ( 'NONE',  ( 0.000000000000000000, -1.467303537789696019E-13, -114.0000000000000142 ) ) ;
#356 = CARTESIAN_POINT ( 'NONE',  ( -1.633702623558059475E-14, 185.4000000000015689, 319.0000000000000568 ) ) ;
#357 = AXIS2_PLACEMENT_3D ( 'NONE', #1891, #5890, #1269 ) ;
#358 = CARTESIAN_POINT ( 'NONE',  ( -38.00000000000000000, 60.00000000000000000, -1.514518439508615042E-14 ) ) ;
#359 = LINE ( 'NONE', #6440, #8942 ) ;
#360 = CARTESIAN_POINT ( 'NONE',  ( 46.49956922558554595, -13.77379991454005825, -327.0000000000001705 ) ) ;
#361 = EDGE_LOOP ( 'NONE', ( #5756, #9694, #1444, #1881 ) ) ;
#362 = ORIENTED_EDGE ( 'NONE', *, *, #4670, .F. ) ;
#363 = EDGE_CURVE ( 'NONE', #1988, #5979, #5958, .T. ) ;
#364 = SURFACE_STYLE_USAGE ( .BOTH. , #1861 ) ;
#365 = EDGE_CURVE ( 'NONE', #8063, #4227, #8833, .T. ) ;
#366 = CYLINDRICAL_SURFACE ( 'NONE', #7648, 0.9999999999999991118 ) ;
#367 = EDGE_CURVE ( 'NONE', #4784, #8127, #6089, .T. ) ;
#368 = LINE ( 'NONE', #9540, #5149 ) ;
#369 =( BOUNDED_CURVE ( )  B_SPLINE_CURVE ( 3, ( #4804, #4061, #273, #3311 ),
 .UNSPECIFIED., .F., .T. ) 
 B_SPLINE_CURVE_WITH_KNOTS ( ( 4, 4 ),
 ( 1.570796326794896558, 4.712388980384689674 ),
 .UNSPECIFIED. ) 
 CURVE ( )  GEOMETRIC_REPRESENTATION_ITEM ( )  RATIONAL_B_SPLINE_CURVE ( ( 1.000000000000000000, 0.3333333333333333703, 0.3333333333333333703, 1.000000000000000000 ) ) 
 REPRESENTATION_ITEM ( '' )  );
#370 = CARTESIAN_POINT ( 'NONE',  ( -38.43829896936482271, 5.866068028336093754, 8.990188665593581874 ) ) ;
#371 = DIRECTION ( 'NONE',  ( 0.000000000000000000, 0.000000000000000000, 1.000000000000000000 ) ) ;
#372 = DIRECTION ( 'NONE',  ( 0.000000000000000000, 0.000000000000000000, 1.000000000000000000 ) ) ;
#373 = CARTESIAN_POINT ( 'NONE',  ( 191.5194180755570699, 0.000000000000000000, 25.00000000000000000 ) ) ;
#374 = EDGE_LOOP ( 'NONE', ( #1754, #8769, #2319, #2113, #4661 ) ) ;
#375 = VERTEX_POINT ( 'NONE', #2379 ) ;
#376 = ADVANCED_FACE ( 'NONE', ( #8360 ), #9158, .F. ) ;
#377 = ADVANCED_FACE ( 'NONE', ( #9217 ), #3776, .T. ) ;
#378 = DIRECTION ( 'NONE',  ( 1.000000000000000000, 0.000000000000000000, 0.000000000000000000 ) ) ;
#379 = DIRECTION ( 'NONE',  ( 1.000000000000000000, 0.000000000000000000, 0.000000000000000000 ) ) ;
#380 = DIRECTION ( 'NONE',  ( 0.000000000000000000, 1.396592535537253342E-14, -1.000000000000000000 ) ) ;
#381 = CARTESIAN_POINT ( 'NONE',  ( -6.735557395310464703E-15, -54.99999999999655387, -441.0000000000007958 ) ) ;
#382 = DIRECTION ( 'NONE',  ( -1.141265444721583757E-16, -0.000000000000000000, 1.000000000000000000 ) ) ;
#383 = ORIENTED_EDGE ( 'NONE', *, *, #4, .T. ) ;
#384 = VECTOR ( 'NONE', #9483, 1000.000000000000000 ) ;
#385 = EDGE_LOOP ( 'NONE', ( #5907, #8679 ) ) ;
#386 = DIRECTION ( 'NONE',  ( 1.000000000000000000, 0.000000000000000000, 0.000000000000000000 ) ) ;
#387 = CARTESIAN_POINT ( 'NONE',  ( -36.00000000000000000, -201.1999999999999886, -11.95826074310141252 ) ) ;
#388 = CARTESIAN_POINT ( 'NONE',  ( -38.25142132890803737, -193.8767430044894127, 8.999999999999994671 ) ) ;
#389 = CARTESIAN_POINT ( 'NONE',  ( 38.75000000000000000, -201.1999999999999886, -8.968695557326039847 ) ) ;
#390 = CIRCLE ( 'NONE', #6763, 16.89999999999999858 ) ;
#391 = CARTESIAN_POINT ( 'NONE',  ( 1.539749897050354256E-14, -44.00000000000000000, -3.000000000000002665 ) ) ;
#392 = ORIENTED_EDGE ( 'NONE', *, *, #9586, .T. ) ;
#393 = EDGE_LOOP ( 'NONE', ( #7168, #7342, #5133, #5766 ) ) ;
#394 = ORIENTED_EDGE ( 'NONE', *, *, #4128, .F. ) ;
#395 = CIRCLE ( 'NONE', #8516, 3.000000000000002665 ) ;
#396 = DIRECTION ( 'NONE',  ( 0.000000000000000000, 0.000000000000000000, -1.000000000000000000 ) ) ;
#397 = CARTESIAN_POINT ( 'NONE',  ( 34.36931771216880094, 6.755772121541200548, 25.00000000000000000 ) ) ;
#398 = DIRECTION ( 'NONE',  ( 0.5217817816581928891, -1.730532354501793820E-16, 0.8530789953630331102 ) ) ;
#399 = VERTEX_POINT ( 'NONE', #50 ) ;
#400 = SURFACE_STYLE_FILL_AREA ( #4049 ) ;
#401 = CARTESIAN_POINT ( 'NONE',  ( 38.75000000000000000, -201.1999999999999886, 8.968695557326057610 ) ) ;
#402 = VERTEX_POINT ( 'NONE', #7728 ) ;
#403 = AXIS2_PLACEMENT_3D ( 'NONE', #5285, #3844, #3938 ) ;
#404 = ORIENTED_EDGE ( 'NONE', *, *, #4867, .F. ) ;
#405 = DIRECTION ( 'NONE',  ( 0.000000000000000000, 0.000000000000000000, 1.000000000000000000 ) ) ;
#406 = DIRECTION ( 'NONE',  ( 1.000000000000000000, 0.000000000000000000, 0.000000000000000000 ) ) ;
#407 = CARTESIAN_POINT ( 'NONE',  ( 38.00000000000000000, 47.19999999999999574, 4.500000000000005329 ) ) ;
#408 = DIRECTION ( 'NONE',  ( 0.000000000000000000, 0.000000000000000000, -1.000000000000000000 ) ) ;
#409 = DIRECTION ( 'NONE',  ( 1.000000000000000000, 0.000000000000000000, 0.000000000000000000 ) ) ;
#410 = CARTESIAN_POINT ( 'NONE',  ( 34.36931771216880094, 6.755772121541200548, 25.00000000000000000 ) ) ;
#411 = EDGE_CURVE ( 'NONE', #2535, #3949, #3839, .T. ) ;
#412 = ADVANCED_FACE ( 'NONE', ( #6777 ), #9062, .F. ) ;
#413 = DIRECTION ( 'NONE',  ( 0.000000000000000000, 1.396592535537253342E-14, -1.000000000000000000 ) ) ;
#414 = ORIENTED_EDGE ( 'NONE', *, *, #1793, .F. ) ;
#415 = ORIENTED_EDGE ( 'NONE', *, *, #906, .T. ) ;
#416 = AXIS2_PLACEMENT_3D ( 'NONE', #7358, #2760, #8007 ) ;
#417 = CARTESIAN_POINT ( 'NONE',  ( 39.87807037908326180, 17.97749726453407604, -14.72107270787981825 ) ) ;
#418 = DIRECTION ( 'NONE',  ( 0.000000000000000000, 6.982962677686266711E-15, -1.000000000000000000 ) ) ;
#419 = ADVANCED_FACE ( 'NONE', ( #4518 ), #6835, .T. ) ;
#420 = ADVANCED_FACE ( 'NONE', ( #7231 ), #9466, .F. ) ;
#421 = ADVANCED_FACE ( 'NONE', ( #9317 ), #7564, .F. ) ;
#422 = CARTESIAN_POINT ( 'NONE',  ( 2.226023059169839335, 10.23789824324382991, -42.44532340729181641 ) ) ;
#423 = DIRECTION ( 'NONE',  ( -1.000000000000000000, 0.000000000000000000, 0.000000000000000000 ) ) ;
#424 = CARTESIAN_POINT ( 'NONE',  ( 0.000000000000000000, -38.99999999999948130, -210.0000000000002558 ) ) ;
#425 = EDGE_LOOP ( 'NONE', ( #3598, #3344 ) ) ;
#426 = AXIS2_PLACEMENT_3D ( 'NONE', #7696, #6998, #3191 ) ;
#427 = EDGE_CURVE ( 'NONE', #7691, #9183, #4129, .T. ) ;
#428 = AXIS2_PLACEMENT_3D ( 'NONE', #9411, #5619, #6568 ) ;
#429 = DIRECTION ( 'NONE',  ( 1.000000000000000000, 2.667619211946556617E-14, 0.000000000000000000 ) ) ;
#430 = DIRECTION ( 'NONE',  ( -0.000000000000000000, -1.000000000000000000, -0.000000000000000000 ) ) ;
#431 = CIRCLE ( 'NONE', #1715, 10.00000000000000000 ) ;
#432 = LINE ( 'NONE', #9653, #6530 ) ;
#433 = VECTOR ( 'NONE', #4394, 999.9999999999998863 ) ;
#434 = EDGE_CURVE ( 'NONE', #9722, #5248, #7085, .T. ) ;
#435 = DIRECTION ( 'NONE',  ( 1.141265444721583757E-16, -0.000000000000000000, -1.000000000000000000 ) ) ;
#436 = DIRECTION ( 'NONE',  ( 0.000000000000000000, 0.000000000000000000, -1.000000000000000000 ) ) ;
#437 = VERTEX_POINT ( 'NONE', #8670 ) ;
#438 = AXIS2_PLACEMENT_3D ( 'NONE', #866, #6257, #38 ) ;
#439 = EDGE_LOOP ( 'NONE', ( #2693, #6119, #4741, #4514 ) ) ;
#440 = ADVANCED_FACE ( 'NONE', ( #293 ), #2480, .T. ) ;
#441 = ORIENTED_EDGE ( 'NONE', *, *, #1829, .F. ) ;
#442 = VECTOR ( 'NONE', #5634, 1000.000000000000000 ) ;
#443 = VECTOR ( 'NONE', #5254, 1000.000000000000000 ) ;
#444 = AXIS2_PLACEMENT_3D ( 'NONE', #1630, #8457, #3169 ) ;
#445 = DIRECTION ( 'NONE',  ( -0.000000000000000000, 1.396592535537253342E-14, -1.000000000000000000 ) ) ;
#446 = CARTESIAN_POINT ( 'NONE',  ( -17.50000000000000355, 0.000000000000000000, 133.0000000000000000 ) ) ;
#447 = PLANE ( 'NONE',  #5991 ) ;
#448 = DIRECTION ( 'NONE',  ( 0.7205390348814880719, -2.524979466771431692E-16, -0.6934143777079141424 ) ) ;
#449 = COLOUR_RGB ( '',0.7921568627450980005, 0.8196078431372548767, 0.9333333333333333481 ) ;
#450 = CIRCLE ( 'NONE', #6007, 39.00000000000000000 ) ;
#451 = DIRECTION ( 'NONE',  ( -0.000000000000000000, -0.000000000000000000, -1.000000000000000000 ) ) ;
#452 = DIRECTION ( 'NONE',  ( 0.000000000000000000, 0.000000000000000000, 1.000000000000000000 ) ) ;
#453 = CARTESIAN_POINT ( 'NONE',  ( 22.20545528505526534, -170.7303505436726994, -9.285893317973650696 ) ) ;
#454 = ORIENTED_EDGE ( 'NONE', *, *, #7624, .T. ) ;
#455 = AXIS2_PLACEMENT_3D ( 'NONE', #4415, #628, #1429 ) ;
#456 = VERTEX_POINT ( 'NONE', #4872 ) ;
#457 = FACE_OUTER_BOUND ( 'NONE', #6421, .T. ) ;
#458 = DIRECTION ( 'NONE',  ( 0.000000000000000000, -1.000000000000000000, -7.195889974422310326E-15 ) ) ;
#459 = AXIS2_PLACEMENT_3D ( 'NONE', #5894, #2111, #4405 ) ;
#460 = DIRECTION ( 'NONE',  ( 0.000000000000000000, -1.000000000000000000, 0.000000000000000000 ) ) ;
#461 = CARTESIAN_POINT ( 'NONE',  ( 0.000000000000000000, 50.00000000000366640, -455.9999999999993179 ) ) ;
#462 = CARTESIAN_POINT ( 'NONE',  ( -19.47492241166495930, 38.36191617312337598, 32.64348957682624075 ) ) ;
#463 = FACE_OUTER_BOUND ( 'NONE', #4038, .T. ) ;
#464 = FACE_OUTER_BOUND ( 'NONE', #2033, .T. ) ;
#465 = ORIENTED_EDGE ( 'NONE', *, *, #6383, .T. ) ;
#466 = ORIENTED_EDGE ( 'NONE', *, *, #7737, .T. ) ;
#467 = AXIS2_PLACEMENT_3D ( 'NONE', #4848, #8691, #960 ) ;
#468 = UNCERTAINTY_MEASURE_WITH_UNIT (LENGTH_MEASURE( 1.000000000000000082E-05 ), #1403, 'distance_accuracy_value', 'NONE');
#469 = CARTESIAN_POINT ( 'NONE',  ( 34.51751045525493566, 54.22455240934098697, -98.99999999999964473 ) ) ;
#470 = DIRECTION ( 'NONE',  ( -1.000000000000000000, 0.000000000000000000, 0.000000000000000000 ) ) ;
#471 = AXIS2_PLACEMENT_3D ( 'NONE', #7583, #5968, #3691 ) ;
#472 = LINE ( 'NONE', #4964, #285 ) ;
#473 = UNCERTAINTY_MEASURE_WITH_UNIT (LENGTH_MEASURE( 1.000000000000000082E-05 ), #7945, 'distance_accuracy_value', 'NONE');
#474 = DIRECTION ( 'NONE',  ( 1.000000000000000000, 0.000000000000000000, 0.000000000000000000 ) ) ;
#475 = DIRECTION ( 'NONE',  ( -1.000000000000000000, -0.000000000000000000, 0.000000000000000000 ) ) ;
#476 = EDGE_LOOP ( 'NONE', ( #804, #93, #7647, #974 ) ) ;
#477 = ADVANCED_FACE ( 'NONE', ( #5668 ), #6425, .T. ) ;
#478 = EDGE_CURVE ( 'NONE', #2606, #335, #3361, .T. ) ;
#479 = ADVANCED_FACE ( 'NONE', ( #6323 ), #1936, .F. ) ;
#480 = DIRECTION ( 'NONE',  ( 0.000000000000000000, -1.000000000000000000, -7.195889974422310326E-15 ) ) ;
#481 = CARTESIAN_POINT ( 'NONE',  ( 16.87151194522935072, 28.12980886285696513, 39.00776591781977487 ) ) ;
#482 = CARTESIAN_POINT ( 'NONE',  ( -21.41339544593833111, -169.2816994800511736, -9.042546674575053345 ) ) ;
#483 = CIRCLE ( 'NONE', #4944, 8.000000000000000000 ) ;
#484 = CARTESIAN_POINT ( 'NONE',  ( 1.539749897050354256E-14, 44.00000000000017053, -159.9999999999996874 ) ) ;
#485 = DIRECTION ( 'NONE',  ( 0.000000000000000000, 1.000000000000000000, 1.110223024624657980E-14 ) ) ;
#486 = VERTEX_POINT ( 'NONE', #6473 ) ;
#487 = VERTEX_POINT ( 'NONE', #4778 ) ;
#488 = ORIENTED_EDGE ( 'NONE', *, *, #3540, .F. ) ;
#489 = VERTEX_POINT ( 'NONE', #3379 ) ;
#490 = AXIS2_PLACEMENT_3D ( 'NONE', #2050, #2004, #7905 ) ;
#491 = AXIS2_PLACEMENT_3D ( 'NONE', #4393, #7446, #5975 ) ;
#492 = EDGE_CURVE ( 'NONE', #2437, #7404, #7831, .T. ) ;
#493 = DIRECTION ( 'NONE',  ( 0.000000000000000000, 1.000000000000000000, 1.110223024625425226E-14 ) ) ;
#494 = CARTESIAN_POINT ( 'NONE',  ( -36.00000000000000000, -201.1999999999999886, 11.95826074310138054 ) ) ;
#495 = EDGE_CURVE ( 'NONE', #7452, #4797, #6200, .T. ) ;
#496 = FILL_AREA_STYLE_COLOUR ( '', #2667 ) ;
#497 = ADVANCED_BREP_SHAPE_REPRESENTATION ( '', ( #3406, #2024 ), #3464 ) ;
#498 = DIRECTION ( 'NONE',  ( 0.5706767368324526801, 3.794126399696626817E-17, -0.8211748060177342934 ) ) ;
#499 = EDGE_LOOP ( 'NONE', ( #8371, #4125, #7948, #9198 ) ) ;
#500 = CARTESIAN_POINT ( 'NONE',  ( -22.19671406479320552, 23.24310270393790034, -30.84379017646312704 ) ) ;
#501 = AXIS2_PLACEMENT_3D ( 'NONE', #1758, #4789, #5429 ) ;
#502 = DIRECTION ( 'NONE',  ( 0.000000000000000000, 6.982962677686266711E-15, -1.000000000000000000 ) ) ;
#503 = VERTEX_POINT ( 'NONE', #2679 ) ;
#504 = ORIENTED_EDGE ( 'NONE', *, *, #5881, .F. ) ;
#505 = CARTESIAN_POINT ( 'NONE',  ( -8.000000000000003553, -145.5999999999999659, -4.999999999999999112 ) ) ;
#506 = DIRECTION ( 'NONE',  ( -1.000000000000000000, 1.541976423090496866E-16, 0.000000000000000000 ) ) ;
#507 = CIRCLE ( 'NONE', #3040, 4.499999999999998224 ) ;
#508 = DIRECTION ( 'NONE',  ( 0.000000000000000000, 0.000000000000000000, 1.000000000000000000 ) ) ;
#509 = AXIS2_PLACEMENT_3D ( 'NONE', #4080, #8099, #519 ) ;
#510 = DIRECTION ( 'NONE',  ( -0.2249990868562107282, -0.9743589743589738950, -0.000000000000000000 ) ) ;
#511 = CARTESIAN_POINT ( 'NONE',  ( 1.539749897050354256E-14, 44.00000000000014921, -156.9999999999997158 ) ) ;
#512 = DIRECTION ( 'NONE',  ( 0.000000000000000000, 6.982962677686266711E-15, -1.000000000000000000 ) ) ;
#513 = LINE ( 'NONE', #4445, #4280 ) ;
#514 = ORIENTED_EDGE ( 'NONE', *, *, #296, .F. ) ;
#515 = VERTEX_POINT ( 'NONE', #5716 ) ;
#516 = AXIS2_PLACEMENT_3D ( 'NONE', #1551, #9026, #9733 ) ;
#517 = CARTESIAN_POINT ( 'NONE',  ( 41.57102972101732519, 19.78660200232219069, 8.882374446587830263 ) ) ;
#518 = FACE_OUTER_BOUND ( 'NONE', #4833, .T. ) ;
#519 = DIRECTION ( 'NONE',  ( 1.224646799147350742E-16, 1.000000000000000000, 0.000000000000000000 ) ) ;
#520 = CARTESIAN_POINT ( 'NONE',  ( 56.00000000000000000, 32.79999999999998295, -8.999999999999994671 ) ) ;
#521 = DIRECTION ( 'NONE',  ( 0.000000000000000000, -0.000000000000000000, -1.000000000000000000 ) ) ;
#522 = CARTESIAN_POINT ( 'NONE',  ( 22.50000000000000355, 2.755455298081545172E-15, -19.00000000000000000 ) ) ;
#523 = ORIENTED_EDGE ( 'NONE', *, *, #9001, .F. ) ;
#524 = DIRECTION ( 'NONE',  ( 0.000000000000000000, -0.000000000000000000, 1.000000000000000000 ) ) ;
#525 = LINE ( 'NONE', #8849, #5423 ) ;
#526 = CARTESIAN_POINT ( 'NONE',  ( -33.07375552197759561, -30.51436867563306521, -8.999999999999998224 ) ) ;
#527 = VECTOR ( 'NONE', #5624, 1000.000000000000000 ) ;
#528 = FACE_OUTER_BOUND ( 'NONE', #9628, .T. ) ;
#529 = EDGE_CURVE ( 'NONE', #1922, #7724, #4955, .T. ) ;
#530 = CARTESIAN_POINT ( 'NONE',  ( 38.89087296526012238, 38.89087296526356141, -440.9999999999994316 ) ) ;
#531 = ORIENTED_EDGE ( 'NONE', *, *, #9453, .F. ) ;
#532 = EDGE_CURVE ( 'NONE', #8823, #2443, #4159, .T. ) ;
#533 = ORIENTED_EDGE ( 'NONE', *, *, #2674, .F. ) ;
#534 = ORIENTED_EDGE ( 'NONE', *, *, #8347, .F. ) ;
#535 = DIRECTION ( 'NONE',  ( 0.000000000000000000, 0.000000000000000000, -1.000000000000000000 ) ) ;
#536 =( REPRESENTATION_RELATIONSHIP ('NONE','NONE', #4268, #8339 ) REPRESENTATION_RELATIONSHIP_WITH_TRANSFORMATION ( #6165 )SHAPE_REPRESENTATION_RELATIONSHIP( ) );
#537 = ORIENTED_EDGE ( 'NONE', *, *, #8102, .T. ) ;
#538 = VECTOR ( 'NONE', #8950, 1000.000000000000000 ) ;
#539 = CIRCLE ( 'NONE', #1032, 3.000000000000002665 ) ;
#540 = CARTESIAN_POINT ( 'NONE',  ( 5.476910712114332114, 11.00237522189742023, 42.14903695711816312 ) ) ;
#541 = DIRECTION ( 'NONE',  ( -0.000000000000000000, -1.396592535537253342E-14, 1.000000000000000000 ) ) ;
#542 = CARTESIAN_POINT ( 'NONE',  ( -64.56989347527211009, 47.23059238027838092, -61.00000000000000000 ) ) ;
#543 = ADVANCED_FACE ( 'NONE', ( #6273 ), #5519, .F. ) ;
#544 = ORIENTED_EDGE ( 'NONE', *, *, #1882, .T. ) ;
#545 = DIRECTION ( 'NONE',  ( 0.000000000000000000, -1.000000000000000000, 0.000000000000000000 ) ) ;
#546 = EDGE_CURVE ( 'NONE', #6907, #5778, #7879, .T. ) ;
#547 = CARTESIAN_POINT ( 'NONE',  ( -6.735557395310464703E-15, -54.99999999999634070, -456.0000000000007958 ) ) ;
#548 = ORIENTED_EDGE ( 'NONE', *, *, #5767, .F. ) ;
#549 = AXIS2_PLACEMENT_3D ( 'NONE', #6010, #1639, #8518 ) ;
#550 = ORIENTED_EDGE ( 'NONE', *, *, #3408, .T. ) ;
#551 = DIRECTION ( 'NONE',  ( 0.000000000000000000, 1.000000000000000000, 1.396592535537253184E-14 ) ) ;
#552 = AXIS2_PLACEMENT_3D ( 'NONE', #933, #1634, #5408 ) ;
#553 = DIRECTION ( 'NONE',  ( 0.000000000000000000, 1.000000000000000000, 0.000000000000000000 ) ) ;
#554 = ADVANCED_FACE ( 'NONE', ( #2722 ), #7276, .T. ) ;
#555 = LINE ( 'NONE', #936, #2452 ) ;
#556 =( LENGTH_UNIT ( ) NAMED_UNIT ( * ) SI_UNIT ( .MILLI., .METRE. ) );
#557 = DIRECTION ( 'NONE',  ( 0.000000000000000000, 0.000000000000000000, 1.000000000000000000 ) ) ;
#558 = CARTESIAN_POINT ( 'NONE',  ( -11.37904571058131964, 46.46461770933868962, 36.27866445864791700 ) ) ;
#559 = FACE_OUTER_BOUND ( 'NONE', #8281, .T. ) ;
#560 = VECTOR ( 'NONE', #105, 1000.000000000000114 ) ;
#561 = CARTESIAN_POINT ( 'NONE',  ( 0.000000000000000000, 0.000000000000000000, -38.99999999999998579 ) ) ;
#562 = PRODUCT_DEFINITION_SHAPE ( 'NONE', 'NONE',  #9846 ) ;
#563 = ORIENTED_EDGE ( 'NONE', *, *, #7497, .F. ) ;
#564 = EDGE_LOOP ( 'NONE', ( #2617, #2686, #3713, #6592, #5990, #3875 ) ) ;
#565 = ORIENTED_EDGE ( 'NONE', *, *, #1337, .F. ) ;
#566 = CARTESIAN_POINT ( 'NONE',  ( 38.24240955119586260, 16.21864416169036716, 18.55942640720025238 ) ) ;
#567 = FACE_BOUND ( 'NONE', #2296, .T. ) ;
#568 = DIRECTION ( 'NONE',  ( -0.9588197348681928300, -0.2840153447039234780, -3.966537103915394834E-15 ) ) ;
#569 = DIRECTION ( 'NONE',  ( 0.000000000000000000, 0.000000000000000000, 1.000000000000000000 ) ) ;
#570 = DIRECTION ( 'NONE',  ( 0.000000000000000000, -1.000000000000000000, -1.110223024625866357E-14 ) ) ;
#571 = ORIENTED_EDGE ( 'NONE', *, *, #239, .T. ) ;
#572 = DIRECTION ( 'NONE',  ( -0.000000000000000000, 0.000000000000000000, 1.000000000000000000 ) ) ;
#573 = CARTESIAN_POINT ( 'NONE',  ( 0.000000000000000000, 4.299999999999999822, 0.000000000000000000 ) ) ;
#574 = LINE ( 'NONE', #1979, #1411 ) ;
#575 = FACE_OUTER_BOUND ( 'NONE', #7122, .T. ) ;
#576 = AXIS2_PLACEMENT_3D ( 'NONE', #5152, #5936, #6973 ) ;
#577 = LINE ( 'NONE', #5167, #5515 ) ;
#578 = EDGE_LOOP ( 'NONE', ( #7004, #9013, #9287, #3568 ) ) ;
#579 = ORIENTED_EDGE ( 'NONE', *, *, #5933, .T. ) ;
#580 = ORIENTED_EDGE ( 'NONE', *, *, #2911, .T. ) ;
#581 = ORIENTED_EDGE ( 'NONE', *, *, #6908, .F. ) ;
#582 = EDGE_CURVE ( 'NONE', #6055, #2873, #8160, .T. ) ;
#583 = CIRCLE ( 'NONE', #9185, 2.999999999999999112 ) ;
#584 = VERTEX_POINT ( 'NONE', #1590 ) ;
#585 = EDGE_CURVE ( 'NONE', #9722, #9475, #3001, .T. ) ;
#586 = CARTESIAN_POINT ( 'NONE',  ( 0.000000000000000000, 90.00000000000000000, -42.50000000000000711 ) ) ;
#587 = DIRECTION ( 'NONE',  ( 0.000000000000000000, 0.000000000000000000, 1.000000000000000000 ) ) ;
#588 = CIRCLE ( 'NONE', #9021, 36.00000000000000000 ) ;
#589 = SHAPE_DEFINITION_REPRESENTATION ( #6495, #6310 ) ;
#590 = VERTEX_POINT ( 'NONE', #9562 ) ;
#591 = CARTESIAN_POINT ( 'NONE',  ( -22.46113493917507142, 25.47922080561386693, -30.65136572765764100 ) ) ;
#592 = CARTESIAN_POINT ( 'NONE',  ( 36.00000000000000000, -201.1999999999999886, 11.95826074310140541 ) ) ;
#593 = ORIENTED_EDGE ( 'NONE', *, *, #6699, .T. ) ;
#594 = VECTOR ( 'NONE', #5487, 1000.000000000000000 ) ;
#595 = ORIENTED_EDGE ( 'NONE', *, *, #7816, .T. ) ;
#596 = CARTESIAN_POINT ( 'NONE',  ( -16.67836702191136311, 29.78457769489210705, 39.09087317916550575 ) ) ;
#597 = CYLINDRICAL_SURFACE ( 'NONE', #950, 1.000000000000000000 ) ;
#598 = VECTOR ( 'NONE', #1657, 1000.000000000000000 ) ;
#599 = EDGE_CURVE ( 'NONE', #1921, #892, #164, .T. ) ;
#600 = EDGE_CURVE ( 'NONE', #6604, #2384, #7023, .T. ) ;
#601 = EDGE_CURVE ( 'NONE', #6582, #3633, #8267, .T. ) ;
#602 = CARTESIAN_POINT ( 'NONE',  ( -36.73243031067841713, 14.46713570837791352, -21.38052015231717107 ) ) ;
#603 = MECHANICAL_DESIGN_GEOMETRIC_PRESENTATION_REPRESENTATION (  '', ( #3785 ), #2522 ) ;
#604 = CIRCLE ( 'NONE', #4422, 36.00000000000000000 ) ;
#605 = CARTESIAN_POINT ( 'NONE',  ( -22.50000000000000355, 27.00000000000000355, -30.62270399556512857 ) ) ;
#606 = DIRECTION ( 'NONE',  ( -0.2840153447039234225, -0.9588197348681927190, -6.695402423213631037E-15 ) ) ;
#607 = CARTESIAN_POINT ( 'NONE',  ( 0.000000000000000000, 0.000000000000000000, 0.000000000000000000 ) ) ;
#608 = CIRCLE ( 'NONE', #1409, 39.00000000000000000 ) ;
#609 = CARTESIAN_POINT ( 'NONE',  ( 1.539749897050354256E-14, 44.00000000000093792, -270.9999999999996589 ) ) ;
#610 = ORIENTED_EDGE ( 'NONE', *, *, #1376, .F. ) ;
#611 = ORIENTED_EDGE ( 'NONE', *, *, #9640, .T. ) ;
#612 = AXIS2_PLACEMENT_3D ( 'NONE', #4501, #1519, #6139 ) ;
#613 = ORIENTED_EDGE ( 'NONE', *, *, #2363, .T. ) ;
#614 = EDGE_CURVE ( 'NONE', #948, #4175, #432, .T. ) ;
#615 = CARTESIAN_POINT ( 'NONE',  ( -46.49956922558553885, -13.77379991453900843, -403.0000000000001705 ) ) ;
#616 = DIRECTION ( 'NONE',  ( 0.000000000000000000, -0.000000000000000000, 1.000000000000000000 ) ) ;
#617 = DIRECTION ( 'NONE',  ( 1.000000000000000000, 0.000000000000000000, 0.000000000000000000 ) ) ;
#618 = DIRECTION ( 'NONE',  ( 0.000000000000000000, 1.396592535537253342E-14, -1.000000000000000000 ) ) ;
#619 = DIRECTION ( 'NONE',  ( 1.000000000000000000, 0.000000000000000000, 0.000000000000000000 ) ) ;
#620 = CARTESIAN_POINT ( 'NONE',  ( -6.999999999999984013, -145.5999999999999659, 4.999999999999999112 ) ) ;
#621 = CARTESIAN_POINT ( 'NONE',  ( -37.11123950955698092, 14.99518058349636007, 20.72892591958068564 ) ) ;
#622 = LINE ( 'NONE', #2159, #4733 ) ;
#623 = EDGE_LOOP ( 'NONE', ( #9598, #2521 ) ) ;
#624 = AXIS2_PLACEMENT_3D ( 'NONE', #1776, #4759, #966 ) ;
#625 = DIRECTION ( 'NONE',  ( 0.000000000000000000, 1.000000000000000000, 1.110223024625799620E-14 ) ) ;
#626 = DIRECTION ( 'NONE',  ( -0.9743589743589743390, -0.2249990868562079249, 0.000000000000000000 ) ) ;
#627 = CARTESIAN_POINT ( 'NONE',  ( 0.000000000000000000, 78.39999999999999147, 0.000000000000000000 ) ) ;
#628 = DIRECTION ( 'NONE',  ( 1.541976423090495633E-16, 1.000000000000000000, -0.000000000000000000 ) ) ;
#629 = CARTESIAN_POINT ( 'NONE',  ( 0.000000000000000000, 55.00000000000345324, -440.9999999999992042 ) ) ;
#630 = ORIENTED_EDGE ( 'NONE', *, *, #7799, .T. ) ;
#631 = EDGE_LOOP ( 'NONE', ( #6433, #6250, #9514, #692, #4374 ) ) ;
#632 = CARTESIAN_POINT ( 'NONE',  ( -27.00000000000000000, 0.000000000000000000, 19.00000000000000000 ) ) ;
#633 = EDGE_LOOP ( 'NONE', ( #1439, #8140, #4934, #1968 ) ) ;
#634 = VERTEX_POINT ( 'NONE', #4224 ) ;
#635 = STYLED_ITEM ( 'NONE', ( #6187 ), #6547 ) ;
#636 = CARTESIAN_POINT ( 'NONE',  ( 29.16285176210240948, 10.38167718183462007, -24.36467701155948262 ) ) ;
#637 = CARTESIAN_POINT ( 'NONE',  ( 35.07143880316126427, 11.12454452648508685, 24.00602875074607567 ) ) ;
#638 = CARTESIAN_POINT ( 'NONE',  ( 0.000000000000000000, 27.00000000000000000, -19.00000000000000000 ) ) ;
#639 = EDGE_LOOP ( 'NONE', ( #5473, #6085, #4370, #1102, #2173 ) ) ;
#640 = CARTESIAN_POINT ( 'NONE',  ( -38.00000000000000000, -171.1999999999999886, 8.999999999999987566 ) ) ;
#641 = DIRECTION ( 'NONE',  ( -0.000000000000000000, -1.396592535537253342E-14, 1.000000000000000000 ) ) ;
#642 = ORIENTED_EDGE ( 'NONE', *, *, #9267, .T. ) ;
#643 = AXIS2_PLACEMENT_3D ( 'NONE', #2610, #4153, #9542 ) ;
#644 = EDGE_CURVE ( 'NONE', #2685, #9046, #9549, .T. ) ;
#645 = ORIENTED_EDGE ( 'NONE', *, *, #1331, .F. ) ;
#646 = CARTESIAN_POINT ( 'NONE',  ( -3.423796334164753491E-16, 0.000000000000000000, -9.000000000000007105 ) ) ;
#647 = DIRECTION ( 'NONE',  ( -0.000000000000000000, 0.000000000000000000, 1.000000000000000000 ) ) ;
#648 = PLANE ( 'NONE',  #2916 ) ;
#649 = CARTESIAN_POINT ( 'NONE',  ( -8.999999999999991118, -55.60000000000000853, 9.000000000000000000 ) ) ;
#650 = DIRECTION ( 'NONE',  ( 0.000000000000000000, -0.000000000000000000, -1.000000000000000000 ) ) ;
#651 = CIRCLE ( 'NONE', #7042, 38.00000000000000711 ) ;
#652 = CIRCLE ( 'NONE', #1143, 36.00000000000000000 ) ;
#653 = PRODUCT_DEFINITION_SHAPE ( 'NONE', 'NONE',  #1199 ) ;
#654 = LINE ( 'NONE', #9780, #5111 ) ;
#655 = DIRECTION ( 'NONE',  ( -0.000000000000000000, -0.000000000000000000, 1.000000000000000000 ) ) ;
#656 = ADVANCED_FACE ( 'NONE', ( #3668 ), #3982, .T. ) ;
#657 = EDGE_CURVE ( 'NONE', #2958, #1347, #9556, .T. ) ;
#658 = ORIENTED_EDGE ( 'NONE', *, *, #4817, .T. ) ;
#659 = EDGE_CURVE ( 'NONE', #7424, #2979, #3651, .T. ) ;
#660 = ORIENTED_EDGE ( 'NONE', *, *, #843, .T. ) ;
#661 = AXIS2_PLACEMENT_3D ( 'NONE', #1372, #4970, #625 ) ;
#662 = EDGE_LOOP ( 'NONE', ( #2789, #3747, #114, #8030, #9069 ) ) ;
#663 = CARTESIAN_POINT ( 'NONE',  ( -14.89999999999997549, 1.947188410644290197E-15, -41.00000000000000000 ) ) ;
#664 = CARTESIAN_POINT ( 'NONE',  ( 0.000000000000000000, 0.000000000000000000, 55.99999999999999289 ) ) ;
#665 = DIRECTION ( 'NONE',  ( 0.000000000000000000, -0.000000000000000000, -1.000000000000000000 ) ) ;
#666 = CIRCLE ( 'NONE', #6245, 42.50000000000000711 ) ;
#667 = CARTESIAN_POINT ( 'NONE',  ( -64.56989347527211009, 47.23059238027838092, 15.00000000000000000 ) ) ;
#668 = DIRECTION ( 'NONE',  ( 0.000000000000000000, 1.396592535537253342E-14, -1.000000000000000000 ) ) ;
#669 = AXIS2_PLACEMENT_3D ( 'NONE', #5606, #3909, #7861 ) ;
#670 = FACE_OUTER_BOUND ( 'NONE', #3500, .T. ) ;
#671 = LINE ( 'NONE', #3712, #9364 ) ;
#672 = ORIENTED_EDGE ( 'NONE', *, *, #9750, .F. ) ;
#673 = EDGE_CURVE ( 'NONE', #1117, #7337, #8995, .T. ) ;
#674 = EDGE_CURVE ( 'NONE', #6527, #171, #574, .T. ) ;
#675 = B_SPLINE_CURVE_WITH_KNOTS ( 'NONE', 3,
 ( #2271, #5312, #8355, #9312, #7121, #1030, #4027, #2475, #286, #6265, #3222, #3325, #9361, #7076, #237, #4773, #6369, #5569, #5620, #6316, #9412, #2582, #2531, #5512, #8563, #7030, #8614, #8663 ),
 .UNSPECIFIED., .F., .F.,
 ( 4, 2, 2, 2, 2, 2, 2, 2, 2, 2, 2, 2, 2, 4 ),
 ( 0.007077448531226340767, 0.009804615744934941021, 0.01253178295864354128, 0.01798611738606073832, 0.02071328459976932990, 0.02207686820662362742, 0.02344045181347792148, 0.02889478624089510117, 0.03162195345460369622, 0.03434912066831229127, 0.03980345509572946749, 0.04253062230943806254, 0.04525778952314665066, 0.05071212395056384076 ),
 .UNSPECIFIED. ) ;
#676 = CARTESIAN_POINT ( 'NONE',  ( 10.10354833807047292, 47.15765895799403751, -36.65865478851088000 ) ) ;
#677 = CARTESIAN_POINT ( 'NONE',  ( 46.49956922558554595, -13.77379991454191632, 0.000000000000000000 ) ) ;
#678 =( BOUNDED_SURFACE ( )  B_SPLINE_SURFACE ( 3, 2, ( 
 ( #7602, #7013, #9301 ),
 ( #6863, #7654, #3809 ),
 ( #9189, #3154, #812 ),
 ( #3753, #6193, #2462 ),
 ( #7555, #714, #2412 ),
 ( #6808, #3009, #6042 ) ),
 .UNSPECIFIED., .F., .F., .T. ) 
 B_SPLINE_SURFACE_WITH_KNOTS ( ( 4, 2, 4 ),
 ( 3, 3 ),
 ( 0.000000000000000000, 0.004411853782887460891, 0.008823707565774921782 ),
 ( 0.000000000000000000, 1.000000000000000000 ),
 .UNSPECIFIED. ) 
 GEOMETRIC_REPRESENTATION_ITEM ( )  RATIONAL_B_SPLINE_SURFACE ( (
 ( 1.000000000000000000, 0.7071067811865475727, 1.000000000000000000),
 ( 1.000000000000000000, 0.7167217121887273779, 1.000000000000000000),
 ( 1.000000000000000000, 0.7239293624828415652, 1.000000000000000000),
 ( 1.000000000000000000, 0.7335575311267907850, 1.000000000000000000),
 ( 1.000000000000000000, 0.7359783963878643309, 1.000000000000000000),
 ( 1.000000000000000000, 0.7359800721939872004, 1.000000000000000000) ) ) 
 REPRESENTATION_ITEM ( '' )  SURFACE ( )  );
#679 = CARTESIAN_POINT ( 'NONE',  ( 6.123233995736769241E-16, 60.00000000000345324, -440.9999999999991473 ) ) ;
#680 = CARTESIAN_POINT ( 'NONE',  ( 0.000000000000000000, 3.001792575929515181E-13, -178.0000000000000284 ) ) ;
#681 = ORIENTED_EDGE ( 'NONE', *, *, #9064, .F. ) ;
#682 = VERTEX_POINT ( 'NONE', #5211 ) ;
#683 = ORIENTED_EDGE ( 'NONE', *, *, #365, .F. ) ;
#684 = CIRCLE ( 'NONE', #6267, 14.89999999999999680 ) ;
#685 = DIRECTION ( 'NONE',  ( 0.000000000000000000, 1.396592535537253342E-14, -1.000000000000000000 ) ) ;
#686 = DIRECTION ( 'NONE',  ( 1.000000000000000000, 0.000000000000000000, 0.000000000000000000 ) ) ;
#687 = CARTESIAN_POINT ( 'NONE',  ( -38.00000000000000000, 0.000000000000000000, 4.499999999999983125 ) ) ;
#688 = PRODUCT_CONTEXT ( 'NONE', #4407, 'mechanical' ) ;
#689 = VERTEX_POINT ( 'NONE', #1181 ) ;
#690 = FACE_OUTER_BOUND ( 'NONE', #7897, .T. ) ;
#691 = DIRECTION ( 'NONE',  ( 0.000000000000000000, -1.396592535537253342E-14, 1.000000000000000000 ) ) ;
#692 = ORIENTED_EDGE ( 'NONE', *, *, #3574, .F. ) ;
#693 = ORIENTED_EDGE ( 'NONE', *, *, #1780, .F. ) ;
#694 = CIRCLE ( 'NONE', #7400, 2.999999999999999112 ) ;
#695 = CARTESIAN_POINT ( 'NONE',  ( -2.791340234946324550, 43.67714785499163810, 42.41175622026236880 ) ) ;
#696 = CARTESIAN_POINT ( 'NONE',  ( -38.00000000000000000, 0.000000000000000000, -1.514518439508615042E-14 ) ) ;
#697 = VERTEX_POINT ( 'NONE', #8057 ) ;
#698 = CARTESIAN_POINT ( 'NONE',  ( -38.00000000000000000, 8.774964387392127918, -9.000000000000012434 ) ) ;
#699 = DIRECTION ( 'NONE',  ( -0.000000000000000000, -0.000000000000000000, 1.000000000000000000 ) ) ;
#700 = CARTESIAN_POINT ( 'NONE',  ( -3.009083530915206417, 49.34798584471155891, 37.90942098416364558 ) ) ;
#701 = DIRECTION ( 'NONE',  ( 1.000000000000000000, 0.000000000000000000, 0.000000000000000000 ) ) ;
#702 = DIRECTION ( 'NONE',  ( 0.000000000000000000, -1.000000000000000000, 0.000000000000000000 ) ) ;
#703 = CARTESIAN_POINT ( 'NONE',  ( -41.82328895880188924, 20.05526521081598901, -7.567150892993738331 ) ) ;
#704 = DIRECTION ( 'NONE',  ( -0.000000000000000000, -1.000000000000000000, 0.000000000000000000 ) ) ;
#705 = AXIS2_PLACEMENT_3D ( 'NONE', #725, #7619, #4660 ) ;
#706 = ORIENTED_EDGE ( 'NONE', *, *, #2244, .F. ) ;
#707 = ORIENTED_EDGE ( 'NONE', *, *, #8992, .T. ) ;
#708 = ORIENTED_EDGE ( 'NONE', *, *, #4817, .F. ) ;
#709 = CARTESIAN_POINT ( 'NONE',  ( -14.50000000000000533, 1.775737858763662804E-15, 130.0000000000000000 ) ) ;
#710 = EDGE_CURVE ( 'NONE', #5866, #4830, #8468, .T. ) ;
#711 = DIRECTION ( 'NONE',  ( -0.000000000000000000, -0.000000000000000000, -1.000000000000000000 ) ) ;
#712 = CARTESIAN_POINT ( 'NONE',  ( 0.000000000000000000, 5.445829513119706258E-13, -213.0000000000000000 ) ) ;
#713 = EDGE_CURVE ( 'NONE', #6739, #6505, #6673, .T. ) ;
#714 = CARTESIAN_POINT ( 'NONE',  ( 35.99999999993861621, 1.369582187388807215, -9.198662110058810626 ) ) ;
#715 = DIRECTION ( 'NONE',  ( 0.000000000000000000, 0.000000000000000000, 1.000000000000000000 ) ) ;
#716 = CARTESIAN_POINT ( 'NONE',  ( -55.00000000000000000, 3.662440221805259667E-12, -456.0000000000000000 ) ) ;
#717 = DIRECTION ( 'NONE',  ( 0.000000000000000000, -1.396592535537253342E-14, 1.000000000000000000 ) ) ;
#718 = CARTESIAN_POINT ( 'NONE',  ( 36.00000000000000000, -201.1999999999999886, 19.00000000000000000 ) ) ;
#719 = ORIENTED_EDGE ( 'NONE', *, *, #3157, .F. ) ;
#720 = EDGE_CURVE ( 'NONE', #7919, #8239, #2867, .T. ) ;
#721 = CARTESIAN_POINT ( 'NONE',  ( 17.84990370404203475, 40.77485679860548373, -33.55966257948909970 ) ) ;
#722 = PLANE ( 'NONE',  #4636 ) ;
#723 = EDGE_CURVE ( 'NONE', #7185, #4920, #5119, .T. ) ;
#724 = CARTESIAN_POINT ( 'NONE',  ( -36.00000000000000000, -199.8391218349300971, 11.95826074310521925 ) ) ;
#725 = CARTESIAN_POINT ( 'NONE',  ( -38.89087296526011528, 38.89087296526356852, -440.9999999999994316 ) ) ;
#726 = ORIENTED_EDGE ( 'NONE', *, *, #659, .T. ) ;
#727 = ORIENTED_EDGE ( 'NONE', *, *, #4333, .T. ) ;
#728 = DIRECTION ( 'NONE',  ( 0.000000000000000000, 1.000000000000000000, 1.387778780781445676E-14 ) ) ;
#729 = VERTEX_POINT ( 'NONE', #2315 ) ;
#730 = ADVANCED_FACE ( 'NONE', ( #5351 ), #678, .F. ) ;
#731 = AXIS2_PLACEMENT_3D ( 'NONE', #5615, #9551, #2015 ) ;
#732 = CARTESIAN_POINT ( 'NONE',  ( 22.50000000000000711, 28.52715722998283709, 30.62270399556518896 ) ) ;
#733 = CARTESIAN_POINT ( 'NONE',  ( -35.07692307692307310, -193.1000328731765023, -12.00000000000001599 ) ) ;
#734 = SHAPE_DEFINITION_REPRESENTATION ( #653, #1375 ) ;
#735 = EDGE_LOOP ( 'NONE', ( #719, #6286, #7532, #2485 ) ) ;
#736 = DIRECTION ( 'NONE',  ( 0.000000000000000000, 0.000000000000000000, -1.000000000000000000 ) ) ;
#737 = VECTOR ( 'NONE', #6727, 1000.000000000000114 ) ;
#738 = ORIENTED_EDGE ( 'NONE', *, *, #9282, .T. ) ;
#739 = ORIENTED_EDGE ( 'NONE', *, *, #6032, .T. ) ;
#740 = CARTESIAN_POINT ( 'NONE',  ( 36.00000000000000000, -199.8324372353107492, -11.95826074310139120 ) ) ;
#741 = VECTOR ( 'NONE', #5697, 1000.000000000000000 ) ;
#742 = CARTESIAN_POINT ( 'NONE',  ( 31.42808655499917947, 14.50640951630060549, 21.37304537930137727 ) ) ;
#743 = PRODUCT_DEFINITION_FORMATION_WITH_SPECIFIED_SOURCE ( 'ANY', '', #6249, .NOT_KNOWN. ) ;
#744 = VERTEX_POINT ( 'NONE', #9093 ) ;
#745 = VECTOR ( 'NONE', #6589, 1000.000000000000000 ) ;
#746 = SURFACE_STYLE_USAGE ( .BOTH. , #9417 ) ;
#747 = CARTESIAN_POINT ( 'NONE',  ( -29.48374795605157317, 11.18990534293354067, -23.97420374438104318 ) ) ;
#748 = DIRECTION ( 'NONE',  ( 0.000000000000000000, 0.000000000000000000, -1.000000000000000000 ) ) ;
#749 = DIRECTION ( 'NONE',  ( -0.000000000000000000, 0.000000000000000000, 1.000000000000000000 ) ) ;
#750 = TOROIDAL_SURFACE ( 'NONE', #6335, 7.000000000000000000, 1.000000000000000000 ) ;
#751 = DIRECTION ( 'NONE',  ( 0.000000000000000000, 0.000000000000000000, 1.000000000000000000 ) ) ;
#752 = CARTESIAN_POINT ( 'NONE',  ( 46.49956922558554595, 13.77379991454176889, -113.9999999999999289 ) ) ;
#753 = LINE ( 'NONE', #3000, #1177 ) ;
#754 = ORIENTED_EDGE ( 'NONE', *, *, #1703, .T. ) ;
#755 = VECTOR ( 'NONE', #5397, 1000.000000000000000 ) ;
#756 = ORIENTED_EDGE ( 'NONE', *, *, #3157, .T. ) ;
#757 = ORIENTED_EDGE ( 'NONE', *, *, #5049, .F. ) ;
#758 = AXIS2_PLACEMENT_3D ( 'NONE', #8704, #1972, #9502 ) ;
#759 = DIRECTION ( 'NONE',  ( 1.000000000000000000, 1.776356839400250465E-15, 0.000000000000000000 ) ) ;
#760 = CIRCLE ( 'NONE', #5848, 36.00000000000000000 ) ;
#761 = FACE_OUTER_BOUND ( 'NONE', #425, .T. ) ;
#762 = DIRECTION ( 'NONE',  ( 0.000000000000000000, 0.000000000000000000, 1.000000000000000000 ) ) ;
#763 = DIRECTION ( 'NONE',  ( 0.2840153447039234225, -0.9588197348681927190, -1.339080484642726207E-14 ) ) ;
#764 = PLANE ( 'NONE',  #2527 ) ;
#765 = FACE_OUTER_BOUND ( 'NONE', #3106, .T. ) ;
#766 = AXIS2_PLACEMENT_3D ( 'NONE', #8026, #8819, #498 ) ;
#767 = AXIS2_PLACEMENT_3D ( 'NONE', #4761, #3209, #4700 ) ;
#768 = ORIENTED_EDGE ( 'NONE', *, *, #1104, .T. ) ;
#769 = EDGE_CURVE ( 'NONE', #289, #6948, #1262, .T. ) ;
#770 = DIRECTION ( 'NONE',  ( 1.224646799147351975E-16, 1.000000000000000000, 0.000000000000000000 ) ) ;
#771 = DIRECTION ( 'NONE',  ( -0.000000000000000000, -0.000000000000000000, 1.000000000000000000 ) ) ;
#772 = CARTESIAN_POINT ( 'NONE',  ( 1.539749897050354256E-14, 43.99999999999987210, -116.9999999999997158 ) ) ;
#773 = DIRECTION ( 'NONE',  ( 0.7808688094430302762, 0.6246950475544242876, 0.000000000000000000 ) ) ;
#774 = EDGE_LOOP ( 'NONE', ( #8772, #8212, #2224, #7047 ) ) ;
#775 = EDGE_CURVE ( 'NONE', #5087, #1003, #4648, .T. ) ;
#776 = ORIENTED_EDGE ( 'NONE', *, *, #2479, .T. ) ;
#777 = EDGE_CURVE ( 'NONE', #399, #6331, #3979, .T. ) ;
#778 = EDGE_CURVE ( 'NONE', #9046, #2685, #369, .T. ) ;
#779 = AXIS2_PLACEMENT_3D ( 'NONE', #1358, #9029, #1509 ) ;
#780 = VERTEX_POINT ( 'NONE', #2516 ) ;
#781 = DIRECTION ( 'NONE',  ( -0.000000000000000000, -0.000000000000000000, -1.000000000000000000 ) ) ;
#782 = CARTESIAN_POINT ( 'NONE',  ( -38.74999999995428368, 1.474284678808428728, 8.968695557329857238 ) ) ;
#783 = CARTESIAN_POINT ( 'NONE',  ( -38.00000000000000000, 60.00000000000000000, -1.514518439508615042E-14 ) ) ;
#784 = FACE_OUTER_BOUND ( 'NONE', #9212, .T. ) ;
#785 = CIRCLE ( 'NONE', #8909, 27.00000000000000000 ) ;
#786 = ORIENTED_EDGE ( 'NONE', *, *, #8272, .F. ) ;
#787 = DIRECTION ( 'NONE',  ( -0.000000000000000000, 1.000000000000000000, 0.000000000000000000 ) ) ;
#788 = ORIENTED_EDGE ( 'NONE', *, *, #5121, .T. ) ;
#789 = VERTEX_POINT ( 'NONE', #3367 ) ;
#790 = ADVANCED_FACE ( 'NONE', ( #5705 ), #8900, .F. ) ;
#791 = CARTESIAN_POINT ( 'NONE',  ( 35.61464024155682040, -195.7738129368258342, -11.98701582130419041 ) ) ;
#792 = CARTESIAN_POINT ( 'NONE',  ( 64.56989347527211009, -47.23059238027821749, -160.0000000000003695 ) ) ;
#793 = ORIENTED_EDGE ( 'NONE', *, *, #848, .T. ) ;
#794 = EDGE_CURVE ( 'NONE', #9710, #6541, #1913, .T. ) ;
#795 =( NAMED_UNIT ( * ) PLANE_ANGLE_UNIT ( ) SI_UNIT ( $, .RADIAN. ) );
#796 = CARTESIAN_POINT ( 'NONE',  ( 1.539749897050354256E-14, -13.99999999999729283, -388.0000000000001705 ) ) ;
#797 = CARTESIAN_POINT ( 'NONE',  ( 4.837354856632044663E-15, 55.19999999999999574, -39.50000000000000000 ) ) ;
#798 = FACE_OUTER_BOUND ( 'NONE', #4466, .T. ) ;
#799 = DIRECTION ( 'NONE',  ( 0.000000000000000000, -1.396592535537253342E-14, 1.000000000000000000 ) ) ;
#800 = DIRECTION ( 'NONE',  ( 1.000000000000000000, 0.000000000000000000, 0.000000000000000000 ) ) ;
#801 = PRESENTATION_LAYER_ASSIGNMENT (  '', '', ( #635 ) ) ;
#802 = LINE ( 'NONE', #4794, #1228 ) ;
#803 = CARTESIAN_POINT ( 'NONE',  ( -5.951070332541826602, 5.288249647231378248, 37.53820483616532044 ) ) ;
#804 = ORIENTED_EDGE ( 'NONE', *, *, #5187, .T. ) ;
#805 = VERTEX_POINT ( 'NONE', #8841 ) ;
#806 = ORIENTED_EDGE ( 'NONE', *, *, #9382, .T. ) ;
#807 = CIRCLE ( 'NONE', #3364, 36.00000000000000000 ) ;
#808 = CIRCLE ( 'NONE', #1315, 39.50000000000000000 ) ;
#809 = CARTESIAN_POINT ( 'NONE',  ( -34.51751045525492145, 54.22455240934232279, -288.9999999999996021 ) ) ;
#810 = FACE_OUTER_BOUND ( 'NONE', #902, .T. ) ;
#811 = CARTESIAN_POINT ( 'NONE',  ( 0.000000000000000000, 90.00000000000000000, 0.000000000000000000 ) ) ;
#812 = CARTESIAN_POINT ( 'NONE',  ( 38.43811293440705867, 5.867700902121765871, -8.990198382905875363 ) ) ;
#813 = DIRECTION ( 'NONE',  ( 1.000000000000000000, 0.000000000000000000, 0.000000000000000000 ) ) ;
#814 = DIRECTION ( 'NONE',  ( 0.000000000000000000, 0.000000000000000000, -1.000000000000000000 ) ) ;
#815 = CIRCLE ( 'NONE', #3054, 36.00000000000000000 ) ;
#816 = FACE_OUTER_BOUND ( 'NONE', #39, .T. ) ;
#817 = FACE_OUTER_BOUND ( 'NONE', #5746, .T. ) ;
#818 = EDGE_LOOP ( 'NONE', ( #9597, #243 ) ) ;
#819 = AXIS2_PLACEMENT_3D ( 'NONE', #3483, #1148, #7334 ) ;
#820 = COLOUR_RGB ( '',0.7921568627450980005, 0.8196078431372548767, 0.9333333333333333481 ) ;
#821 = CARTESIAN_POINT ( 'NONE',  ( 4.776122516674677878E-15, 39.00000000000132161, -323.9999999999994316 ) ) ;
#822 = CARTESIAN_POINT ( 'NONE',  ( 38.00000000000000000, -95.70788891204318816, -8.999999999999992895 ) ) ;
#823 = AXIS2_PLACEMENT_3D ( 'NONE', #5842, #8893, #813 ) ;
#824 = CARTESIAN_POINT ( 'NONE',  ( 18.49218940641788578, 60.00000000000000000, -1.514518439508615042E-14 ) ) ;
#825 = DIRECTION ( 'NONE',  ( -0.000000000000000000, 0.000000000000000000, 1.000000000000000000 ) ) ;
#826 = LINE ( 'NONE', #7719, #7095 ) ;
#827 = ORIENTED_EDGE ( 'NONE', *, *, #6022, .F. ) ;
#828 = EDGE_LOOP ( 'NONE', ( #4373, #153, #9627, #28 ) ) ;
#829 = VERTEX_POINT ( 'NONE', #8097 ) ;
#830 = EDGE_CURVE ( 'NONE', #6505, #5099, #4599, .T. ) ;
#831 = CARTESIAN_POINT ( 'NONE',  ( 13.21416943464769922, 45.21449163784002678, 35.62979603069049972 ) ) ;
#832 = CARTESIAN_POINT ( 'NONE',  ( -15.39028572650951610, 19.99635967245169965, 39.61616663904138846 ) ) ;
#833 =( NAMED_UNIT ( * ) PLANE_ANGLE_UNIT ( ) SI_UNIT ( $, .RADIAN. ) );
#834 = EDGE_CURVE ( 'NONE', #4521, #7424, #160, .T. ) ;
#835 = CONTEXT_DEPENDENT_SHAPE_REPRESENTATION ( #5420, #7512 ) ;
#836 = DIRECTION ( 'NONE',  ( 0.000000000000000000, 1.396592535537253342E-14, -1.000000000000000000 ) ) ;
#837 = ORIENTED_EDGE ( 'NONE', *, *, #5721, .T. ) ;
#838 = ORIENTED_EDGE ( 'NONE', *, *, #4333, .F. ) ;
#839 = ORIENTED_EDGE ( 'NONE', *, *, #6032, .F. ) ;
#840 = CARTESIAN_POINT ( 'NONE',  ( -46.49956922558553885, 13.77379991454210106, -159.9999999999999147 ) ) ;
#841 = CARTESIAN_POINT ( 'NONE',  ( -38.00050041491886788, 20.77548540217368256, 0.8864188835099303665 ) ) ;
#842 = ORIENTED_EDGE ( 'NONE', *, *, #1449, .T. ) ;
#843 = EDGE_CURVE ( 'NONE', #1595, #6213, #2544, .T. ) ;
#844 = DIRECTION ( 'NONE',  ( 1.000000000000000000, 0.000000000000000000, 0.000000000000000000 ) ) ;
#845 = DIRECTION ( 'NONE',  ( -0.000000000000000000, -0.000000000000000000, -1.000000000000000000 ) ) ;
#846 = CARTESIAN_POINT ( 'NONE',  ( 15.38668434068705793, 34.01167748984429551, -39.61757071980346012 ) ) ;
#847 = DIRECTION ( 'NONE',  ( -0.000000000000000000, 6.982962677686266711E-15, -1.000000000000000000 ) ) ;
#848 = EDGE_CURVE ( 'NONE', #682, #7761, #1382, .T. ) ;
#849 = CARTESIAN_POINT ( 'NONE',  ( -35.07692307692307310, -193.1000328731765023, 11.99999999999998224 ) ) ;
#850 = ORIENTED_EDGE ( 'NONE', *, *, #6339, .F. ) ;
#851 = CARTESIAN_POINT ( 'NONE',  ( -46.49956922558553885, -13.77379991453900843, -403.0000000000001705 ) ) ;
#852 = FACE_OUTER_BOUND ( 'NONE', #9000, .T. ) ;
#853 = CIRCLE ( 'NONE', #4351, 16.89999999999999858 ) ;
#854 = DIRECTION ( 'NONE',  ( 1.000000000000000000, 0.000000000000000000, 0.000000000000000000 ) ) ;
#855 = EDGE_LOOP ( 'NONE', ( #1753, #571, #2733, #8724 ) ) ;
#856 = EDGE_CURVE ( 'NONE', #4340, #5710, #9228, .T. ) ;
#857 = EDGE_LOOP ( 'NONE', ( #1806, #7040, #1491, #6949 ) ) ;
#858 = ORIENTED_EDGE ( 'NONE', *, *, #4570, .T. ) ;
#859 = LINE ( 'NONE', #1721, #9263 ) ;
#860 = CARTESIAN_POINT ( 'NONE',  ( -35.61183127810986093, 5.447521708497628623, -9.128065913150694044 ) ) ;
#861 = CARTESIAN_POINT ( 'NONE',  ( -34.51751045525492145, 54.22455240934100118, -98.99999999999964473 ) ) ;
#862 = DIRECTION ( 'NONE',  ( -0.000000000000000000, -0.000000000000000000, 1.000000000000000000 ) ) ;
#863 = CIRCLE ( 'NONE', #4678, 42.50000000000000711 ) ;
#864 = PLANE ( 'NONE',  #6177 ) ;
#865 = CARTESIAN_POINT ( 'NONE',  ( 0.000000000000000000, -201.1999999999999886, 19.00000000000000000 ) ) ;
#866 = CARTESIAN_POINT ( 'NONE',  ( 0.000000000000000000, -1.467303537789696019E-13, -114.0000000000000142 ) ) ;
#867 = VERTEX_POINT ( 'NONE', #7377 ) ;
#868 = ADVANCED_FACE ( 'NONE', ( #7525 ), #3723, .T. ) ;
#869 = VECTOR ( 'NONE', #2598, 1000.000000000000000 ) ;
#870 = CIRCLE ( 'NONE', #8983, 1.000000000000000000 ) ;
#871 = CARTESIAN_POINT ( 'NONE',  ( 0.000000000000000000, 0.000000000000000000, -96.00000000000002842 ) ) ;
#872 = CYLINDRICAL_SURFACE ( 'NONE', #5748, 4.499999999999998224 ) ;
#873 = CARTESIAN_POINT ( 'NONE',  ( -64.56989347527211009, -47.23059238027730800, -289.0000000000002842 ) ) ;
#874 = DIRECTION ( 'NONE',  ( 0.000000000000000000, -6.982962677686266711E-15, 1.000000000000000000 ) ) ;
#875 = CLOSED_SHELL ( 'NONE', ( #1088, #5410, #6628, #5104, #2740, #543, #923, #7260 ) ) ;
#876 = DIRECTION ( 'NONE',  ( 0.000000000000000000, -0.000000000000000000, 1.000000000000000000 ) ) ;
#877 = ORIENTED_EDGE ( 'NONE', *, *, #8593, .T. ) ;
#878 = DIRECTION ( 'NONE',  ( 0.000000000000000000, 6.982962677686266711E-15, -1.000000000000000000 ) ) ;
#879 = EDGE_LOOP ( 'NONE', ( #3035, #9724, #4337, #6008 ) ) ;
#880 = ORIENTED_EDGE ( 'NONE', *, *, #7273, .F. ) ;
#881 = DIRECTION ( 'NONE',  ( 1.000000000000000000, 0.000000000000000000, 0.000000000000000000 ) ) ;
#882 = CARTESIAN_POINT ( 'NONE',  ( 12.91645618174967325, 45.42682773669439200, 35.73887952693360859 ) ) ;
#883 = CARTESIAN_POINT ( 'NONE',  ( -8.514487710576446489, 12.36053012640986637, 41.64881186284554815 ) ) ;
#884 = CARTESIAN_POINT ( 'NONE',  ( 0.000000000000000000, 0.000000000000000000, 0.000000000000000000 ) ) ;
#885 = PRODUCT_CONTEXT ( 'NONE', #2367, 'mechanical' ) ;
#886 = FACE_OUTER_BOUND ( 'NONE', #3923, .T. ) ;
#887 = VERTEX_POINT ( 'NONE', #3022 ) ;
#888 = ORIENTED_EDGE ( 'NONE', *, *, #8463, .F. ) ;
#889 = ORIENTED_EDGE ( 'NONE', *, *, #3472, .F. ) ;
#890 = CARTESIAN_POINT ( 'NONE',  ( -38.89087296526011528, -43.89087296525356408, -456.0000000000006253 ) ) ;
#891 = CARTESIAN_POINT ( 'NONE',  ( -33.17726692718950687, 16.22403656522747539, 18.60048492403744902 ) ) ;
#892 = VERTEX_POINT ( 'NONE', #3570 ) ;
#893 = EDGE_CURVE ( 'NONE', #3076, #7931, #2126, .T. ) ;
#894 = CYLINDRICAL_SURFACE ( 'NONE', #9642, 17.50000000000000355 ) ;
#895 = DIRECTION ( 'NONE',  ( 0.000000000000000000, 1.000000000000000000, 0.000000000000000000 ) ) ;
#896 = AXIS2_PLACEMENT_3D ( 'NONE', #9656, #8255, #2774 ) ;
#897 = CARTESIAN_POINT ( 'NONE',  ( 0.000000000000000000, 3.407685786710898357E-12, -438.0000000000000000 ) ) ;
#898 = ORIENTED_EDGE ( 'NONE', *, *, #363, .F. ) ;
#899 = DIRECTION ( 'NONE',  ( -1.000000000000000000, 0.000000000000000000, 0.000000000000000000 ) ) ;
#900 = DIRECTION ( 'NONE',  ( 1.000000000000000000, 0.000000000000000000, 0.000000000000000000 ) ) ;
#901 = CARTESIAN_POINT ( 'NONE',  ( 0.000000000000000000, 0.000000000000000000, -19.00000000000000000 ) ) ;
#902 = EDGE_LOOP ( 'NONE', ( #8979, #9614, #3999, #8577 ) ) ;
#903 = CIRCLE ( 'NONE', #8380, 39.50000000000000000 ) ;
#904 = ORIENTED_EDGE ( 'NONE', *, *, #6579, .T. ) ;
#905 = ORIENTED_EDGE ( 'NONE', *, *, #3948, .T. ) ;
#906 = EDGE_CURVE ( 'NONE', #5334, #829, #5398, .T. ) ;
#907 = CARTESIAN_POINT ( 'NONE',  ( -64.56989347527211009, 47.23059238028044149, -341.9999999999993747 ) ) ;
#908 = EDGE_CURVE ( 'NONE', #9086, #9014, #944, .T. ) ;
#909 = CARTESIAN_POINT ( 'NONE',  ( 38.00000000000000000, 47.19999999999999574, -4.499999999999990230 ) ) ;
#910 = EDGE_CURVE ( 'NONE', #3173, #333, #3673, .T. ) ;
#911 = ORIENTED_EDGE ( 'NONE', *, *, #9450, .T. ) ;
#912 = CARTESIAN_POINT ( 'NONE',  ( 16.45291068500900522, 11.63556222114458016, -34.25802592334716934 ) ) ;
#913 = VECTOR ( 'NONE', #409, 1000.000000000000000 ) ;
#914 = DIRECTION ( 'NONE',  ( 0.000000000000000000, -0.000000000000000000, 1.000000000000000000 ) ) ;
#915 = LINE ( 'NONE', #3208, #3511 ) ;
#916 = AXIS2_PLACEMENT_3D ( 'NONE', #5010, #8756, #4966 ) ;
#917 = DIRECTION ( 'NONE',  ( 0.9743589743589743390, -0.2249990868562079249, 0.000000000000000000 ) ) ;
#918 = CARTESIAN_POINT ( 'NONE',  ( -35.07508121066764062, 11.13553223319894769, 24.00071350851549212 ) ) ;
#919 = FACE_OUTER_BOUND ( 'NONE', #8422, .T. ) ;
#920 = EDGE_LOOP ( 'NONE', ( #2837, #1772, #4895, #989 ) ) ;
#921 = CIRCLE ( 'NONE', #2511, 16.89999999999999858 ) ;
#922 = AXIS2_PLACEMENT_3D ( 'NONE', #928, #4706, #2423 ) ;
#923 = ADVANCED_FACE ( 'NONE', ( #4583 ), #9399, .T. ) ;
#924 = AXIS2_PLACEMENT_3D ( 'NONE', #2307, #973, #6197 ) ;
#925 = EDGE_CURVE ( 'NONE', #6132, #6271, #1111, .T. ) ;
#926 = DIRECTION ( 'NONE',  ( 1.000000000000000000, 0.000000000000000000, 0.000000000000000000 ) ) ;
#927 = CIRCLE ( 'NONE', #6507, 29.99999999999999289 ) ;
#928 = CARTESIAN_POINT ( 'NONE',  ( -8.000000000000003553, -145.5999999999999659, -4.999999999999999112 ) ) ;
#929 = CARTESIAN_POINT ( 'NONE',  ( 5.372584090453488010E-15, 49.50000000000001421, 38.00000000000001421 ) ) ;
#930 = DIRECTION ( 'NONE',  ( 0.000000000000000000, -1.000000000000000000, -1.110223024625799620E-14 ) ) ;
#931 = ORIENTED_EDGE ( 'NONE', *, *, #5343, .F. ) ;
#932 = CIRCLE ( 'NONE', #8250, 7.000000000000000000 ) ;
#933 = CARTESIAN_POINT ( 'NONE',  ( 0.000000000000000000, 27.00000000000000000, -500000.0000000000582 ) ) ;
#934 = CIRCLE ( 'NONE', #5554, 27.00000000000000355 ) ;
#935 = ORIENTED_EDGE ( 'NONE', *, *, #1165, .F. ) ;
#936 = CARTESIAN_POINT ( 'NONE',  ( 9.000000000000010658, -55.59999999999997300, -9.000000000000000000 ) ) ;
#937 = CARTESIAN_POINT ( 'NONE',  ( -38.74999999999985789, 1.473196481563940008, -8.968695557326954670 ) ) ;
#938 = FACE_OUTER_BOUND ( 'NONE', #8958, .T. ) ;
#939 = FILL_AREA_STYLE_COLOUR ( '', #4106 ) ;
#940 = CONTEXT_DEPENDENT_SHAPE_REPRESENTATION ( #4724, #8359 ) ;
#941 = CARTESIAN_POINT ( 'NONE',  ( -7.538872246634914731, 42.16579068728175628, -41.83878626350539776 ) ) ;
#942 = ORIENTED_EDGE ( 'NONE', *, *, #6897, .T. ) ;
#943 = ORIENTED_EDGE ( 'NONE', *, *, #8999, .F. ) ;
#944 = CIRCLE ( 'NONE', #3972, 5.000000000002245315 ) ;
#945 = ORIENTED_EDGE ( 'NONE', *, *, #492, .T. ) ;
#946 = DIRECTION ( 'NONE',  ( 1.000000000000000000, 0.000000000000000000, 0.000000000000000000 ) ) ;
#947 = CARTESIAN_POINT ( 'NONE',  ( 55.00000000000000000, -4.999999999998712141, -456.0000000000000568 ) ) ;
#948 = VERTEX_POINT ( 'NONE', #8532 ) ;
#949 = DIRECTION ( 'NONE',  ( -0.000000000000000000, -1.000000000000000000, -0.000000000000000000 ) ) ;
#950 = AXIS2_PLACEMENT_3D ( 'NONE', #5375, #1543, #4436 ) ;
#951 = FACE_BOUND ( 'NONE', #7186, .T. ) ;
#952 = DIRECTION ( 'NONE',  ( -0.000000000000000000, -1.000000000000000000, -0.000000000000000000 ) ) ;
#953 = DIRECTION ( 'NONE',  ( -2.185675205309137406E-16, -5.182770125587485997E-17, 1.000000000000000000 ) ) ;
#954 = ORIENTED_EDGE ( 'NONE', *, *, #1324, .F. ) ;
#955 = DIRECTION ( 'NONE',  ( 0.000000000000000000, 0.000000000000000000, 1.000000000000000000 ) ) ;
#956 = DIRECTION ( 'NONE',  ( 1.000000000000000000, 0.000000000000000000, 0.000000000000000000 ) ) ;
#957 = ORIENTED_EDGE ( 'NONE', *, *, #6201, .F. ) ;
#958 = ORIENTED_EDGE ( 'NONE', *, *, #7248, .F. ) ;
#959 = ORIENTED_EDGE ( 'NONE', *, *, #1575, .T. ) ;
#960 = DIRECTION ( 'NONE',  ( -1.000000000000000000, 0.000000000000000000, 0.000000000000000000 ) ) ;
#961 = VERTEX_POINT ( 'NONE', #6997 ) ;
#962 = CARTESIAN_POINT ( 'NONE',  ( 5.951070332541826602, 5.288249647231378248, -37.53820483616532044 ) ) ;
#963 =( NAMED_UNIT ( * ) SI_UNIT ( $, .STERADIAN. ) SOLID_ANGLE_UNIT ( ) );
#964 = DIRECTION ( 'NONE',  ( -0.000000000000000000, 1.000000000000000000, -0.000000000000000000 ) ) ;
#965 = AXIS2_PLACEMENT_3D ( 'NONE', #5935, #7502, #616 ) ;
#966 = DIRECTION ( 'NONE',  ( 0.000000000000000000, 0.000000000000000000, 1.000000000000000000 ) ) ;
#967 = EDGE_CURVE ( 'NONE', #6266, #6688, #5083, .T. ) ;
#968 = LINE ( 'NONE', #4012, #5443 ) ;
#969 = ADVANCED_FACE ( 'NONE', ( #6900 ), #8485, .T. ) ;
#970 = EDGE_CURVE ( 'NONE', #101, #3599, #3663, .T. ) ;
#971 = CARTESIAN_POINT ( 'NONE',  ( 4.776122516674677878E-15, -38.99999999999890576, -292.0000000000002842 ) ) ;
#972 = CARTESIAN_POINT ( 'NONE',  ( -38.00000000000000000, -296.9078889120432336, 8.999999999999987566 ) ) ;
#973 = DIRECTION ( 'NONE',  ( 1.224646799147353207E-16, 1.000000000000000000, 0.000000000000000000 ) ) ;
#974 = ORIENTED_EDGE ( 'NONE', *, *, #4550, .F. ) ;
#975 = CIRCLE ( 'NONE', #6551, 4.499999999999998224 ) ;
#976 = CIRCLE ( 'NONE', #9108, 3.000000000000002665 ) ;
#977 = LINE ( 'NONE', #1680, #4469 ) ;
#978 = EDGE_CURVE ( 'NONE', #1648, #9741, #7805, .T. ) ;
#979 = AXIS2_PLACEMENT_3D ( 'NONE', #7765, #2525, #926 ) ;
#980 = EDGE_CURVE ( 'NONE', #3734, #6678, #9552, .T. ) ;
#981 = LINE ( 'NONE', #4024, #3465 ) ;
#982 = CARTESIAN_POINT ( 'NONE',  ( 1.657975655542604885E-14, -145.5999999999999943, -4.999999999999999112 ) ) ;
#983 = CARTESIAN_POINT ( 'NONE',  ( 37.49999999999997868, 15.41602615938552390, 20.00000000000006395 ) ) ;
#984 = DIRECTION ( 'NONE',  ( -0.000000000000000000, -1.396592535537253342E-14, 1.000000000000000000 ) ) ;
#985 = ORIENTED_EDGE ( 'NONE', *, *, #3513, .F. ) ;
#986 = EDGE_CURVE ( 'NONE', #169, #3387, #3175, .T. ) ;
#987 = CIRCLE ( 'NONE', #36, 2.999999999999999112 ) ;
#988 = B_SPLINE_CURVE_WITH_KNOTS ( 'NONE', 3,
 ( #4665, #5970, #2143, #6215, #2433, #2991, #2842, #8229, #6790, #9778, #6160, #8974, #5140, #3924, #602, #9022, #8182, #3639 ),
 .UNSPECIFIED., .F., .F.,
 ( 4, 2, 2, 2, 2, 2, 2, 2, 4 ),
 ( 2.711112516444420852E-17, 0.002736301914043100768, 0.003420377392553871840, 0.004104452871064642044, 0.005472603828086190260, 0.006840754785107737608, 0.008208905742129285824, 0.009577056699150833172, 0.01094520765617238052 ),
 .UNSPECIFIED. ) ;
#989 = ORIENTED_EDGE ( 'NONE', *, *, #9492, .F. ) ;
#990 = CIRCLE ( 'NONE', #4176, 36.00000000000000000 ) ;
#991 = DIRECTION ( 'NONE',  ( 1.000000000000000000, 1.224646799147353207E-16, 1.710332578358783443E-30 ) ) ;
#992 = DIRECTION ( 'NONE',  ( -0.000000000000000000, -1.396592535537253342E-14, 1.000000000000000000 ) ) ;
#993 = LINE ( 'NONE', #247, #4018 ) ;
#994 = SURFACE_STYLE_USAGE ( .BOTH. , #1749 ) ;
#995 = ITEM_DEFINED_TRANSFORMATION ( 'NONE', 'NONE', #5551,  #2024 ) ;
#996 = CARTESIAN_POINT ( 'NONE',  ( -15.81109418034364111, 32.99344986427554716, -39.45010733262228086 ) ) ;
#997 = CARTESIAN_POINT ( 'NONE',  ( 0.000000000000000000, 0.000000000000000000, -96.00000000000002842 ) ) ;
#998 = ORIENTED_EDGE ( 'NONE', *, *, #9379, .F. ) ;
#999 = CIRCLE ( 'NONE', #5591, 5.000000000000941469 ) ;
#1000 = EDGE_LOOP ( 'NONE', ( #3285, #8998, #504, #5078 ) ) ;
#1001 = ORIENTED_EDGE ( 'NONE', *, *, #856, .T. ) ;
#1002 = FACE_OUTER_BOUND ( 'NONE', #7436, .T. ) ;
#1003 = VERTEX_POINT ( 'NONE', #9240 ) ;
#1004 = CARTESIAN_POINT ( 'NONE',  ( 14.89999999999997549, 0.000000000000000000, -41.00000000000000000 ) ) ;
#1005 = DIRECTION ( 'NONE',  ( 0.000000000000000000, 1.000000000000000000, 1.480297366166875492E-14 ) ) ;
#1006 = FACE_OUTER_BOUND ( 'NONE', #4943, .T. ) ;
#1007 = ORIENTED_EDGE ( 'NONE', *, *, #4210, .F. ) ;
#1008 = CARTESIAN_POINT ( 'NONE',  ( -22.45192382029517830, 25.48204853819219906, 30.65797908702996111 ) ) ;
#1009 = VERTEX_POINT ( 'NONE', #4056 ) ;
#1010 = ORIENTED_EDGE ( 'NONE', *, *, #2116, .F. ) ;
#1011 = ORIENTED_EDGE ( 'NONE', *, *, #2559, .F. ) ;
#1012 = CARTESIAN_POINT ( 'NONE',  ( 38.00000000000000000, 60.00000000000000000, -4.499999999999990230 ) ) ;
#1013 = CARTESIAN_POINT ( 'NONE',  ( 36.00000000000000000, -2.459167398028816613E-15, 9.198662110078009491 ) ) ;
#1014 = DIRECTION ( 'NONE',  ( 0.000000000000000000, -1.000000000000000000, -1.387778780781445676E-14 ) ) ;
#1015 = CARTESIAN_POINT ( 'NONE',  ( 46.49956922558554595, 13.77379991454299102, -288.9999999999998863 ) ) ;
#1016 = AXIS2_PLACEMENT_3D ( 'NONE', #1402, #8515, #9727 ) ;
#1017 = DIRECTION ( 'NONE',  ( 0.000000000000000000, 0.000000000000000000, 1.000000000000000000 ) ) ;
#1018 = DIRECTION ( 'NONE',  ( -0.000000000000000000, 0.000000000000000000, 1.000000000000000000 ) ) ;
#1019 = CARTESIAN_POINT ( 'NONE',  ( 35.37782300510576050, -194.4030805854127379, 9.080507977815679865 ) ) ;
#1020 = DIRECTION ( 'NONE',  ( -0.000000000000000000, -0.000000000000000000, 1.000000000000000000 ) ) ;
#1021 = ORIENTED_EDGE ( 'NONE', *, *, #7977, .F. ) ;
#1022 = AXIS2_PLACEMENT_3D ( 'NONE', #2631, #4031, #386 ) ;
#1023 = EDGE_CURVE ( 'NONE', #3725, #7235, #1710, .T. ) ;
#1024 = ADVANCED_FACE ( 'NONE', ( #5550 ), #3256, .T. ) ;
#1025 = CARTESIAN_POINT ( 'NONE',  ( -36.00000000000000000, 3.184230981024945092E-12, -438.0000000000000000 ) ) ;
#1026 = CYLINDRICAL_SURFACE ( 'NONE', #131, 39.50000000000000000 ) ;
#1027 = CARTESIAN_POINT ( 'NONE',  ( -21.60119720648512498, 33.30688250913634363, -31.26349519089974294 ) ) ;
#1028 = CARTESIAN_POINT ( 'NONE',  ( -28.61817604250837377, 85.00000000000000000, -25.00000000000000000 ) ) ;
#1029 = CIRCLE ( 'NONE', #7889, 39.00000000000000000 ) ;
#1030 = CARTESIAN_POINT ( 'NONE',  ( 35.36675397411165278, 18.28168187940206479, 14.00497428739595485 ) ) ;
#1031 = ORIENTED_EDGE ( 'NONE', *, *, #8171, .F. ) ;
#1032 = AXIS2_PLACEMENT_3D ( 'NONE', #4464, #6621, #2919 ) ;
#1033 = ADVANCED_FACE ( 'NONE', ( #2562 ), #5496, .T. ) ;
#1034 = ADVANCED_FACE ( 'NONE', ( #4008 ), #3419, .F. ) ;
#1035 = ORIENTED_EDGE ( 'NONE', *, *, #9765, .T. ) ;
#1036 = EDGE_CURVE ( 'NONE', #6678, #3734, #1425, .T. ) ;
#1037 = EDGE_CURVE ( 'NONE', #6688, #6266, #7021, .T. ) ;
#1038 = CARTESIAN_POINT ( 'NONE',  ( 9.000000000000017764, -145.5999999999999659, -9.000000000000000000 ) ) ;
#1039 = FILL_AREA_STYLE ('',( #2992 ) ) ;
#1040 = AXIS2_PLACEMENT_3D ( 'NONE', #7289, #451, #6439 ) ;
#1041 = DIRECTION ( 'NONE',  ( 0.000000000000000000, -1.000000000000000000, -1.110223024624947492E-14 ) ) ;
#1042 = DIRECTION ( 'NONE',  ( -0.000000000000000000, -0.000000000000000000, -1.000000000000000000 ) ) ;
#1043 = LINE ( 'NONE', #9564, #3624 ) ;
#1044 = CARTESIAN_POINT ( 'NONE',  ( 0.000000000000000000, -201.1999999999999886, 9.000000000000000000 ) ) ;
#1045 = ORIENTED_EDGE ( 'NONE', *, *, #4379, .T. ) ;
#1046 = ORIENTED_EDGE ( 'NONE', *, *, #8767, .T. ) ;
#1047 = VERTEX_POINT ( 'NONE', #2507 ) ;
#1048 = CIRCLE ( 'NONE', #8341, 27.00000000000000000 ) ;
#1049 = VERTEX_POINT ( 'NONE', #8596 ) ;
#1050 = EDGE_CURVE ( 'NONE', #3302, #9156, #4103, .T. ) ;
#1051 = LINE ( 'NONE', #6384, #869 ) ;
#1052 = FACE_OUTER_BOUND ( 'NONE', #3722, .T. ) ;
#1053 = EDGE_CURVE ( 'NONE', #2606, #5548, #7856, .T. ) ;
#1054 = PLANE ( 'NONE',  #1221 ) ;
#1055 = DIRECTION ( 'NONE',  ( 0.000000000000000000, 0.000000000000000000, 1.000000000000000000 ) ) ;
#1056 = EDGE_LOOP ( 'NONE', ( #7540, #7294 ) ) ;
#1057 = LINE ( 'NONE', #4742, #3857 ) ;
#1058 = DIRECTION ( 'NONE',  ( -1.224646799147351975E-16, 1.000000000000000000, 0.000000000000000000 ) ) ;
#1059 = ORIENTED_EDGE ( 'NONE', *, *, #3910, .F. ) ;
#1060 = ORIENTED_EDGE ( 'NONE', *, *, #3, .T. ) ;
#1061 = ORIENTED_EDGE ( 'NONE', *, *, #2614, .T. ) ;
#1062 = DIRECTION ( 'NONE',  ( 0.000000000000000000, 0.000000000000000000, -1.000000000000000000 ) ) ;
#1063 = CARTESIAN_POINT ( 'NONE',  ( 35.61613899620186174, 5.416339294269266524, 11.98693117703045630 ) ) ;
#1064 = CARTESIAN_POINT ( 'NONE',  ( 1.539749897050354256E-14, 44.00000000000093792, -270.9999999999996589 ) ) ;
#1065 = DIRECTION ( 'NONE',  ( 0.9743589743589737839, -0.2249990868562106727, 0.000000000000000000 ) ) ;
#1066 = DIRECTION ( 'NONE',  ( 0.000000000000000000, -1.000000000000000000, -6.938893903907228378E-15 ) ) ;
#1067 = AXIS2_PLACEMENT_3D ( 'NONE', #9040, #3655, #5199 ) ;
#1068 = CARTESIAN_POINT ( 'NONE',  ( -38.89087296526011528, 38.89087296526378168, -455.9999999999994884 ) ) ;
#1069 = ORIENTED_EDGE ( 'NONE', *, *, #7757, .F. ) ;
#1070 = ORIENTED_EDGE ( 'NONE', *, *, #7559, .T. ) ;
#1071 = CIRCLE ( 'NONE', #7283, 1.000000000000000000 ) ;
#1072 = ADVANCED_FACE ( 'NONE', ( #3028 ), #9219, .F. ) ;
#1073 = VECTOR ( 'NONE', #2835, 1000.000000000000227 ) ;
#1074 = CYLINDRICAL_SURFACE ( 'NONE', #3214, 27.00000000000000000 ) ;
#1075 = CARTESIAN_POINT ( 'NONE',  ( 0.5557909362214962234, 10.09999999999999787, -42.50000000000001421 ) ) ;
#1076 = CARTESIAN_POINT ( 'NONE',  ( -7.380265715254359371, 48.25843156393948874, -37.27814074525910115 ) ) ;
#1077 = CARTESIAN_POINT ( 'NONE',  ( 1.539749897050354256E-14, -44.00000000000000000, -46.00000000000000000 ) ) ;
#1078 = VECTOR ( 'NONE', #3627, 1000.000000000000000 ) ;
#1079 = VECTOR ( 'NONE', #8326, 1000.000000000000000 ) ;
#1080 = EDGE_LOOP ( 'NONE', ( #8263, #6990, #5720, #1061 ) ) ;
#1081 = CIRCLE ( 'NONE', #2670, 8.000000000000000000 ) ;
#1082 = VERTEX_POINT ( 'NONE', #3351 ) ;
#1083 =( GEOMETRIC_REPRESENTATION_CONTEXT ( 3 ) GLOBAL_UNCERTAINTY_ASSIGNED_CONTEXT ( ( #6559 ) ) GLOBAL_UNIT_ASSIGNED_CONTEXT ( ( #9824, #8372, #3792 ) ) REPRESENTATION_CONTEXT ( 'NONE', 'WORKASPACE' ) );
#1084 = VECTOR ( 'NONE', #1156, 1000.000000000000000 ) ;
#1085 = DIRECTION ( 'NONE',  ( 0.000000000000000000, 0.000000000000000000, 1.000000000000000000 ) ) ;
#1086 = DIRECTION ( 'NONE',  ( -0.000000000000000000, -1.396592535537253342E-14, 1.000000000000000000 ) ) ;
#1087 = DIRECTION ( 'NONE',  ( 0.000000000000000000, 1.000000000000000000, 0.000000000000000000 ) ) ;
#1088 = ADVANCED_FACE ( 'NONE', ( #9445 ), #3335, .T. ) ;
#1089 = LINE ( 'NONE', #6427, #6993 ) ;
#1090 = EDGE_CURVE ( 'NONE', #5710, #3441, #4769, .T. ) ;
#1091 = CARTESIAN_POINT ( 'NONE',  ( 4.837354856632044663E-15, 66.79999999999999716, -39.50000000000000000 ) ) ;
#1092 = ORIENTED_EDGE ( 'NONE', *, *, #8274, .T. ) ;
#1093 = EDGE_CURVE ( 'NONE', #7944, #3197, #785, .T. ) ;
#1094 = ORIENTED_EDGE ( 'NONE', *, *, #4020, .F. ) ;
#1095 = CIRCLE ( 'NONE', #4764, 80.00000000000000000 ) ;
#1096 = VERTEX_POINT ( 'NONE', #8131 ) ;
#1097 = ORIENTED_EDGE ( 'NONE', *, *, #6462, .T. ) ;
#1098 = LINE ( 'NONE', #7979, #9157 ) ;
#1099 = CARTESIAN_POINT ( 'NONE',  ( 21.70390168761711180, 21.05605425214634607, 31.19220218644414544 ) ) ;
#1100 = CARTESIAN_POINT ( 'NONE',  ( 27.00000000000001421, 44.00000000000001421, -116.9999999999997158 ) ) ;
#1101 = DIRECTION ( 'NONE',  ( 0.000000000000000000, 0.000000000000000000, 1.000000000000000000 ) ) ;
#1102 = ORIENTED_EDGE ( 'NONE', *, *, #5612, .F. ) ;
#1103 = DIRECTION ( 'NONE',  ( 0.000000000000000000, 1.000000000000000000, 1.439177994884462065E-14 ) ) ;
#1104 = EDGE_CURVE ( 'NONE', #1185, #1826, #2048, .T. ) ;
#1105 = FACE_OUTER_BOUND ( 'NONE', #8980, .T. ) ;
#1106 = EDGE_LOOP ( 'NONE', ( #9584, #7736, #9293, #2345, #4753 ) ) ;
#1107 = ORIENTED_EDGE ( 'NONE', *, *, #644, .F. ) ;
#1108 = PLANE ( 'NONE',  #1433 ) ;
#1109 = CARTESIAN_POINT ( 'NONE',  ( 3.423796334164751519E-16, 0.000000000000000000, 8.999999999999994671 ) ) ;
#1110 = ADVANCED_FACE ( 'NONE', ( #5036, #8826 ), #6595, .F. ) ;
#1111 = CIRCLE ( 'NONE', #2216, 3.000000000000002665 ) ;
#1112 = DIRECTION ( 'NONE',  ( 0.000000000000000000, 0.000000000000000000, 1.000000000000000000 ) ) ;
#1113 = FACE_OUTER_BOUND ( 'NONE', #2839, .T. ) ;
#1114 = DIRECTION ( 'NONE',  ( 0.000000000000000000, -6.982962677686266711E-15, 1.000000000000000000 ) ) ;
#1115 = CARTESIAN_POINT ( 'NONE',  ( 21.41339544593835598, -169.2816994800511736, 9.042546674575049792 ) ) ;
#1116 = CARTESIAN_POINT ( 'NONE',  ( 38.75000000000000000, -201.1999999999999886, 8.968695557326059387 ) ) ;
#1117 = VERTEX_POINT ( 'NONE', #5139 ) ;
#1118 = ORIENTED_EDGE ( 'NONE', *, *, #5121, .F. ) ;
#1119 = CIRCLE ( 'NONE', #5258, 39.00000000000000000 ) ;
#1120 = CARTESIAN_POINT ( 'NONE',  ( 41.58411118428361419, 19.80082565200941858, -8.944897408109540038 ) ) ;
#1121 = CARTESIAN_POINT ( 'NONE',  ( 0.000000000000000000, 0.000000000000000000, -9.000000000000000000 ) ) ;
#1122 = CARTESIAN_POINT ( 'NONE',  ( 16.89999999999999858, 27.00000000000000000, -38.99538434225262051 ) ) ;
#1123 =( REPRESENTATION_RELATIONSHIP ('NONE','NONE', #4268, #8339 ) REPRESENTATION_RELATIONSHIP_WITH_TRANSFORMATION ( #4874 )SHAPE_REPRESENTATION_RELATIONSHIP( ) );
#1124 = CARTESIAN_POINT ( 'NONE',  ( -3.764945394558993907, 49.19535298878921736, -37.82021943959540522 ) ) ;
#1125 = CARTESIAN_POINT ( 'NONE',  ( -26.99999999999998579, -44.00000000000000000, -43.00000000000000000 ) ) ;
#1126 = VERTEX_POINT ( 'NONE', #8922 ) ;
#1127 = CIRCLE ( 'NONE', #643, 27.00000000000000000 ) ;
#1128 = AXIS2_PLACEMENT_3D ( 'NONE', #4825, #200, #3228 ) ;
#1129 = ORIENTED_EDGE ( 'NONE', *, *, #4505, .F. ) ;
#1130 = DIRECTION ( 'NONE',  ( 0.000000000000000000, 1.000000000000000000, 0.000000000000000000 ) ) ;
#1131 = CARTESIAN_POINT ( 'NONE',  ( 16.89999999999999858, 27.56404338630994388, 38.99538434225263472 ) ) ;
#1132 = AXIS2_PLACEMENT_3D ( 'NONE', #64, #6942, #1654 ) ;
#1133 = AXIS2_PLACEMENT_3D ( 'NONE', #5261, #7416, #6766 ) ;
#1134 = DIRECTION ( 'NONE',  ( 0.000000000000000000, -6.982962677686266711E-15, 1.000000000000000000 ) ) ;
#1135 = CONTEXT_DEPENDENT_SHAPE_REPRESENTATION ( #1123, #1989 ) ;
#1136 = FACE_OUTER_BOUND ( 'NONE', #3684, .T. ) ;
#1137 = DIRECTION ( 'NONE',  ( -1.141265444721583757E-16, 0.000000000000000000, 1.000000000000000000 ) ) ;
#1138 = ORIENTED_EDGE ( 'NONE', *, *, #2918, .T. ) ;
#1139 = AXIS2_PLACEMENT_3D ( 'NONE', #6203, #8505, #5454 ) ;
#1140 = EDGE_LOOP ( 'NONE', ( #267, #3362 ) ) ;
#1141 = AXIS2_PLACEMENT_3D ( 'NONE', #6930, #7038, #2277 ) ;
#1142 = ORIENTED_EDGE ( 'NONE', *, *, #1090, .T. ) ;
#1143 = AXIS2_PLACEMENT_3D ( 'NONE', #7716, #8453, #5565 ) ;
#1144 = ORIENTED_EDGE ( 'NONE', *, *, #4570, .F. ) ;
#1145 = ADVANCED_FACE ( 'NONE', ( #9679 ), #5691, .F. ) ;
#1146 = EDGE_CURVE ( 'NONE', #4220, #6023, #4775, .T. ) ;
#1147 = CARTESIAN_POINT ( 'NONE',  ( 8.000000000000010658, -55.59999999999997300, -8.000000000000000000 ) ) ;
#1148 = DIRECTION ( 'NONE',  ( -1.000000000000000000, -0.000000000000000000, 0.000000000000000000 ) ) ;
#1149 = DIRECTION ( 'NONE',  ( 1.000000000000000000, 0.000000000000000000, 0.000000000000000000 ) ) ;
#1150 = CARTESIAN_POINT ( 'NONE',  ( -9.123400666364657364E-15, 196.9999999999981810, 205.0000000000000000 ) ) ;
#1151 = TOROIDAL_SURFACE ( 'NONE', #9276, 9.000000000000001776, 1.000000000000000000 ) ;
#1152 = DIRECTION ( 'NONE',  ( -0.000000000000000000, 1.000000000000000000, -0.000000000000000000 ) ) ;
#1153 = CARTESIAN_POINT ( 'NONE',  ( 38.25142132890803026, -193.8767430044893842, 9.000000000000007105 ) ) ;
#1154 = ORIENTED_EDGE ( 'NONE', *, *, #7930, .F. ) ;
#1155 = ORIENTED_EDGE ( 'NONE', *, *, #9379, .T. ) ;
#1156 = DIRECTION ( 'NONE',  ( -0.000000000000000000, -0.000000000000000000, -1.000000000000000000 ) ) ;
#1157 = FACE_OUTER_BOUND ( 'NONE', #3735, .T. ) ;
#1158 = PRODUCT_DEFINITION_SHAPE ( 'NONE', 'NONE',  #6803 ) ;
#1159 = ADVANCED_FACE ( 'NONE', ( #8181 ), #366, .T. ) ;
#1160 = EDGE_CURVE ( 'NONE', #100, #5136, #4991, .T. ) ;
#1161 = DIRECTION ( 'NONE',  ( 0.000000000000000000, 6.982962677686266711E-15, -1.000000000000000000 ) ) ;
#1162 = CARTESIAN_POINT ( 'NONE',  ( 1.539749897050354256E-14, 74.00000000000095213, -273.9999999999994884 ) ) ;
#1163 = DIRECTION ( 'NONE',  ( -1.000000000000000000, 0.000000000000000000, 0.000000000000000000 ) ) ;
#1164 = DIRECTION ( 'NONE',  ( 0.000000000000000000, -1.396592535537253342E-14, 1.000000000000000000 ) ) ;
#1165 = EDGE_CURVE ( 'NONE', #9365, #1907, #2395, .T. ) ;
#1166 = CARTESIAN_POINT ( 'NONE',  ( -8.479850717441951957, 12.37099099683058157, -41.64838791353354708 ) ) ;
#1167 = EDGE_LOOP ( 'NONE', ( #3815, #4684, #6987, #8503 ) ) ;
#1168 = ORIENTED_EDGE ( 'NONE', *, *, #6829, .T. ) ;
#1169 = EDGE_CURVE ( 'NONE', #6505, #1585, #4151, .T. ) ;
#1170 = CARTESIAN_POINT ( 'NONE',  ( 7.012335642993613227, 42.38639379143295827, 41.92066685691910521 ) ) ;
#1171 = LINE ( 'NONE', #1925, #7123 ) ;
#1172 = ADVANCED_FACE ( 'NONE', ( #5738 ), #8787, .T. ) ;
#1173 = CARTESIAN_POINT ( 'NONE',  ( 7.019333719177852871, 11.61670960890318938, -41.91952307239900222 ) ) ;
#1174 = CARTESIAN_POINT ( 'NONE',  ( -16.45131171283123805, 42.36609199069593501, -34.25877846799436099 ) ) ;
#1175 = LINE ( 'NONE', #3373, #5207 ) ;
#1176 = ORIENTED_EDGE ( 'NONE', *, *, #7519, .F. ) ;
#1177 = VECTOR ( 'NONE', #7702, 1000.000000000000000 ) ;
#1178 = EDGE_LOOP ( 'NONE', ( #2385, #2558, #74, #548, #8617 ) ) ;
#1179 = DIRECTION ( 'NONE',  ( -0.000000000000000000, 6.982962677686266711E-15, -1.000000000000000000 ) ) ;
#1180 = DIRECTION ( 'NONE',  ( 1.000000000000000000, 0.000000000000000000, 1.141265444721583757E-16 ) ) ;
#1181 = CARTESIAN_POINT ( 'NONE',  ( -64.56989347527211009, -47.23059238027810380, -175.0000000000003411 ) ) ;
#1182 = LINE ( 'NONE', #7277, #4423 ) ;
#1183 = AXIS2_PLACEMENT_3D ( 'NONE', #8406, #6000, #9054 ) ;
#1184 = FACE_OUTER_BOUND ( 'NONE', #8540, .T. ) ;
#1185 = VERTEX_POINT ( 'NONE', #4947 ) ;
#1186 = CARTESIAN_POINT ( 'NONE',  ( 13.42220451428785744, 37.32762125890392468, -40.33006794404756334 ) ) ;
#1187 = ORIENTED_EDGE ( 'NONE', *, *, #9618, .T. ) ;
#1188 = ORIENTED_EDGE ( 'NONE', *, *, #7817, .T. ) ;
#1189 = VECTOR ( 'NONE', #5920, 1000.000000000000000 ) ;
#1190 = PRODUCT_DEFINITION_SHAPE ( 'NONE', 'NONE',  #9861 ) ;
#1191 = DIRECTION ( 'NONE',  ( 0.000000000000000000, -0.000000000000000000, -1.000000000000000000 ) ) ;
#1192 = CARTESIAN_POINT ( 'NONE',  ( -14.50000000000000533, 1.959434878635765920E-15, 133.0000000000000000 ) ) ;
#1193 = DIRECTION ( 'NONE',  ( 0.000000000000000000, 1.000000000000000000, 1.110223024625866357E-14 ) ) ;
#1194 = CARTESIAN_POINT ( 'NONE',  ( 1.099499954334576944E-11, 43.99999999999734257, 90.99999999999664624 ) ) ;
#1195 = ORIENTED_EDGE ( 'NONE', *, *, #2971, .T. ) ;
#1196 = LINE ( 'NONE', #3536, #745 ) ;
#1197 = CARTESIAN_POINT ( 'NONE',  ( -34.51751045525492145, 54.22455240934110776, -113.9999999999996305 ) ) ;
#1198 = ORIENTED_EDGE ( 'NONE', *, *, #5066, .F. ) ;
#1199 = PRODUCT_DEFINITION ( 'UNKNOWN', '', #8860, #244 ) ;
#1200 = ORIENTED_EDGE ( 'NONE', *, *, #3834, .F. ) ;
#1201 = FACE_OUTER_BOUND ( 'NONE', #170, .T. ) ;
#1202 = CARTESIAN_POINT ( 'NONE',  ( -38.43829896936481560, -195.3339319716639295, -8.990188665593610295 ) ) ;
#1203 = DIRECTION ( 'NONE',  ( 0.000000000000000000, 1.000000000000000000, 1.110223024624632421E-14 ) ) ;
#1204 = CARTESIAN_POINT ( 'NONE',  ( 0.000000000000000000, 90.00000000000000000, 0.000000000000000000 ) ) ;
#1205 = CARTESIAN_POINT ( 'NONE',  ( 1.539749897050354256E-14, 14.00000000000064304, -227.9999999999998863 ) ) ;
#1206 = DIRECTION ( 'NONE',  ( 0.000000000000000000, 1.396592535537253342E-14, -1.000000000000000000 ) ) ;
#1207 = CARTESIAN_POINT ( 'NONE',  ( -38.94869322905375952, 16.98010561487541636, 17.09184633292326083 ) ) ;
#1208 = EDGE_CURVE ( 'NONE', #1897, #456, #6108, .T. ) ;
#1209 = EDGE_CURVE ( 'NONE', #9817, #2032, #8117, .T. ) ;
#1210 = ORIENTED_EDGE ( 'NONE', *, *, #1998, .T. ) ;
#1211 = ADVANCED_FACE ( 'NONE', ( #1157 ), #4198, .T. ) ;
#1212 = VERTEX_POINT ( 'NONE', #3443 ) ;
#1213 = AXIS2_PLACEMENT_3D ( 'NONE', #6862, #8197, #617 ) ;
#1214 = CARTESIAN_POINT ( 'NONE',  ( 40.93484022786175558, 19.10799372182490075, -11.46031102006163671 ) ) ;
#1215 = DIRECTION ( 'NONE',  ( 0.000000000000000000, 0.000000000000000000, 1.000000000000000000 ) ) ;
#1216 = CARTESIAN_POINT ( 'NONE',  ( 9.000000000000019540, -1.387778780781449225E-15, -8.000000000000000000 ) ) ;
#1217 = CARTESIAN_POINT ( 'NONE',  ( -11.40755706739036413, 46.44846455329126655, -36.26989445705573445 ) ) ;
#1218 = FACE_OUTER_BOUND ( 'NONE', #3213, .T. ) ;
#1219 = ORIENTED_EDGE ( 'NONE', *, *, #3778, .T. ) ;
#1220 = EDGE_CURVE ( 'NONE', #6888, #6876, #5, .T. ) ;
#1221 = AXIS2_PLACEMENT_3D ( 'NONE', #5587, #8025, #9578 ) ;
#1222 = ADVANCED_FACE ( 'NONE', ( #7440 ), #5186, .T. ) ;
#1223 = CIRCLE ( 'NONE', #2335, 22.50000000000000355 ) ;
#1224 = CARTESIAN_POINT ( 'NONE',  ( -36.00000000000000000, 0.000000000000000000, -11.95826074310141607 ) ) ;
#1225 = CYLINDRICAL_SURFACE ( 'NONE', #2091, 39.49999999999999289 ) ;
#1226 = STYLED_ITEM ( 'NONE', ( #9768 ), #9830 ) ;
#1227 = CARTESIAN_POINT ( 'NONE',  ( -20.91567205257156914, -168.2829123009146315, -9.000000000000000000 ) ) ;
#1228 = VECTOR ( 'NONE', #7850, 1000.000000000000000 ) ;
#1229 = PRODUCT_DEFINITION_FORMATION_WITH_SPECIFIED_SOURCE ( 'ANY', '', #3126, .NOT_KNOWN. ) ;
#1230 = CARTESIAN_POINT ( 'NONE',  ( -6.999999999999988454, -55.60000000000000853, 5.999999999999999112 ) ) ;
#1231 = DIRECTION ( 'NONE',  ( -0.000000000000000000, 0.000000000000000000, 1.000000000000000000 ) ) ;
#1232 = ORIENTED_EDGE ( 'NONE', *, *, #8046, .F. ) ;
#1233 = AXIS2_PLACEMENT_3D ( 'NONE', #9197, #7115, #4811 ) ;
#1234 = ORIENTED_EDGE ( 'NONE', *, *, #6885, .T. ) ;
#1235 = ORIENTED_EDGE ( 'NONE', *, *, #3167, .F. ) ;
#1236 = ORIENTED_EDGE ( 'NONE', *, *, #7799, .F. ) ;
#1237 = PRESENTATION_LAYER_ASSIGNMENT (  '', '', ( #3785 ) ) ;
#1238 = CIRCLE ( 'NONE', #758, 36.00000000000000000 ) ;
#1239 = AXIS2_PLACEMENT_3D ( 'NONE', #4875, #3382, #5761 ) ;
#1240 = CARTESIAN_POINT ( 'NONE',  ( 10.31079590510279331, 13.59861137599196823, 41.23261443482073219 ) ) ;
#1241 = CARTESIAN_POINT ( 'NONE',  ( 3.021558917946144174, 4.654067414779348155, 37.90821387695555700 ) ) ;
#1242 = DIRECTION ( 'NONE',  ( 1.000000000000000000, 0.000000000000000000, 0.000000000000000000 ) ) ;
#1243 = DIRECTION ( 'NONE',  ( 1.400478097368598924E-16, 1.588183101407077823E-16, -1.000000000000000000 ) ) ;
#1244 = AXIS2_PLACEMENT_3D ( 'NONE', #3437, #1101, #5635 ) ;
#1245 = TOROIDAL_SURFACE ( 'NONE', #459, 30.00000000000000000, 3.000000000000000000 ) ;
#1246 = DIRECTION ( 'NONE',  ( 0.000000000000000000, 1.000000000000000000, 0.000000000000000000 ) ) ;
#1247 = CARTESIAN_POINT ( 'NONE',  ( -3.021558917946144174, 4.654067414779348155, -37.90821387695555700 ) ) ;
#1248 = CARTESIAN_POINT ( 'NONE',  ( 35.61464024155681329, -195.7738129368258342, 11.98701582130420817 ) ) ;
#1249 = ORIENTED_EDGE ( 'NONE', *, *, #1631, .F. ) ;
#1250 = VECTOR ( 'NONE', #8755, 1000.000000000000000 ) ;
#1251 = ORIENTED_EDGE ( 'NONE', *, *, #6192, .T. ) ;
#1252 = CARTESIAN_POINT ( 'NONE',  ( 4.653657836759942730E-15, 85.00000000000000000, 38.00000000000000711 ) ) ;
#1253 = CARTESIAN_POINT ( 'NONE',  ( -38.00000000000000000, 47.19999999999998863, 8.999999999999989342 ) ) ;
#1254 = AXIS2_PLACEMENT_3D ( 'NONE', #561, #655, #1259 ) ;
#1255 = CYLINDRICAL_SURFACE ( 'NONE', #1484, 4.499999999999998224 ) ;
#1256 = DIRECTION ( 'NONE',  ( 0.2840153447039234225, -0.9588197348681927190, 0.000000000000000000 ) ) ;
#1257 = CARTESIAN_POINT ( 'NONE',  ( -21.01873694108092749, 35.06220196568724390, 31.65956208733233979 ) ) ;
#1258 = CARTESIAN_POINT ( 'NONE',  ( 0.000000000000000000, -201.1999999999999886, -9.000000000000000000 ) ) ;
#1259 = DIRECTION ( 'NONE',  ( 1.000000000000000000, 0.000000000000000000, 0.000000000000000000 ) ) ;
#1260 = ORIENTED_EDGE ( 'NONE', *, *, #4767, .T. ) ;
#1261 = ORIENTED_EDGE ( 'NONE', *, *, #7816, .F. ) ;
#1262 = CIRCLE ( 'NONE', #6850, 3.000000000000002665 ) ;
#1263 = EDGE_CURVE ( 'NONE', #2553, #6676, #6690, .T. ) ;
#1264 = EDGE_CURVE ( 'NONE', #6480, #8409, #4526, .T. ) ;
#1265 = UNCERTAINTY_MEASURE_WITH_UNIT (LENGTH_MEASURE( 1.000000000000000082E-05 ), #556, 'distance_accuracy_value', 'NONE');
#1266 = CARTESIAN_POINT ( 'NONE',  ( 42.10600729670323261, 20.35614527293011378, 5.790996345450104776 ) ) ;
#1267 = CARTESIAN_POINT ( 'NONE',  ( 55.00000000000000000, 5.000000000005799805, -440.9999999999999432 ) ) ;
#1268 = EDGE_CURVE ( 'NONE', #6113, #4496, #6846, .T. ) ;
#1269 = DIRECTION ( 'NONE',  ( 1.000000000000000000, 0.000000000000000000, 1.141265444721583757E-16 ) ) ;
#1270 = VECTOR ( 'NONE', #1352, 1000.000000000000000 ) ;
#1271 = CARTESIAN_POINT ( 'NONE',  ( 14.62537252192380244, 18.51392270876739232, -39.90521746594078678 ) ) ;
#1272 = UNCERTAINTY_MEASURE_WITH_UNIT (LENGTH_MEASURE( 1.000000000000000082E-05 ), #4473, 'distance_accuracy_value', 'NONE');
#1273 = DIRECTION ( 'NONE',  ( 1.000000000000000000, 0.000000000000000000, 0.000000000000000000 ) ) ;
#1274 = CARTESIAN_POINT ( 'NONE',  ( -18.49218940641787512, 49.99999999999999289, 8.999999999999991118 ) ) ;
#1275 = ORIENTED_EDGE ( 'NONE', *, *, #1392, .F. ) ;
#1276 = ADVANCED_FACE ( 'NONE', ( #1494 ), #9166, .T. ) ;
#1277 = CARTESIAN_POINT ( 'NONE',  ( -35.61464024155681329, 5.426187063174159775, -11.98701582130421706 ) ) ;
#1278 = CARTESIAN_POINT ( 'NONE',  ( -35.38462345019672739, -194.4325299259506608, -12.00000000000001776 ) ) ;
#1279 = ADVANCED_FACE ( 'NONE', ( #6021 ), #597, .F. ) ;
#1280 = DIRECTION ( 'NONE',  ( 0.000000000000000000, 1.000000000000000000, 0.000000000000000000 ) ) ;
#1281 = COLOUR_RGB ( '',0.7921568627450980005, 0.8196078431372548767, 0.9333333333333333481 ) ;
#1282 = EDGE_CURVE ( 'NONE', #5778, #3622, #6036, .T. ) ;
#1283 = CYLINDRICAL_SURFACE ( 'NONE', #3084, 40.00000000000000000 ) ;
#1284 = ORIENTED_EDGE ( 'NONE', *, *, #3773, .F. ) ;
#1285 = CARTESIAN_POINT ( 'NONE',  ( 11.15681478011805083, 39.70581077065782694, -41.01180390710140244 ) ) ;
#1286 = VERTEX_POINT ( 'NONE', #6118 ) ;
#1287 = ORIENTED_EDGE ( 'NONE', *, *, #1264, .T. ) ;
#1288 = DIRECTION ( 'NONE',  ( -0.9743589743589743390, 0.2249990868562079249, 0.000000000000000000 ) ) ;
#1289 = VERTEX_POINT ( 'NONE', #2939 ) ;
#1290 = AXIS2_PLACEMENT_3D ( 'NONE', #3641, #8322, #1452 ) ;
#1291 = AXIS2_PLACEMENT_3D ( 'NONE', #607, #8376, #3698 ) ;
#1292 = DIRECTION ( 'NONE',  ( -1.541976423090496126E-16, -1.000000000000000000, 0.000000000000000000 ) ) ;
#1293 = CYLINDRICAL_SURFACE ( 'NONE', #7208, 36.00000000000000000 ) ;
#1294 = CARTESIAN_POINT ( 'NONE',  ( 0.000000000000000000, 78.39999999999999147, 0.000000000000000000 ) ) ;
#1295 = APPLICATION_PROTOCOL_DEFINITION ( 'draft international standard', 'automotive_design', 1998, #6279 ) ;
#1296 = CIRCLE ( 'NONE', #345, 36.00000000000000000 ) ;
#1297 = ORIENTED_EDGE ( 'NONE', *, *, #5488, .F. ) ;
#1298 = CARTESIAN_POINT ( 'NONE',  ( -10.10997062533397717, 6.845081678324143937, -36.65712022074829690 ) ) ;
#1299 = AXIS2_PLACEMENT_3D ( 'NONE', #7383, #541, #9716 ) ;
#1300 = CIRCLE ( 'NONE', #8631, 16.89999999999999858 ) ;
#1301 = DIRECTION ( 'NONE',  ( -0.000000000000000000, 1.000000000000000000, 0.000000000000000000 ) ) ;
#1302 = ORIENTED_EDGE ( 'NONE', *, *, #3760, .T. ) ;
#1303 = VERTEX_POINT ( 'NONE', #1447 ) ;
#1304 = CARTESIAN_POINT ( 'NONE',  ( 0.000000000000000000, 39.00000000000340350, -437.9999999999994316 ) ) ;
#1305 = CARTESIAN_POINT ( 'NONE',  ( 0.000000000000000000, 2.709389518942271787E-12, -388.0000000000000000 ) ) ;
#1306 = MECHANICAL_DESIGN_GEOMETRIC_PRESENTATION_REPRESENTATION (  '', ( #7679 ), #4643 ) ;
#1307 = DIRECTION ( 'NONE',  ( 1.000000000000000000, 0.000000000000000000, 0.000000000000000000 ) ) ;
#1308 = CIRCLE ( 'NONE', #6065, 16.89999999999999858 ) ;
#1309 = DIRECTION ( 'NONE',  ( -0.9743589743589737839, -0.2249990868562106727, 0.000000000000000000 ) ) ;
#1310 = DIRECTION ( 'NONE',  ( 0.000000000000000000, 1.000000000000000000, 7.195889974422311904E-15 ) ) ;
#1311 = PLANE ( 'NONE',  #491 ) ;
#1312 = CARTESIAN_POINT ( 'NONE',  ( -42.20738534279620069, 20.46397333320030754, 4.998731892602342519 ) ) ;
#1313 = ORIENTED_EDGE ( 'NONE', *, *, #2563, .F. ) ;
#1314 = EDGE_LOOP ( 'NONE', ( #3454, #776, #911, #5808 ) ) ;
#1315 = AXIS2_PLACEMENT_3D ( 'NONE', #2845, #2248, #9827 ) ;
#1316 = DIRECTION ( 'NONE',  ( -1.000000000000000000, 0.000000000000000000, 0.000000000000000000 ) ) ;
#1317 = DIRECTION ( 'NONE',  ( -0.000000000000000000, -0.000000000000000000, 1.000000000000000000 ) ) ;
#1318 = FACE_OUTER_BOUND ( 'NONE', #1178, .T. ) ;
#1319 = CARTESIAN_POINT ( 'NONE',  ( 34.51751045525493566, -54.22455240933917509, -342.0000000000007390 ) ) ;
#1320 = DIRECTION ( 'NONE',  ( -0.000000000000000000, -1.000000000000000000, -0.000000000000000000 ) ) ;
#1321 = LINE ( 'NONE', #718, #2021 ) ;
#1322 = ORIENTED_EDGE ( 'NONE', *, *, #9135, .F. ) ;
#1323 = ADVANCED_FACE ( 'NONE', ( #6788 ), #3840, .F. ) ;
#1324 = EDGE_CURVE ( 'NONE', #7713, #8202, #2064, .T. ) ;
#1325 = CARTESIAN_POINT ( 'NONE',  ( 0.000000000000000000, 5.445829513119708277E-13, -213.0000000000000284 ) ) ;
#1326 = DIRECTION ( 'NONE',  ( -0.000000000000000000, 0.000000000000000000, 1.000000000000000000 ) ) ;
#1327 = CARTESIAN_POINT ( 'NONE',  ( 0.000000000000000000, 2.960776175338977691E-12, -406.0000000000000000 ) ) ;
#1328 = CARTESIAN_POINT ( 'NONE',  ( -36.00000000000000000, 0.000000000000000000, 11.95826074310138409 ) ) ;
#1329 = DIRECTION ( 'NONE',  ( 0.000000000000000000, 1.000000000000000000, 7.401486830834375884E-15 ) ) ;
#1330 = VERTEX_POINT ( 'NONE', #2240 ) ;
#1331 = EDGE_CURVE ( 'NONE', #682, #104, #9066, .T. ) ;
#1332 = ORIENTED_EDGE ( 'NONE', *, *, #7978, .F. ) ;
#1333 = EDGE_LOOP ( 'NONE', ( #8466, #5216, #1332, #2171, #304 ) ) ;
#1334 = CARTESIAN_POINT ( 'NONE',  ( 38.89087296526012238, 38.89087296526377457, -455.9999999999994884 ) ) ;
#1335 = EDGE_CURVE ( 'NONE', #4326, #1837, #7024, .T. ) ;
#1336 = ORIENTED_EDGE ( 'NONE', *, *, #1475, .T. ) ;
#1337 = EDGE_CURVE ( 'NONE', #3949, #1717, #9171, .T. ) ;
#1338 = AXIS2_PLACEMENT_3D ( 'NONE', #1325, #3610, #7322 ) ;
#1339 = B_SPLINE_CURVE_WITH_KNOTS ( 'NONE', 3,
 ( #592, #2887, #3687, #1248, #6635, #2045 ),
 .UNSPECIFIED., .F., .F.,
 ( 4, 2, 4 ),
 ( 0.000000000000000000, 0.004076250747534572449, 0.008152501495069144899 ),
 .UNSPECIFIED. ) ;
#1340 = AXIS2_PLACEMENT_3D ( 'NONE', #7926, #1137, #7233 ) ;
#1341 = FACE_BOUND ( 'NONE', #9712, .T. ) ;
#1342 = CARTESIAN_POINT ( 'NONE',  ( -35.07692307692307310, 8.099967126823496955, -12.00000000000001421 ) ) ;
#1343 = CARTESIAN_POINT ( 'NONE',  ( -16.89999999999999858, 2.069653090559026923E-15, -38.99999999999998579 ) ) ;
#1344 = ORIENTED_EDGE ( 'NONE', *, *, #834, .T. ) ;
#1345 = CARTESIAN_POINT ( 'NONE',  ( 0.000000000000000000, 1.319691808535146862E-12, -324.0000000000000000 ) ) ;
#1346 = CARTESIAN_POINT ( 'NONE',  ( 21.41339544593835242, -169.2816994800511452, -9.042546674575046239 ) ) ;
#1347 = VERTEX_POINT ( 'NONE', #792 ) ;
#1348 = EDGE_LOOP ( 'NONE', ( #5235, #99, #6875, #3386 ) ) ;
#1349 = ADVANCED_FACE ( 'NONE', ( #6893 ), #58, .T. ) ;
#1350 = PLANE ( 'NONE',  #8083 ) ;
#1351 = CIRCLE ( 'NONE', #2628, 1.000000000000000888 ) ;
#1352 = DIRECTION ( 'NONE',  ( -0.000000000000000000, -0.000000000000000000, -1.000000000000000000 ) ) ;
#1353 = CARTESIAN_POINT ( 'NONE',  ( 0.000000000000000000, 59.50000000000000000, 0.000000000000000000 ) ) ;
#1354 =( REPRESENTATION_RELATIONSHIP ('NONE','NONE', #4268, #8339 ) REPRESENTATION_RELATIONSHIP_WITH_TRANSFORMATION ( #98 )SHAPE_REPRESENTATION_RELATIONSHIP( ) );
#1355 = CARTESIAN_POINT ( 'NONE',  ( -38.00000000000000711, -171.1999999999999886, -1.514518439508615673E-14 ) ) ;
#1356 = FACE_OUTER_BOUND ( 'NONE', #6847, .T. ) ;
#1357 = DIRECTION ( 'NONE',  ( -0.000000000000000000, 6.982962677686266711E-15, -1.000000000000000000 ) ) ;
#1358 = CARTESIAN_POINT ( 'NONE',  ( 1.907143936794560016E-14, 14.00000000000094147, -270.9999999999998863 ) ) ;
#1359 = CARTESIAN_POINT ( 'NONE',  ( -107.7111653229478918, -8.568932258358321619, 8.999999999999980460 ) ) ;
#1360 = PRODUCT_DEFINITION_SHAPE ( 'NONE', 'NONE',  #9855 ) ;
#1361 = ORIENTED_EDGE ( 'NONE', *, *, #5834, .F. ) ;
#1362 = ORIENTED_EDGE ( 'NONE', *, *, #4131, .F. ) ;
#1363 = ORIENTED_EDGE ( 'NONE', *, *, #8046, .T. ) ;
#1364 = FACE_OUTER_BOUND ( 'NONE', #2707, .T. ) ;
#1365 = PLANE ( 'NONE',  #965 ) ;
#1366 = DIRECTION ( 'NONE',  ( 1.000000000000000000, 1.776356839400250465E-15, 0.000000000000000000 ) ) ;
#1367 = DIRECTION ( 'NONE',  ( 0.000000000000000000, 0.000000000000000000, -1.000000000000000000 ) ) ;
#1368 = FACE_OUTER_BOUND ( 'NONE', #3586, .T. ) ;
#1369 = CARTESIAN_POINT ( 'NONE',  ( -37.50000000000001421, 15.41602615938556120, 20.00000000000000000 ) ) ;
#1370 = CARTESIAN_POINT ( 'NONE',  ( 0.000000000000000000, -201.1999999999999886, -19.00000000000000000 ) ) ;
#1371 = ORIENTED_EDGE ( 'NONE', *, *, #241, .T. ) ;
#1372 = CARTESIAN_POINT ( 'NONE',  ( -38.89087296526011528, -38.89087296525645598, -456.0000000000005684 ) ) ;
#1373 = DIRECTION ( 'NONE',  ( 1.000000000000000000, 0.000000000000000000, -0.000000000000000000 ) ) ;
#1374 = CARTESIAN_POINT ( 'NONE',  ( -46.99999999999999289, 40.00000000000000000, 4.499999999999983125 ) ) ;
#1375 = SHAPE_REPRESENTATION ( '3. Crank Shaft', ( #2024 ), #3464 ) ;
#1376 = EDGE_CURVE ( 'NONE', #1303, #437, #6039, .T. ) ;
#1377 = PLANE ( 'NONE',  #7621 ) ;
#1378 = AXIS2_PLACEMENT_3D ( 'NONE', #712, #1513, #6807 ) ;
#1379 = CARTESIAN_POINT ( 'NONE',  ( 8.999999999999998224, -145.5999999999999659, 8.000000000000000000 ) ) ;
#1380 = ORIENTED_EDGE ( 'NONE', *, *, #9282, .F. ) ;
#1381 = EDGE_LOOP ( 'NONE', ( #1719, #3075, #4194, #8493 ) ) ;
#1382 = LINE ( 'NONE', #9833, #8107 ) ;
#1383 = ORIENTED_EDGE ( 'NONE', *, *, #2013, .F. ) ;
#1384 = AXIS2_PLACEMENT_3D ( 'NONE', #9779, #3592, #8976 ) ;
#1385 = ORIENTED_EDGE ( 'NONE', *, *, #8788, .T. ) ;
#1386 = EDGE_CURVE ( 'NONE', #4785, #4745, #9280, .T. ) ;
#1387 = EDGE_CURVE ( 'NONE', #744, #8632, #9353, .T. ) ;
#1388 = DIRECTION ( 'NONE',  ( 0.000000000000000000, -0.000000000000000000, -1.000000000000000000 ) ) ;
#1389 = CYLINDRICAL_SURFACE ( 'NONE', #1299, 4.999999999999997335 ) ;
#1390 = DIRECTION ( 'NONE',  ( -1.000000000000000000, 0.000000000000000000, 0.000000000000000000 ) ) ;
#1391 = VECTOR ( 'NONE', #475, 1000.000000000000000 ) ;
#1392 = EDGE_CURVE ( 'NONE', #5047, #4228, #4879, .T. ) ;
#1393 = DIRECTION ( 'NONE',  ( 0.5283018867942608221, -3.147252083176215544E-16, 0.8490566037724598392 ) ) ;
#1394 = ORIENTED_EDGE ( 'NONE', *, *, #7930, .T. ) ;
#1395 = CARTESIAN_POINT ( 'NONE',  ( -1.537240271829758589E-16, 4.499999999999996447, -38.00000000000000711 ) ) ;
#1396 = CARTESIAN_POINT ( 'NONE',  ( -34.51751045525492145, 54.22455240934100118, -98.99999999999964473 ) ) ;
#1397 = ORIENTED_EDGE ( 'NONE', *, *, #8608, .F. ) ;
#1398 = CIRCLE ( 'NONE', #6497, 39.50000000000000000 ) ;
#1399 = ORIENTED_EDGE ( 'NONE', *, *, #9002, .F. ) ;
#1400 = CARTESIAN_POINT ( 'NONE',  ( -14.62140726525118239, 35.49292656779881838, 39.90667312673444656 ) ) ;
#1401 = DIRECTION ( 'NONE',  ( -0.000000000000000000, -0.000000000000000000, -1.000000000000000000 ) ) ;
#1402 = CARTESIAN_POINT ( 'NONE',  ( -55.00000000000000000, 3.662440221805259667E-12, -456.0000000000000000 ) ) ;
#1403 =( LENGTH_UNIT ( ) NAMED_UNIT ( * ) SI_UNIT ( .MILLI., .METRE. ) );
#1404 = VECTOR ( 'NONE', #1911, 1000.000000000000000 ) ;
#1405 = LINE ( 'NONE', #4442, #9427 ) ;
#1406 = CARTESIAN_POINT ( 'NONE',  ( -28.73430167230766941, 8.614342402022785450, 24.86864122103964903 ) ) ;
#1407 = EDGE_CURVE ( 'NONE', #486, #24, #5676, .T. ) ;
#1408 = DIRECTION ( 'NONE',  ( 0.000000000000000000, 0.000000000000000000, 1.000000000000000000 ) ) ;
#1409 = AXIS2_PLACEMENT_3D ( 'NONE', #7718, #825, #2270 ) ;
#1410 = CARTESIAN_POINT ( 'NONE',  ( -40.19332265333128618, 18.31580235979162197, -13.91473622094123819 ) ) ;
#1411 = VECTOR ( 'NONE', #4364, 1000.000000000000000 ) ;
#1412 = ORIENTED_EDGE ( 'NONE', *, *, #7624, .F. ) ;
#1413 = ADVANCED_FACE ( 'NONE', ( #8997 ), #5122, .F. ) ;
#1414 = VERTEX_POINT ( 'NONE', #7471 ) ;
#1415 = CIRCLE ( 'NONE', #9049, 2.999999999999999112 ) ;
#1416 = ORIENTED_EDGE ( 'NONE', *, *, #7611, .T. ) ;
#1417 = DIRECTION ( 'NONE',  ( 1.000000000000000000, 0.000000000000000000, 1.141265444721583757E-16 ) ) ;
#1418 = CARTESIAN_POINT ( 'NONE',  ( 1.106884595926295456E-14, -55.59999999999998010, -4.999999999999999112 ) ) ;
#1419 = DIRECTION ( 'NONE',  ( 1.000000000000000000, -1.776356839400250859E-15, 0.000000000000000000 ) ) ;
#1420 = CARTESIAN_POINT ( 'NONE',  ( -38.00000000000000000, 60.00000000000000000, -1.514518439508615042E-14 ) ) ;
#1421 = CARTESIAN_POINT ( 'NONE',  ( 1.539749897050354256E-14, 44.00000000000063949, -227.9999999999997158 ) ) ;
#1422 = CARTESIAN_POINT ( 'NONE',  ( -38.00000000000000711, -201.1999999999999886, -1.514518439508615673E-14 ) ) ;
#1423 = DIRECTION ( 'NONE',  ( 1.000000000000000000, 0.000000000000000000, -0.000000000000000000 ) ) ;
#1424 = ORIENTED_EDGE ( 'NONE', *, *, #7081, .F. ) ;
#1425 = CIRCLE ( 'NONE', #467, 27.00000000000000000 ) ;
#1426 = CARTESIAN_POINT ( 'NONE',  ( 16.93750815350362515, 41.88042172875395153, -34.03477046245894400 ) ) ;
#1427 = CYLINDRICAL_SURFACE ( 'NONE', #4959, 16.89999999999999858 ) ;
#1428 = AXIS2_PLACEMENT_3D ( 'NONE', #2816, #1280, #7418 ) ;
#1429 = DIRECTION ( 'NONE',  ( -1.000000000000000000, 0.000000000000000000, 0.000000000000000000 ) ) ;
#1430 = CARTESIAN_POINT ( 'NONE',  ( 34.46309434771101365, 8.587941529939120855, -24.87238447560083543 ) ) ;
#1431 = VERTEX_POINT ( 'NONE', #4369 ) ;
#1432 = ORIENTED_EDGE ( 'NONE', *, *, #1945, .F. ) ;
#1433 = AXIS2_PLACEMENT_3D ( 'NONE', #7157, #3303, #8645 ) ;
#1434 = PRODUCT_DEFINITION_SHAPE ( 'NONE', 'NONE',  #9862 ) ;
#1435 = CARTESIAN_POINT ( 'NONE',  ( 64.56989347527211009, -47.23059238027731510, -289.0000000000002842 ) ) ;
#1436 = CARTESIAN_POINT ( 'NONE',  ( -38.25123110765726864, -193.8756446672425113, -9.000000000000014211 ) ) ;
#1437 = FACE_OUTER_BOUND ( 'NONE', #774, .T. ) ;
#1438 = CONTEXT_DEPENDENT_SHAPE_REPRESENTATION ( #536, #23 ) ;
#1439 = ORIENTED_EDGE ( 'NONE', *, *, #6145, .T. ) ;
#1440 = CARTESIAN_POINT ( 'NONE',  ( 10.57375552197761159, -30.51436867563304389, 9.000000000000000000 ) ) ;
#1441 = DIRECTION ( 'NONE',  ( 0.000000000000000000, 0.000000000000000000, -1.000000000000000000 ) ) ;
#1442 = ORIENTED_EDGE ( 'NONE', *, *, #2295, .T. ) ;
#1443 = VECTOR ( 'NONE', #8084, 1000.000000000000000 ) ;
#1444 = ORIENTED_EDGE ( 'NONE', *, *, #5049, .T. ) ;
#1445 = CARTESIAN_POINT ( 'NONE',  ( -10.32425498887715776, 40.42442305874311614, 41.23744149368761924 ) ) ;
#1446 = EDGE_CURVE ( 'NONE', #3524, #4688, #6479, .T. ) ;
#1447 = CARTESIAN_POINT ( 'NONE',  ( -32.31098884280703487, 15.41602615938556298, -19.99999999999999645 ) ) ;
#1448 = ORIENTED_EDGE ( 'NONE', *, *, #2063, .F. ) ;
#1449 = EDGE_CURVE ( 'NONE', #4496, #3236, #5037, .T. ) ;
#1450 = DIRECTION ( 'NONE',  ( -0.000000000000000000, -0.000000000000000000, 1.000000000000000000 ) ) ;
#1451 = SURFACE_SIDE_STYLE ('',( #9728 ) ) ;
#1452 = DIRECTION ( 'NONE',  ( 0.000000000000000000, 1.000000000000000000, 1.396592535537253342E-14 ) ) ;
#1453 = CARTESIAN_POINT ( 'NONE',  ( -29.16285176210240948, 10.38167718183462007, 24.36467701155948262 ) ) ;
#1454 = CIRCLE ( 'NONE', #819, 3.000000000000002665 ) ;
#1455 = PRODUCT_DEFINITION_SHAPE ( 'NONE', 'NONE',  #9837 ) ;
#1456 = CYLINDRICAL_SURFACE ( 'NONE', #5898, 36.00000000000000000 ) ;
#1457 = CARTESIAN_POINT ( 'NONE',  ( 5.204748896899802891E-15, 10.09999999999999964, 42.50000000000000711 ) ) ;
#1458 = FACE_OUTER_BOUND ( 'NONE', #2800, .T. ) ;
#1459 = ORIENTED_EDGE ( 'NONE', *, *, #6383, .F. ) ;
#1460 = ORIENTED_EDGE ( 'NONE', *, *, #3980, .F. ) ;
#1461 = CIRCLE ( 'NONE', #9425, 3.000000000000002665 ) ;
#1462 = EDGE_CURVE ( 'NONE', #2204, #4907, #9814, .T. ) ;
#1463 = EDGE_CURVE ( 'NONE', #3634, #9437, #577, .T. ) ;
#1464 = ORIENTED_EDGE ( 'NONE', *, *, #585, .T. ) ;
#1465 = LINE ( 'NONE', #9090, #2576 ) ;
#1466 = EDGE_CURVE ( 'NONE', #1752, #1826, #4266, .T. ) ;
#1467 = CARTESIAN_POINT ( 'NONE',  ( 0.000000000000000000, 0.000000000000000000, 133.0000000000000000 ) ) ;
#1468 = DIRECTION ( 'NONE',  ( -0.000000000000000000, -1.396592535537253342E-14, 1.000000000000000000 ) ) ;
#1469 = PLANE ( 'NONE',  #6411 ) ;
#1470 = LINE ( 'NONE', #9699, #9187 ) ;
#1471 = CIRCLE ( 'NONE', #5613, 3.000000000000002665 ) ;
#1472 = DIRECTION ( 'NONE',  ( -0.6246950475544243986, -0.7808688094430301652, 0.000000000000000000 ) ) ;
#1473 = FACE_OUTER_BOUND ( 'NONE', #5020, .T. ) ;
#1474 = ORIENTED_EDGE ( 'NONE', *, *, #9442, .T. ) ;
#1475 = EDGE_CURVE ( 'NONE', #8333, #7058, #3520, .T. ) ;
#1476 = EDGE_CURVE ( 'NONE', #6388, #2079, #539, .T. ) ;
#1477 = CARTESIAN_POINT ( 'NONE',  ( 21.89984631173079777, 32.21564149094116658, -31.05527401543731969 ) ) ;
#1478 = LINE ( 'NONE', #677, #6558 ) ;
#1479 = CARTESIAN_POINT ( 'NONE',  ( 24.73913988196212799, 57.80868809443030187, -19.00000000000000000 ) ) ;
#1480 = CARTESIAN_POINT ( 'NONE',  ( -22.00000000000000000, 60.00000000000000000, -19.00000000000000000 ) ) ;
#1481 = ORIENTED_EDGE ( 'NONE', *, *, #6131, .F. ) ;
#1482 = ORIENTED_EDGE ( 'NONE', *, *, #7210, .T. ) ;
#1483 = ORIENTED_EDGE ( 'NONE', *, *, #4454, .F. ) ;
#1484 = AXIS2_PLACEMENT_3D ( 'NONE', #5694, #5092, #1112 ) ;
#1485 = DIRECTION ( 'NONE',  ( 0.000000000000000000, -1.000000000000000000, -1.110223024624632421E-14 ) ) ;
#1486 = CARTESIAN_POINT ( 'NONE',  ( 0.000000000000000000, 2.918878399272859838E-12, -403.0000000000000000 ) ) ;
#1487 = FILL_AREA_STYLE ('',( #939 ) ) ;
#1488 = VERTEX_POINT ( 'NONE', #7521 ) ;
#1489 = DIRECTION ( 'NONE',  ( -0.000000000000000000, -6.982962677686266711E-15, 1.000000000000000000 ) ) ;
#1490 = EDGE_LOOP ( 'NONE', ( #1287, #4537, #5109, #8091, #2547, #5125 ) ) ;
#1491 = ORIENTED_EDGE ( 'NONE', *, *, #3398, .F. ) ;
#1492 = AXIS2_PLACEMENT_3D ( 'NONE', #8108, #1977, #5161 ) ;
#1493 = CARTESIAN_POINT ( 'NONE',  ( 1.539749897050354256E-14, 44.00000000000017053, -159.9999999999997158 ) ) ;
#1494 = FACE_OUTER_BOUND ( 'NONE', #8785, .T. ) ;
#1495 = ORIENTED_EDGE ( 'NONE', *, *, #2000, .T. ) ;
#1496 = SHAPE_REPRESENTATION_RELATIONSHIP ( 'NONE' , 'NONE' ,  #6310, #8352 ) ;
#1497 = CARTESIAN_POINT ( 'NONE',  ( -30.18959104965164997, 12.66260854441432038, -23.08027587451876883 ) ) ;
#1498 = CARTESIAN_POINT ( 'NONE',  ( 0.000000000000000000, -38.99999999999997868, -99.00000000000031264 ) ) ;
#1499 = CARTESIAN_POINT ( 'NONE',  ( -46.49956922558553885, 13.77379991454220587, -174.9999999999999432 ) ) ;
#1500 = DIRECTION ( 'NONE',  ( -1.000000000000000000, 0.000000000000000000, 0.000000000000000000 ) ) ;
#1501 = CARTESIAN_POINT ( 'NONE',  ( 1.539749897050354256E-14, -70.99999999999789679, -345.0000000000010232 ) ) ;
#1502 = FACE_BOUND ( 'NONE', #4608, .T. ) ;
#1503 = CARTESIAN_POINT ( 'NONE',  ( -16.93509384916110605, 12.16844084219572864, 34.02159017231513616 ) ) ;
#1504 = AXIS2_PLACEMENT_3D ( 'NONE', #4091, #307, #3340 ) ;
#1505 = VECTOR ( 'NONE', #1527, 1000.000000000000000 ) ;
#1506 = ORIENTED_EDGE ( 'NONE', *, *, #434, .F. ) ;
#1507 = ORIENTED_EDGE ( 'NONE', *, *, #2801, .T. ) ;
#1508 = EDGE_LOOP ( 'NONE', ( #1902, #4042, #3124, #9325 ) ) ;
#1509 = DIRECTION ( 'NONE',  ( -1.224646799147350742E-16, 1.000000000000000000, 0.000000000000000000 ) ) ;
#1510 = DIRECTION ( 'NONE',  ( -1.000000000000000000, 0.000000000000000000, 0.000000000000000000 ) ) ;
#1511 = AXIS2_PLACEMENT_3D ( 'NONE', #7197, #1246, #5774 ) ;
#1512 = CARTESIAN_POINT ( 'NONE',  ( 0.000000000000000000, 2.918878399272860242E-12, -403.0000000000000000 ) ) ;
#1513 = DIRECTION ( 'NONE',  ( -0.000000000000000000, 6.982962677686266711E-15, -1.000000000000000000 ) ) ;
#1514 = EDGE_CURVE ( 'NONE', #5579, #5896, #7251, .T. ) ;
#1515 = DIRECTION ( 'NONE',  ( 0.000000000000000000, 1.000000000000000000, 0.000000000000000000 ) ) ;
#1516 = EDGE_CURVE ( 'NONE', #2979, #8689, #7403, .T. ) ;
#1517 = EDGE_CURVE ( 'NONE', #3283, #5526, #390, .T. ) ;
#1518 = LINE ( 'NONE', #9647, #9684 ) ;
#1519 = DIRECTION ( 'NONE',  ( -0.000000000000000000, -0.000000000000000000, -1.000000000000000000 ) ) ;
#1520 = CARTESIAN_POINT ( 'NONE',  ( 1.539749897050354256E-14, -43.99999999999733546, -385.0000000000006253 ) ) ;
#1521 = ORIENTED_EDGE ( 'NONE', *, *, #9135, .T. ) ;
#1522 = AXIS2_PLACEMENT_3D ( 'NONE', #3388, #4186, #5680 ) ;
#1523 = CARTESIAN_POINT ( 'NONE',  ( 28.61817604250837377, 85.00000000000000000, -25.00000000000000000 ) ) ;
#1524 = CARTESIAN_POINT ( 'NONE',  ( 1.539749897050354256E-14, -43.99999999999793943, -342.0000000000006253 ) ) ;
#1525 = ADVANCED_FACE ( 'NONE', ( #8853 ), #1283, .F. ) ;
#1526 = CARTESIAN_POINT ( 'NONE',  ( 0.000000000000000000, 3.407685786710898357E-12, -438.0000000000000000 ) ) ;
#1527 = DIRECTION ( 'NONE',  ( -0.000000000000000000, -0.000000000000000000, -1.000000000000000000 ) ) ;
#1528 = ORIENTED_EDGE ( 'NONE', *, *, #8965, .T. ) ;
#1529 = ORIENTED_EDGE ( 'NONE', *, *, #4139, .T. ) ;
#1530 = ADVANCED_FACE ( 'NONE', ( #1686 ), #6874, .F. ) ;
#1531 = ORIENTED_EDGE ( 'NONE', *, *, #7556, .F. ) ;
#1532 = CIRCLE ( 'NONE', #9017, 2.999999999999999112 ) ;
#1533 = CARTESIAN_POINT ( 'NONE',  ( 21.88945349699435283, 32.21939802019239352, 31.06227124854425625 ) ) ;
#1534 = CARTESIAN_POINT ( 'NONE',  ( -12.73727763407487501, 15.83898539316454901, 40.55440670448680862 ) ) ;
#1535 = PRESENTATION_STYLE_ASSIGNMENT (( #9112 ) ) ;
#1536 = CARTESIAN_POINT ( 'NONE',  ( -9.877665753868711818, 40.72388737074337683, -41.33886341552230448 ) ) ;
#1537 = VERTEX_POINT ( 'NONE', #6103 ) ;
#1538 = FACE_OUTER_BOUND ( 'NONE', #2455, .T. ) ;
#1539 = ORIENTED_EDGE ( 'NONE', *, *, #1589, .F. ) ;
#1540 = ORIENTED_EDGE ( 'NONE', *, *, #7485, .F. ) ;
#1541 = CARTESIAN_POINT ( 'NONE',  ( 0.000000000000000000, 39.00000000000027711, -174.9999999999997442 ) ) ;
#1542 = AXIS2_PLACEMENT_3D ( 'NONE', #8277, #2246, #606 ) ;
#1543 = DIRECTION ( 'NONE',  ( -1.541976423090496126E-16, -1.000000000000000000, 0.000000000000000000 ) ) ;
#1544 = CARTESIAN_POINT ( 'NONE',  ( 1.907143936794560016E-14, 14.00000000000096279, -273.9999999999998863 ) ) ;
#1545 = ORIENTED_EDGE ( 'NONE', *, *, #3411, .T. ) ;
#1546 = AXIS2_PLACEMENT_3D ( 'NONE', #5755, #1878, #2581 ) ;
#1547 = SHAPE_REPRESENTATION_RELATIONSHIP ( 'NONE' , 'NONE' ,  #3255, #9662 ) ;
#1548 = CARTESIAN_POINT ( 'NONE',  ( -28.61817604250837377, 6.755772121541173014, -25.00000000000000000 ) ) ;
#1549 = PLANE ( 'NONE',  #2876 ) ;
#1550 = LINE ( 'NONE', #5383, #8234 ) ;
#1551 = CARTESIAN_POINT ( 'NONE',  ( 0.000000000000000000, 55.19999999999999574, 0.000000000000000000 ) ) ;
#1552 = CIRCLE ( 'NONE', #7609, 39.50000000000000000 ) ;
#1553 = CIRCLE ( 'NONE', #4253, 26.99999999999999645 ) ;
#1554 = CARTESIAN_POINT ( 'NONE',  ( 1.657975655542604885E-14, -145.5999999999999943, 8.000000000000000000 ) ) ;
#1555 = CARTESIAN_POINT ( 'NONE',  ( 0.000000000000000000, 3.659072443107604261E-12, -456.0000000000000000 ) ) ;
#1556 = CARTESIAN_POINT ( 'NONE',  ( -28.61817604250837377, 0.000000000000000000, -25.00000000000000000 ) ) ;
#1557 = VERTEX_POINT ( 'NONE', #46 ) ;
#1558 = AXIS2_PLACEMENT_3D ( 'NONE', #4702, #6867, #7712 ) ;
#1559 = ORIENTED_EDGE ( 'NONE', *, *, #9461, .F. ) ;
#1560 = EDGE_LOOP ( 'NONE', ( #1380, #2618, #1817, #6637, #3410 ) ) ;
#1561 = VECTOR ( 'NONE', #4455, 1000.000000000000114 ) ;
#1562 = FACE_OUTER_BOUND ( 'NONE', #4281, .T. ) ;
#1563 = CARTESIAN_POINT ( 'NONE',  ( 5.204748896376250896E-15, 78.39999999999999147, 42.50000000000000711 ) ) ;
#1564 = CIRCLE ( 'NONE', #7155, 27.00000000000000000 ) ;
#1565 = DIRECTION ( 'NONE',  ( 1.000000000000000000, 0.000000000000000000, 0.000000000000000000 ) ) ;
#1566 = DIRECTION ( 'NONE',  ( 0.000000000000000000, 0.000000000000000000, -1.000000000000000000 ) ) ;
#1567 = B_SPLINE_CURVE_WITH_KNOTS ( 'NONE', 3,
 ( #3079, #2330, #1596, #4626, #596, #3635, #8225, #6689, #9725, #1400, #2890, #4481, #7484, #5923, #8972, #4435, #1445, #5967, #3690, #2936, #6741, #9016, #7538, #695, #3736, #1700, #6284, #5477 ),
 .UNSPECIFIED., .F., .F.,
 ( 4, 2, 2, 2, 2, 2, 2, 2, 2, 2, 2, 2, 2, 4 ),
 ( 0.05339227888968196833, 0.05505975820123579223, 0.05672723751278961613, 0.06006219613589728473, 0.06172967544745111557, 0.06339715475900495334, 0.06506463407055879111, 0.06673211338211261501, 0.07006707200522030443, 0.07173455131677414220, 0.07340203062832797998, 0.07673698925143568328, 0.07840446856298952105, 0.08007194787454337270 ),
 .UNSPECIFIED. ) ;
#1568 = DIRECTION ( 'NONE',  ( 0.000000000000000000, 1.396592535537253342E-14, -1.000000000000000000 ) ) ;
#1569 = CARTESIAN_POINT ( 'NONE',  ( -34.36931771216881515, 7.687535800667410157, 25.00000000000000000 ) ) ;
#1570 = DIRECTION ( 'NONE',  ( 1.000000000000000000, 0.000000000000000000, 0.000000000000000000 ) ) ;
#1571 = AXIS2_PLACEMENT_3D ( 'NONE', #7288, #2881, #3580 ) ;
#1572 = VECTOR ( 'NONE', #1674, 1000.000000000000227 ) ;
#1573 = ORIENTED_EDGE ( 'NONE', *, *, #1583, .F. ) ;
#1574 = EDGE_CURVE ( 'NONE', #218, #9, #7668, .T. ) ;
#1575 = EDGE_CURVE ( 'NONE', #3077, #218, #3170, .T. ) ;
#1576 = CARTESIAN_POINT ( 'NONE',  ( 36.00000000000000000, 3.179822252548014930E-12, -438.0000000000000000 ) ) ;
#1577 = CARTESIAN_POINT ( 'NONE',  ( -17.50000000000000355, 0.000000000000000000, 130.0000000000000000 ) ) ;
#1578 = DIRECTION ( 'NONE',  ( -0.000000000000000000, 1.000000000000000000, 0.000000000000000000 ) ) ;
#1579 = DIRECTION ( 'NONE',  ( -0.000000000000000000, -0.000000000000000000, 1.000000000000000000 ) ) ;
#1580 = CARTESIAN_POINT ( 'NONE',  ( -34.51751045525492145, -54.22455240933918930, -342.0000000000007390 ) ) ;
#1581 = ORIENTED_EDGE ( 'NONE', *, *, #7259, .T. ) ;
#1582 = VERTEX_POINT ( 'NONE', #9154 ) ;
#1583 = EDGE_CURVE ( 'NONE', #6105, #7188, #7891, .T. ) ;
#1584 = AXIS2_PLACEMENT_3D ( 'NONE', #4515, #3769, #535 ) ;
#1585 = VERTEX_POINT ( 'NONE', #1580 ) ;
#1586 = ADVANCED_FACE ( 'NONE', ( #3068, #140 ), #2966, .F. ) ;
#1587 = CARTESIAN_POINT ( 'NONE',  ( 14.07924940759890831, 44.55433411580966663, 35.29680691129672709 ) ) ;
#1588 = CARTESIAN_POINT ( 'NONE',  ( -35.61613899620186174, 5.416339294269266524, 11.98693117703043143 ) ) ;
#1589 = EDGE_CURVE ( 'NONE', #4783, #8224, #3766, .T. ) ;
#1590 = CARTESIAN_POINT ( 'NONE',  ( -34.51751045525492145, -54.22455240933939535, -327.0000000000007958 ) ) ;
#1591 = CONTEXT_DEPENDENT_SHAPE_REPRESENTATION ( #8366, #4219 ) ;
#1592 = DIRECTION ( 'NONE',  ( 0.000000000000000000, 1.000000000000000000, 1.110223024625425226E-14 ) ) ;
#1593 = ORIENTED_EDGE ( 'NONE', *, *, #5560, .F. ) ;
#1594 = VERTEX_POINT ( 'NONE', #9802 ) ;
#1595 = VERTEX_POINT ( 'NONE', #3919 ) ;
#1596 = CARTESIAN_POINT ( 'NONE',  ( -16.87267171428923618, 28.11167662555688551, 39.00726296698121587 ) ) ;
#1597 = CARTESIAN_POINT ( 'NONE',  ( -35.94579507938281182, 18.82878930018265606, 12.35577881503230380 ) ) ;
#1598 = ORIENTED_EDGE ( 'NONE', *, *, #7496, .T. ) ;
#1599 = AXIS2_PLACEMENT_3D ( 'NONE', #1493, #9118, #2283 ) ;
#1600 = CARTESIAN_POINT ( 'NONE',  ( -22.50000000000000355, 0.000000000000000000, 19.00000000000000000 ) ) ;
#1601 = CARTESIAN_POINT ( 'NONE',  ( 1.539749897050354256E-14, 44.00000000000066080, -230.9999999999996874 ) ) ;
#1602 = CARTESIAN_POINT ( 'NONE',  ( 16.79100995785141137, 29.22043273738952252, -39.04317179852436936 ) ) ;
#1603 = CARTESIAN_POINT ( 'NONE',  ( 0.000000000000000000, 0.000000000000000000, -61.00000000000000000 ) ) ;
#1604 = CARTESIAN_POINT ( 'NONE',  ( -35.92232950245769985, -198.4737665732858716, 11.96616446274448187 ) ) ;
#1605 = CARTESIAN_POINT ( 'NONE',  ( 27.00000000000001421, -43.99999999999761258, -385.0000000000006253 ) ) ;
#1606 = TOROIDAL_SURFACE ( 'NONE', #2236, 30.00000000000000000, 3.000000000000000000 ) ;
#1607 = DIRECTION ( 'NONE',  ( -0.000000000000000000, 1.000000000000000000, -0.000000000000000000 ) ) ;
#1608 = CARTESIAN_POINT ( 'NONE',  ( 23.27861538330052227, -171.1999999999999602, 9.169995171090695507 ) ) ;
#1609 = EDGE_LOOP ( 'NONE', ( #579, #1711 ) ) ;
#1610 = EDGE_LOOP ( 'NONE', ( #313, #9472, #316, #3538 ) ) ;
#1611 = ORIENTED_EDGE ( 'NONE', *, *, #7496, .F. ) ;
#1612 = CIRCLE ( 'NONE', #4801, 3.000000000000002665 ) ;
#1613 = CIRCLE ( 'NONE', #4624, 39.00000000000000000 ) ;
#1614 = CARTESIAN_POINT ( 'NONE',  ( 22.50000000000000355, 27.00000000000000000, -30.62270399556512501 ) ) ;
#1615 = CARTESIAN_POINT ( 'NONE',  ( -35.38612840771844503, 6.760952852633841381, -11.99999999927688599 ) ) ;
#1616 = CARTESIAN_POINT ( 'NONE',  ( -38.00000000000000000, -95.70788891204318816, 8.999999999999989342 ) ) ;
#1617 = DIRECTION ( 'NONE',  ( 1.000000000000000000, -1.224646799147353207E-16, -8.551662891793917213E-31 ) ) ;
#1618 = CARTESIAN_POINT ( 'NONE',  ( -64.56989347527211009, -47.23059238027773432, -228.0000000000003126 ) ) ;
#1619 = VECTOR ( 'NONE', #3006, 1000.000000000000000 ) ;
#1620 = CARTESIAN_POINT ( 'NONE',  ( -35.66624513607087721, 12.61611060081676605, 23.11425383132414524 ) ) ;
#1621 = LINE ( 'NONE', #4547, #3619 ) ;
#1622 = ORIENTED_EDGE ( 'NONE', *, *, #6937, .F. ) ;
#1623 = VECTOR ( 'NONE', #5318, 1000.000000000000000 ) ;
#1624 = VECTOR ( 'NONE', #9391, 1000.000000000000000 ) ;
#1625 = CARTESIAN_POINT ( 'NONE',  ( 1.517928073161725733, 49.49999999999998579, -38.00000000000000000 ) ) ;
#1626 = DIRECTION ( 'NONE',  ( 0.000000000000000000, 1.000000000000000000, 0.000000000000000000 ) ) ;
#1627 = AXIS2_PLACEMENT_3D ( 'NONE', #8444, #9246, #7066 ) ;
#1628 = DIRECTION ( 'NONE',  ( 0.000000000000000000, 0.000000000000000000, 1.000000000000000000 ) ) ;
#1629 = FACE_OUTER_BOUND ( 'NONE', #7234, .T. ) ;
#1630 = CARTESIAN_POINT ( 'NONE',  ( 0.000000000000000000, 2.960776175338977691E-12, -406.0000000000000000 ) ) ;
#1631 = EDGE_CURVE ( 'NONE', #9086, #2204, #5406, .T. ) ;
#1632 = CARTESIAN_POINT ( 'NONE',  ( 0.000000000000000000, 0.000000000000000000, 38.99999999999999289 ) ) ;
#1633 = ORIENTED_EDGE ( 'NONE', *, *, #5158, .T. ) ;
#1634 = DIRECTION ( 'NONE',  ( -0.000000000000000000, -0.000000000000000000, 1.000000000000000000 ) ) ;
#1635 = EDGE_CURVE ( 'NONE', #887, #85, #6287, .T. ) ;
#1636 = VERTEX_POINT ( 'NONE', #6924 ) ;
#1637 = ORIENTED_EDGE ( 'NONE', *, *, #8349, .T. ) ;
#1638 = CARTESIAN_POINT ( 'NONE',  ( 0.000000000000000000, 5.445829513119708277E-13, -213.0000000000000000 ) ) ;
#1639 = DIRECTION ( 'NONE',  ( -0.000000000000000000, -0.000000000000000000, -1.000000000000000000 ) ) ;
#1640 = CARTESIAN_POINT ( 'NONE',  ( -0.5579315379294309540, 10.09999999999999964, 42.50000000000001421 ) ) ;
#1641 =( NAMED_UNIT ( * ) SI_UNIT ( $, .STERADIAN. ) SOLID_ANGLE_UNIT ( ) );
#1642 = ITEM_DEFINED_TRANSFORMATION ( 'NONE', 'NONE', #3793,  #2024 ) ;
#1643 = EDGE_CURVE ( 'NONE', #729, #6392, #6607, .T. ) ;
#1644 = CARTESIAN_POINT ( 'NONE',  ( -1.129650836907594602, 43.90000000000001990, -42.50000000000002132 ) ) ;
#1645 = EDGE_CURVE ( 'NONE', #6907, #169, #826, .T. ) ;
#1646 = ORIENTED_EDGE ( 'NONE', *, *, #3109, .F. ) ;
#1647 = ADVANCED_FACE ( 'NONE', ( #8509 ), #6822, .F. ) ;
#1648 = VERTEX_POINT ( 'NONE', #1544 ) ;
#1649 = ORIENTED_EDGE ( 'NONE', *, *, #2063, .T. ) ;
#1650 = DIRECTION ( 'NONE',  ( -0.000000000000000000, -0.000000000000000000, -1.000000000000000000 ) ) ;
#1651 = CARTESIAN_POINT ( 'NONE',  ( -36.22297531403403781, 19.09077029163938732, 11.51849822642856580 ) ) ;
#1652 = ORIENTED_EDGE ( 'NONE', *, *, #7519, .T. ) ;
#1653 = DIRECTION ( 'NONE',  ( 0.000000000000000000, 0.000000000000000000, -1.000000000000000000 ) ) ;
#1654 = DIRECTION ( 'NONE',  ( 1.000000000000000000, 0.000000000000000000, 0.000000000000000000 ) ) ;
#1655 = DIRECTION ( 'NONE',  ( -0.000000000000000000, -0.000000000000000000, 1.000000000000000000 ) ) ;
#1656 = ORIENTED_EDGE ( 'NONE', *, *, #5822, .F. ) ;
#1657 = DIRECTION ( 'NONE',  ( -0.000000000000000000, -1.000000000000000000, -0.000000000000000000 ) ) ;
#1658 = CARTESIAN_POINT ( 'NONE',  ( 1.539749897050354256E-14, -43.99999999999793943, -342.0000000000006253 ) ) ;
#1659 = EDGE_CURVE ( 'NONE', #4785, #2225, #80, .T. ) ;
#1660 = VECTOR ( 'NONE', #1450, 1000.000000000000000 ) ;
#1661 = DIRECTION ( 'NONE',  ( 0.000000000000000000, 0.000000000000000000, 1.000000000000000000 ) ) ;
#1662 = ORIENTED_EDGE ( 'NONE', *, *, #1169, .F. ) ;
#1663 = ORIENTED_EDGE ( 'NONE', *, *, #6455, .T. ) ;
#1664 = ORIENTED_EDGE ( 'NONE', *, *, #7271, .T. ) ;
#1665 = DIRECTION ( 'NONE',  ( -0.000000000000000000, -0.000000000000000000, -1.000000000000000000 ) ) ;
#1666 = ADVANCED_FACE ( 'NONE', ( #4607, #3872 ), #5264, .F. ) ;
#1667 = ORIENTED_EDGE ( 'NONE', *, *, #3216, .T. ) ;
#1668 = CARTESIAN_POINT ( 'NONE',  ( 22.30995811664655903, 23.98691614971814090, -30.76157534073539424 ) ) ;
#1669 = VECTOR ( 'NONE', #1292, 1000.000000000000000 ) ;
#1670 = DIRECTION ( 'NONE',  ( 0.000000000000000000, 0.000000000000000000, 1.000000000000000000 ) ) ;
#1671 = DIRECTION ( 'NONE',  ( -0.2840153447039231449, 0.9588197348681929411, 6.695402423213631826E-15 ) ) ;
#1672 = AXIS2_PLACEMENT_3D ( 'NONE', #7769, #5356, #930 ) ;
#1673 = CARTESIAN_POINT ( 'NONE',  ( 4.592425496802574367E-15, 36.00000000000000000, -95.99999999999978684 ) ) ;
#1674 = DIRECTION ( 'NONE',  ( -0.2840153447039231449, 0.9588197348681929411, 6.695402423213631826E-15 ) ) ;
#1675 = DIRECTION ( 'NONE',  ( 0.2840153447039234225, 0.9588197348681927190, 6.695402423213631037E-15 ) ) ;
#1676 = ORIENTED_EDGE ( 'NONE', *, *, #7419, .F. ) ;
#1677 = CIRCLE ( 'NONE', #6606, 1.000000000000000000 ) ;
#1678 = AXIS2_PLACEMENT_3D ( 'NONE', #6155, #5460, #6210 ) ;
#1679 = DIRECTION ( 'NONE',  ( 1.541976423090496126E-16, 1.000000000000000000, -0.000000000000000000 ) ) ;
#1680 = CARTESIAN_POINT ( 'NONE',  ( -38.00000000000000711, -201.1999999999999886, -4.500000000000012434 ) ) ;
#1681 = APPLICATION_CONTEXT ( 'automotive_design' ) ;
#1682 =( REPRESENTATION_RELATIONSHIP ('NONE','NONE', #4268, #8339 ) REPRESENTATION_RELATIONSHIP_WITH_TRANSFORMATION ( #6376 )SHAPE_REPRESENTATION_RELATIONSHIP( ) );
#1683 = CARTESIAN_POINT ( 'NONE',  ( -38.89087296526011528, -33.89087296525956106, -441.0000000000005116 ) ) ;
#1684 = DIRECTION ( 'NONE',  ( -0.000000000000000000, -1.396592535537253342E-14, 1.000000000000000000 ) ) ;
#1685 = CLOSED_SHELL ( 'NONE', ( #2074, #4246, #8541, #8709, #5724, #4993, #127, #868, #6205, #9122, #8728, #7501, #6519, #2243, #9085, #3097, #6754, #2847, #2010, #3853, #6463, #5342, #7026, #9572, #5712, #8345, #3653, #7626, #8087, #4979, #5223, #2726, #9622, #1413, #60, #6828, #2440, #8035, #376, #1323, #6596, #5169, #1033, #8884, #4156, #6072 ) ) ;
#1686 = FACE_OUTER_BOUND ( 'NONE', #1348, .T. ) ;
#1687 = ORIENTED_EDGE ( 'NONE', *, *, #1462, .F. ) ;
#1688 = FACE_OUTER_BOUND ( 'NONE', #1767, .T. ) ;
#1689 = ORIENTED_EDGE ( 'NONE', *, *, #4208, .F. ) ;
#1690 = ORIENTED_EDGE ( 'NONE', *, *, #3339, .T. ) ;
#1691 = CARTESIAN_POINT ( 'NONE',  ( -38.00000000000000000, -95.70788891204318816, 8.999999999999989342 ) ) ;
#1692 = EDGE_CURVE ( 'NONE', #2502, #2426, #7570, .T. ) ;
#1693 = DIRECTION ( 'NONE',  ( -1.000000000000000000, 0.000000000000000000, 0.000000000000000000 ) ) ;
#1694 = CARTESIAN_POINT ( 'NONE',  ( -16.90000000000000213, 26.44425660683441137, 38.99538434225259920 ) ) ;
#1695 = FILL_AREA_STYLE ('',( #6884 ) ) ;
#1696 = DIRECTION ( 'NONE',  ( 0.000000000000000000, 6.982962677686266711E-15, -1.000000000000000000 ) ) ;
#1697 = ORIENTED_EDGE ( 'NONE', *, *, #2419, .F. ) ;
#1698 = ORIENTED_EDGE ( 'NONE', *, *, #5532, .F. ) ;
#1699 = ORIENTED_EDGE ( 'NONE', *, *, #9640, .F. ) ;
#1700 = CARTESIAN_POINT ( 'NONE',  ( -1.115396202212146637, 43.87254619512192022, 42.48905963004703068 ) ) ;
#1701 = CARTESIAN_POINT ( 'NONE',  ( -46.49956922558553885, 13.77379991454220587, -174.9999999999999432 ) ) ;
#1702 = ORIENTED_EDGE ( 'NONE', *, *, #9344, .F. ) ;
#1703 = EDGE_CURVE ( 'NONE', #4326, #8804, #675, .T. ) ;
#1704 = EDGE_CURVE ( 'NONE', #8459, #7328, #2294, .T. ) ;
#1705 = AXIS2_PLACEMENT_3D ( 'NONE', #177, #5501, #8388 ) ;
#1706 = ADVANCED_FACE ( 'NONE', ( #1740 ), #7822, .F. ) ;
#1707 = CYLINDRICAL_SURFACE ( 'NONE', #6618, 39.50000000000000000 ) ;
#1708 = LINE ( 'NONE', #797, #9581 ) ;
#1709 = CARTESIAN_POINT ( 'NONE',  ( 7.000000000000011546, -55.59999999999997300, -4.999999999999999112 ) ) ;
#1710 =( BOUNDED_CURVE ( )  B_SPLINE_CURVE ( 3, ( #909, #222, #1771, #7108 ),
 .UNSPECIFIED., .F., .T. ) 
 B_SPLINE_CURVE_WITH_KNOTS ( ( 4, 4 ),
 ( 1.570796326794896558, 4.712388980384689674 ),
 .UNSPECIFIED. ) 
 CURVE ( )  GEOMETRIC_REPRESENTATION_ITEM ( )  RATIONAL_B_SPLINE_CURVE ( ( 1.000000000000000000, 0.3333333333333333703, 0.3333333333333333703, 1.000000000000000000 ) ) 
 REPRESENTATION_ITEM ( '' )  );
#1711 = ORIENTED_EDGE ( 'NONE', *, *, #6397, .T. ) ;
#1712 = CARTESIAN_POINT ( 'NONE',  ( 36.00000000000000000, 4.119066604359326438E-13, -178.0000000000000284 ) ) ;
#1713 = CARTESIAN_POINT ( 'NONE',  ( -17.85219876321209398, 13.28608188554403391, 33.54944114067525618 ) ) ;
#1714 = ORIENTED_EDGE ( 'NONE', *, *, #4805, .F. ) ;
#1715 = AXIS2_PLACEMENT_3D ( 'NONE', #5287, #5973, #6027 ) ;
#1716 = VERTEX_POINT ( 'NONE', #4072 ) ;
#1717 = VERTEX_POINT ( 'NONE', #2683 ) ;
#1718 = VECTOR ( 'NONE', #3508, 1000.000000000000000 ) ;
#1719 = ORIENTED_EDGE ( 'NONE', *, *, #3448, .F. ) ;
#1720 = EDGE_CURVE ( 'NONE', #3661, #5832, #2286, .T. ) ;
#1721 = CARTESIAN_POINT ( 'NONE',  ( -36.00000000000000000, 0.000000000000000000, 19.00000000000000000 ) ) ;
#1722 = AXIS2_PLACEMENT_3D ( 'NONE', #7146, #1759, #1149 ) ;
#1723 = AXIS2_PLACEMENT_3D ( 'NONE', #3745, #5882, #8930 ) ;
#1724 = EDGE_CURVE ( 'NONE', #8524, #2731, #4252, .T. ) ;
#1725 = CARTESIAN_POINT ( 'NONE',  ( 7.999999999999996447, -145.5999999999999659, -4.999999999999999112 ) ) ;
#1726 = DIRECTION ( 'NONE',  ( 0.000000000000000000, 1.000000000000000000, 7.195889974422311904E-15 ) ) ;
#1727 = EDGE_CURVE ( 'NONE', #7580, #6158, #6106, .T. ) ;
#1728 = CIRCLE ( 'NONE', #924, 3.000000000000002665 ) ;
#1729 = DIRECTION ( 'NONE',  ( 0.000000000000000000, -1.000000000000000000, 0.000000000000000000 ) ) ;
#1730 = DIRECTION ( 'NONE',  ( -1.000000000000000000, 0.000000000000000000, 0.000000000000000000 ) ) ;
#1731 = CARTESIAN_POINT ( 'NONE',  ( 34.51751045525493566, -54.22455240933938114, -327.0000000000007958 ) ) ;
#1732 = ORIENTED_EDGE ( 'NONE', *, *, #2723, .T. ) ;
#1733 = AXIS2_PLACEMENT_3D ( 'NONE', #6682, #5863, #5178 ) ;
#1734 = AXIS2_PLACEMENT_3D ( 'NONE', #2473, #9207, #3067 ) ;
#1735 = DIRECTION ( 'NONE',  ( -0.000000000000000000, -0.000000000000000000, 1.000000000000000000 ) ) ;
#1736 = AXIS2_PLACEMENT_3D ( 'NONE', #2414, #3060, #2465 ) ;
#1737 = CARTESIAN_POINT ( 'NONE',  ( 0.000000000000000000, 55.19999999999999574, 0.000000000000000000 ) ) ;
#1738 = CARTESIAN_POINT ( 'NONE',  ( -7.999999999999989342, -55.60000000000000853, 4.999999999999999112 ) ) ;
#1739 = CARTESIAN_POINT ( 'NONE',  ( 0.000000000000000000, 55.19999999999999574, 0.000000000000000000 ) ) ;
#1740 = FACE_OUTER_BOUND ( 'NONE', #2327, .T. ) ;
#1741 = ORIENTED_EDGE ( 'NONE', *, *, #2002, .T. ) ;
#1742 = CIRCLE ( 'NONE', #7310, 80.00000000000000000 ) ;
#1743 = CIRCLE ( 'NONE', #2993, 36.00000000000000000 ) ;
#1744 = ORIENTED_EDGE ( 'NONE', *, *, #5470, .F. ) ;
#1745 = PRODUCT_DEFINITION_CONTEXT ( 'detailed design', #5757, 'design' ) ;
#1746 = LINE ( 'NONE', #7965, #9617 ) ;
#1747 = DIRECTION ( 'NONE',  ( 0.000000000000000000, 0.000000000000000000, 1.000000000000000000 ) ) ;
#1748 = CYLINDRICAL_SURFACE ( 'NONE', #9739, 4.999999999998033573 ) ;
#1749 = SURFACE_SIDE_STYLE ('',( #9319 ) ) ;
#1750 = CARTESIAN_POINT ( 'NONE',  ( 46.49956922558554595, -13.77379991454191632, 15.00000000000000000 ) ) ;
#1751 = DIRECTION ( 'NONE',  ( 1.000000000000000000, 0.000000000000000000, 0.000000000000000000 ) ) ;
#1752 = VERTEX_POINT ( 'NONE', #9565 ) ;
#1753 = ORIENTED_EDGE ( 'NONE', *, *, #6535, .F. ) ;
#1754 = ORIENTED_EDGE ( 'NONE', *, *, #5295, .F. ) ;
#1755 = DIRECTION ( 'NONE',  ( -0.000000000000000000, -1.396592535537253342E-14, 1.000000000000000000 ) ) ;
#1756 = EDGE_LOOP ( 'NONE', ( #1851, #9624 ) ) ;
#1757 = CARTESIAN_POINT ( 'NONE',  ( 0.000000000000000000, -201.1999999999999886, 19.00000000000000000 ) ) ;
#1758 = CARTESIAN_POINT ( 'NONE',  ( 0.000000000000000000, 0.000000000000000000, 53.00000000000000000 ) ) ;
#1759 = DIRECTION ( 'NONE',  ( -0.000000000000000000, -0.000000000000000000, -1.000000000000000000 ) ) ;
#1760 = DIRECTION ( 'NONE',  ( -1.000000000000000000, 1.838529328779259231E-13, -4.255325790912383269E-17 ) ) ;
#1761 = ORIENTED_EDGE ( 'NONE', *, *, #1386, .T. ) ;
#1762 = DIRECTION ( 'NONE',  ( 0.000000000000000000, -1.000000000000000000, -7.401486830834377462E-15 ) ) ;
#1763 = CARTESIAN_POINT ( 'NONE',  ( 38.00000000000000000, -192.4250356126078714, 8.999999999999996447 ) ) ;
#1764 = LINE ( 'NONE', #360, #8504 ) ;
#1765 = ORIENTED_EDGE ( 'NONE', *, *, #1407, .F. ) ;
#1766 = EDGE_CURVE ( 'NONE', #4302, #5942, #7883, .T. ) ;
#1767 = EDGE_LOOP ( 'NONE', ( #9616, #4114, #9381, #1031 ) ) ;
#1768 = EDGE_CURVE ( 'NONE', #4957, #7043, #7565, .T. ) ;
#1769 = ORIENTED_EDGE ( 'NONE', *, *, #9798, .T. ) ;
#1770 = DIRECTION ( 'NONE',  ( 0.000000000000000000, 0.000000000000000000, 1.000000000000000000 ) ) ;
#1771 = CARTESIAN_POINT ( 'NONE',  ( 29.00000000000000711, 54.40000000000000568, 4.500000000000004441 ) ) ;
#1772 = ORIENTED_EDGE ( 'NONE', *, *, #9324, .F. ) ;
#1773 = CARTESIAN_POINT ( 'NONE',  ( 20.17144731659489310, 16.92520595448939247, -32.21134797343358969 ) ) ;
#1774 = CARTESIAN_POINT ( 'NONE',  ( 0.000000000000000000, 0.000000000000000000, 19.00000000000000000 ) ) ;
#1775 = AXIS2_PLACEMENT_3D ( 'NONE', #3185, #1650, #6171 ) ;
#1776 = CARTESIAN_POINT ( 'NONE',  ( 0.000000000000000000, 82.69999999999998863, 0.000000000000000000 ) ) ;
#1777 = DIRECTION ( 'NONE',  ( 0.000000000000000000, 1.396592535537253342E-14, -1.000000000000000000 ) ) ;
#1778 = DIRECTION ( 'NONE',  ( -0.000000000000000000, -1.000000000000000000, -0.000000000000000000 ) ) ;
#1779 = FACE_OUTER_BOUND ( 'NONE', #8307, .T. ) ;
#1780 = EDGE_CURVE ( 'NONE', #8346, #6907, #5004, .T. ) ;
#1781 = ORIENTED_EDGE ( 'NONE', *, *, #2911, .F. ) ;
#1782 = EDGE_CURVE ( 'NONE', #2426, #7722, #4929, .T. ) ;
#1783 = CIRCLE ( 'NONE', #5413, 38.00000000000000711 ) ;
#1784 = CIRCLE ( 'NONE', #7350, 30.00000000000000000 ) ;
#1785 = LINE ( 'NONE', #188, #41 ) ;
#1786 = AXIS2_PLACEMENT_3D ( 'NONE', #7240, #4187, #1853 ) ;
#1787 = CIRCLE ( 'NONE', #3045, 36.00000000000000000 ) ;
#1788 = CARTESIAN_POINT ( 'NONE',  ( 33.07375552197760982, -30.51436867563304389, 19.00000000000000000 ) ) ;
#1789 = CARTESIAN_POINT ( 'NONE',  ( -18.27883381693181875, 40.13984293017320937, -33.31812954496264467 ) ) ;
#1790 = DIRECTION ( 'NONE',  ( 0.9986295347545739443, -0.05233595624294370974, 0.000000000000000000 ) ) ;
#1791 = DIRECTION ( 'NONE',  ( 1.224646799147349509E-16, 1.000000000000000000, 0.000000000000000000 ) ) ;
#1792 = ORIENTED_EDGE ( 'NONE', *, *, #4732, .T. ) ;
#1793 = EDGE_CURVE ( 'NONE', #375, #3671, #5718, .T. ) ;
#1794 = AXIS2_PLACEMENT_3D ( 'NONE', #5337, #7010, #4057 ) ;
#1795 = EDGE_LOOP ( 'NONE', ( #3187, #3509, #7034, #3620 ) ) ;
#1796 = TOROIDAL_SURFACE ( 'NONE', #4329, 39.00000000000000000, 3.000000000000000000 ) ;
#1797 = CARTESIAN_POINT ( 'NONE',  ( 0.000000000000000000, 0.000000000000000000, -41.00000000000000000 ) ) ;
#1798 =( LENGTH_UNIT ( ) NAMED_UNIT ( * ) SI_UNIT ( .MILLI., .METRE. ) );
#1799 = CARTESIAN_POINT ( 'NONE',  ( -38.00000000000000000, -192.4250356126078714, 8.999999999999987566 ) ) ;
#1800 = CARTESIAN_POINT ( 'NONE',  ( -34.36931771216880804, 0.000000000000000000, 25.00000000000000711 ) ) ;
#1801 = CONTEXT_DEPENDENT_SHAPE_REPRESENTATION ( #7806, #1190 ) ;
#1802 = CARTESIAN_POINT ( 'NONE',  ( 38.75000000000000000, -199.7268035184360144, -8.968695557326038070 ) ) ;
#1803 = CARTESIAN_POINT ( 'NONE',  ( 1.106884595926295456E-14, -55.59999999999998010, 5.999999999999999112 ) ) ;
#1804 = ORIENTED_EDGE ( 'NONE', *, *, #2081, .F. ) ;
#1805 = AXIS2_PLACEMENT_3D ( 'NONE', #9687, #9078, #701 ) ;
#1806 = ORIENTED_EDGE ( 'NONE', *, *, #2116, .T. ) ;
#1807 = ORIENTED_EDGE ( 'NONE', *, *, #3762, .T. ) ;
#1808 = ORIENTED_EDGE ( 'NONE', *, *, #3046, .T. ) ;
#1809 = CARTESIAN_POINT ( 'NONE',  ( 39.00000000000000000, 0.000000000000000000, 14.99999999999999822 ) ) ;
#1810 = CARTESIAN_POINT ( 'NONE',  ( 22.19671406479320552, 23.24310270393790034, 30.84379017646312704 ) ) ;
#1811 = CARTESIAN_POINT ( 'NONE',  ( 0.000000000000000000, 78.39999999999999147, 0.000000000000000000 ) ) ;
#1812 = DIRECTION ( 'NONE',  ( 0.1749468125764460369, -2.065924196397568350E-17, 0.9845778855780491501 ) ) ;
#1813 = ORIENTED_EDGE ( 'NONE', *, *, #9271, .T. ) ;
#1814 = SURFACE_SIDE_STYLE ('',( #400 ) ) ;
#1815 = DIRECTION ( 'NONE',  ( 1.000000000000000000, 0.000000000000000000, 0.000000000000000000 ) ) ;
#1816 = ORIENTED_EDGE ( 'NONE', *, *, #9501, .T. ) ;
#1817 = ORIENTED_EDGE ( 'NONE', *, *, #5838, .F. ) ;
#1818 = ORIENTED_EDGE ( 'NONE', *, *, #9061, .F. ) ;
#1819 = DIRECTION ( 'NONE',  ( 1.000000000000000000, 0.000000000000000000, 0.000000000000000000 ) ) ;
#1820 = CARTESIAN_POINT ( 'NONE',  ( 36.00000000000000000, -2.443503911417168552E-15, 11.95826074310140896 ) ) ;
#1821 = DIRECTION ( 'NONE',  ( 0.000000000000000000, 1.000000000000000000, 6.167905692361981744E-15 ) ) ;
#1822 = LINE ( 'NONE', #322, #5205 ) ;
#1823 = AXIS2_PLACEMENT_3D ( 'NONE', #9338, #1858, #9533 ) ;
#1824 = CARTESIAN_POINT ( 'NONE',  ( 1.539749897050354256E-14, 44.00000000000014921, -156.9999999999997158 ) ) ;
#1825 = DIRECTION ( 'NONE',  ( 0.000000000000000000, 0.000000000000000000, -1.000000000000000000 ) ) ;
#1826 = VERTEX_POINT ( 'NONE', #4782 ) ;
#1827 = AXIS2_PLACEMENT_3D ( 'NONE', #1797, #3425, #4824 ) ;
#1828 = ADVANCED_FACE ( 'NONE', ( #250 ), #4181, .F. ) ;
#1829 = EDGE_CURVE ( 'NONE', #4797, #7798, #8034, .T. ) ;
#1830 = CARTESIAN_POINT ( 'NONE',  ( -34.51751045525492145, -54.22455240934124987, 0.000000000000000000 ) ) ;
#1831 = ADVANCED_FACE ( 'NONE', ( #1184 ), #3282, .T. ) ;
#1832 = CARTESIAN_POINT ( 'NONE',  ( -20.91567205257156914, -168.2829123009146315, -9.000000000000000000 ) ) ;
#1833 = DIRECTION ( 'NONE',  ( -0.000000000000000000, -1.396592535537253342E-14, 1.000000000000000000 ) ) ;
#1834 = DIRECTION ( 'NONE',  ( 1.000000000000000000, 0.000000000000000000, 0.000000000000000000 ) ) ;
#1835 = ORIENTED_EDGE ( 'NONE', *, *, #9798, .F. ) ;
#1836 = CIRCLE ( 'NONE', #7407, 30.00000000000000000 ) ;
#1837 = VERTEX_POINT ( 'NONE', #6328 ) ;
#1838 = CYLINDRICAL_SURFACE ( 'NONE', #4360, 4.499999999999998224 ) ;
#1839 = EDGE_CURVE ( 'NONE', #6516, #7437, #6446, .T. ) ;
#1840 = CIRCLE ( 'NONE', #3427, 22.50000000000000355 ) ;
#1841 = DIRECTION ( 'NONE',  ( -0.000000000000000000, -1.000000000000000000, -0.000000000000000000 ) ) ;
#1842 = DIRECTION ( 'NONE',  ( -0.2840153447039231449, 0.9588197348681929411, 6.695402423213631826E-15 ) ) ;
#1843 = ITEM_DEFINED_TRANSFORMATION ( 'NONE', 'NONE', #6336,  #2024 ) ;
#1844 = DIRECTION ( 'NONE',  ( -1.000000000000000000, 0.000000000000000000, -1.141265444721583757E-16 ) ) ;
#1845 = ADVANCED_FACE ( 'NONE', ( #3383 ), #2619, .F. ) ;
#1846 = CARTESIAN_POINT ( 'NONE',  ( 0.000000000000000000, -201.1999999999999886, 19.00000000000000000 ) ) ;
#1847 = ORIENTED_EDGE ( 'NONE', *, *, #4553, .F. ) ;
#1848 = EDGE_LOOP ( 'NONE', ( #8866, #5022, #7386, #8045 ) ) ;
#1849 = ORIENTED_EDGE ( 'NONE', *, *, #5360, .F. ) ;
#1850 = CIRCLE ( 'NONE', #3107, 36.00000000000000000 ) ;
#1851 = ORIENTED_EDGE ( 'NONE', *, *, #3772, .T. ) ;
#1852 = CARTESIAN_POINT ( 'NONE',  ( 28.61817604250836311, 7.701505793815497825, -24.99999999999999645 ) ) ;
#1853 = DIRECTION ( 'NONE',  ( 0.000000000000000000, 1.000000000000000000, 7.709882115452475800E-15 ) ) ;
#1854 = DIRECTION ( 'NONE',  ( -0.000000000000000000, 1.396592535537253342E-14, -1.000000000000000000 ) ) ;
#1855 = CARTESIAN_POINT ( 'NONE',  ( -3.960696469734867806E-14, 157.2000000000014950, 319.0000000000000568 ) ) ;
#1856 = VERTEX_POINT ( 'NONE', #9423 ) ;
#1857 = SURFACE_STYLE_FILL_AREA ( #8640 ) ;
#1858 = DIRECTION ( 'NONE',  ( -0.000000000000000000, -0.000000000000000000, -1.000000000000000000 ) ) ;
#1859 = ORIENTED_EDGE ( 'NONE', *, *, #2661, .F. ) ;
#1860 = ORIENTED_EDGE ( 'NONE', *, *, #9619, .T. ) ;
#1861 = SURFACE_SIDE_STYLE ('',( #5643 ) ) ;
#1862 = CARTESIAN_POINT ( 'NONE',  ( 0.000000000000000000, 27.00000000000000000, 500000.0000000000582 ) ) ;
#1863 = LINE ( 'NONE', #3402, #3877 ) ;
#1864 = CARTESIAN_POINT ( 'NONE',  ( -38.75000000000000000, 0.000000000000000000, 8.968695557326032741 ) ) ;
#1865 = CARTESIAN_POINT ( 'NONE',  ( 0.000000000000000000, 0.000000000000000000, -42.50000000000001421 ) ) ;
#1866 = DIRECTION ( 'NONE',  ( 0.000000000000000000, 1.000000000000000000, 1.480297366166875492E-14 ) ) ;
#1867 = AXIS2_PLACEMENT_3D ( 'NONE', #2905, #2856, #3705 ) ;
#1868 = CARTESIAN_POINT ( 'NONE',  ( 38.68750310502052514, -198.2573272148092656, 8.974572379110083986 ) ) ;
#1869 = ORIENTED_EDGE ( 'NONE', *, *, #8171, .T. ) ;
#1870 = ORIENTED_EDGE ( 'NONE', *, *, #9569, .T. ) ;
#1871 = CIRCLE ( 'NONE', #6648, 36.00000000000000000 ) ;
#1872 = DIRECTION ( 'NONE',  ( -0.000000000000000000, -1.396592535537253342E-14, 1.000000000000000000 ) ) ;
#1873 = CARTESIAN_POINT ( 'NONE',  ( 3.870116906123637790, 43.46046558279689265, 42.32702019386072578 ) ) ;
#1874 = AXIS2_PLACEMENT_3D ( 'NONE', #2183, #5232, #4819 ) ;
#1875 = CARTESIAN_POINT ( 'NONE',  ( -14.89999999999999680, 0.000000000000000000, 41.00000000000000000 ) ) ;
#1876 = FACE_OUTER_BOUND ( 'NONE', #9557, .T. ) ;
#1877 = CARTESIAN_POINT ( 'NONE',  ( -16.93189613174727981, 41.83503141079102505, -34.02314506107379088 ) ) ;
#1878 = DIRECTION ( 'NONE',  ( 1.000000000000000000, 1.224646799147353207E-16, 8.551662891793917213E-31 ) ) ;
#1879 = CIRCLE ( 'NONE', #6654, 9.000000000000001776 ) ;
#1880 = CIRCLE ( 'NONE', #9828, 3.000000000000002665 ) ;
#1881 = ORIENTED_EDGE ( 'NONE', *, *, #6776, .T. ) ;
#1882 = EDGE_CURVE ( 'NONE', #7425, #5265, #5376, .T. ) ;
#1883 = CIRCLE ( 'NONE', #2977, 30.00000000000000000 ) ;
#1884 = EDGE_CURVE ( 'NONE', #8872, #2298, #3413, .T. ) ;
#1885 =( REPRESENTATION_RELATIONSHIP ('NONE','NONE', #4268, #4579 ) REPRESENTATION_RELATIONSHIP_WITH_TRANSFORMATION ( #2278 )SHAPE_REPRESENTATION_RELATIONSHIP( ) );
#1886 = ORIENTED_EDGE ( 'NONE', *, *, #6965, .F. ) ;
#1887 = PRESENTATION_LAYER_ASSIGNMENT (  '', '', ( #3147 ) ) ;
#1888 = FACE_OUTER_BOUND ( 'NONE', #662, .T. ) ;
#1889 = CARTESIAN_POINT ( 'NONE',  ( 16.75952442786589813, 29.24560110802721269, 39.05601180572849529 ) ) ;
#1890 = CARTESIAN_POINT ( 'NONE',  ( 0.000000000000000000, -201.1999999999999886, -19.00000000000000000 ) ) ;
#1891 = CARTESIAN_POINT ( 'NONE',  ( 0.000000000000000000, 0.000000000000000000, -12.00000000000001066 ) ) ;
#1892 = TOROIDAL_SURFACE ( 'NONE', #5702, 39.00000000000000000, 3.000000000000000000 ) ;
#1893 = CONTEXT_DEPENDENT_SHAPE_REPRESENTATION ( #8003, #8043 ) ;
#1894 = CARTESIAN_POINT ( 'NONE',  ( 1.539749897050354256E-14, -44.00000000000000000, -61.00000000000000000 ) ) ;
#1895 = CARTESIAN_POINT ( 'NONE',  ( 0.000000000000000000, 3.659072443107604261E-12, -456.0000000000000000 ) ) ;
#1896 = VERTEX_POINT ( 'NONE', #5523 ) ;
#1897 = VERTEX_POINT ( 'NONE', #4082 ) ;
#1898 = EDGE_CURVE ( 'NONE', #3633, #8524, #8573, .T. ) ;
#1899 = CIRCLE ( 'NONE', #7625, 3.000000000000002665 ) ;
#1900 = VERTEX_POINT ( 'NONE', #8675 ) ;
#1901 = ADVANCED_FACE ( 'NONE', ( #6428 ), #9470, .F. ) ;
#1902 = ORIENTED_EDGE ( 'NONE', *, *, #1475, .F. ) ;
#1903 = EDGE_CURVE ( 'NONE', #9107, #1922, #7481, .T. ) ;
#1904 = CARTESIAN_POINT ( 'NONE',  ( 0.000000000000000000, 4.299999999999999822, 0.000000000000000000 ) ) ;
#1905 = CARTESIAN_POINT ( 'NONE',  ( 7.361312762027218071, 5.725151525055794721, 37.28721686582181150 ) ) ;
#1906 = CARTESIAN_POINT ( 'NONE',  ( 0.000000000000000000, 0.000000000000000000, 15.00000000000000000 ) ) ;
#1907 = VERTEX_POINT ( 'NONE', #3537 ) ;
#1908 = CARTESIAN_POINT ( 'NONE',  ( 0.000000000000000000, 0.000000000000000000, -19.00000000000000000 ) ) ;
#1909 = ORIENTED_EDGE ( 'NONE', *, *, #5411, .F. ) ;
#1910 = ORIENTED_EDGE ( 'NONE', *, *, #9400, .T. ) ;
#1911 = DIRECTION ( 'NONE',  ( -0.000000000000000000, 1.000000000000000000, -0.000000000000000000 ) ) ;
#1912 = DIRECTION ( 'NONE',  ( 0.000000000000000000, 0.000000000000000000, 1.000000000000000000 ) ) ;
#1913 = CIRCLE ( 'NONE', #6520, 4.999999999997103650 ) ;
#1914 = ADVANCED_FACE ( 'NONE', ( #9583 ), #4431, .F. ) ;
#1915 = DIRECTION ( 'NONE',  ( -0.000000000000000000, -1.000000000000000000, -0.000000000000000000 ) ) ;
#1916 = CARTESIAN_POINT ( 'NONE',  ( -8.000000000000003553, -145.5999999999999659, -5.999999999999999112 ) ) ;
#1917 = CYLINDRICAL_SURFACE ( 'NONE', #3607, 36.00000000000000000 ) ;
#1918 = DIRECTION ( 'NONE',  ( 1.000000000000000000, 0.000000000000000000, 0.000000000000000000 ) ) ;
#1919 = CARTESIAN_POINT ( 'NONE',  ( 1.539749897050354256E-14, 71.00000000000014211, -156.9999999999995168 ) ) ;
#1920 = PRODUCT_DEFINITION_SHAPE ( 'NONE', 'NONE',  #9848 ) ;
#1921 = VERTEX_POINT ( 'NONE', #4236 ) ;
#1922 = VERTEX_POINT ( 'NONE', #1197 ) ;
#1923 = AXIS2_PLACEMENT_3D ( 'NONE', #5374, #4576, #5185 ) ;
#1924 = CARTESIAN_POINT ( 'NONE',  ( 42.25804758262525951, 20.51784375767985580, -4.551125710562129889 ) ) ;
#1925 = CARTESIAN_POINT ( 'NONE',  ( -38.00000000000000000, -296.9078889120432336, -9.000000000000010658 ) ) ;
#1926 = CARTESIAN_POINT ( 'NONE',  ( 34.51751045525493566, -54.22455240934123566, 15.00000000000000000 ) ) ;
#1927 = CARTESIAN_POINT ( 'NONE',  ( -7.189262450172941135E-16, 49.50000000000001421, -38.00000000000001421 ) ) ;
#1928 = CARTESIAN_POINT ( 'NONE',  ( 0.000000000000000000, 59.50000000000000000, 39.50000000000000000 ) ) ;
#1929 = ORIENTED_EDGE ( 'NONE', *, *, #8949, .F. ) ;
#1930 = VECTOR ( 'NONE', #8206, 1000.000000000000000 ) ;
#1931 = ORIENTED_EDGE ( 'NONE', *, *, #2906, .T. ) ;
#1932 = DIRECTION ( 'NONE',  ( 0.7071067811865463515, 8.659560562354918067E-17, -0.7071067811865487940 ) ) ;
#1933 = CARTESIAN_POINT ( 'NONE',  ( -35.99999999999999289, -199.8324372353107208, -11.95826074310141252 ) ) ;
#1934 = CIRCLE ( 'NONE', #6401, 4.499999999999998224 ) ;
#1935 = AXIS2_PLACEMENT_3D ( 'NONE', #6921, #3111, #9203 ) ;
#1936 = PLANE ( 'NONE',  #7192 ) ;
#1937 = CARTESIAN_POINT ( 'NONE',  ( 38.00000000000000711, -171.1999999999999886, 4.500000000000005329 ) ) ;
#1938 = CARTESIAN_POINT ( 'NONE',  ( 35.92232950245769985, 2.726233426714127273, -11.96616446274448897 ) ) ;
#1939 = EDGE_LOOP ( 'NONE', ( #1045, #231 ) ) ;
#1940 = CIRCLE ( 'NONE', #5899, 80.00000000000000000 ) ;
#1941 = EDGE_LOOP ( 'NONE', ( #2982, #209, #3315, #8223 ) ) ;
#1942 = ORIENTED_EDGE ( 'NONE', *, *, #7132, .T. ) ;
#1943 = PRESENTATION_LAYER_ASSIGNMENT (  '', '', ( #8472 ) ) ;
#1944 = EDGE_CURVE ( 'NONE', #7761, #7853, #1339, .T. ) ;
#1945 = EDGE_CURVE ( 'NONE', #2731, #8524, #863, .T. ) ;
#1946 = DIRECTION ( 'NONE',  ( 1.000000000000000000, 0.000000000000000000, 0.000000000000000000 ) ) ;
#1947 = CARTESIAN_POINT ( 'NONE',  ( 19.06110445326417846, 15.02303221477064099, 32.87688851613997087 ) ) ;
#1948 = FACE_BOUND ( 'NONE', #7483, .T. ) ;
#1949 = B_SPLINE_CURVE_WITH_KNOTS ( 'NONE', 3,
 ( #1864, #4902, #7952, #370, #2702, #3403 ),
 .UNSPECIFIED., .F., .F.,
 ( 4, 2, 4 ),
 ( 0.000000000000000000, 0.004403506556374454928, 0.008807013112748909855 ),
 .UNSPECIFIED. ) ;
#1950 = EDGE_CURVE ( 'NONE', #4866, #489, #2092, .T. ) ;
#1951 = DIRECTION ( 'NONE',  ( 0.7342820153140526829, 1.357020524873879299E-17, -0.6788445492057317843 ) ) ;
#1952 = VECTOR ( 'NONE', #9141, 1000.000000000000000 ) ;
#1953 = DIRECTION ( 'NONE',  ( 1.000000000000000000, 0.000000000000000000, 0.000000000000000000 ) ) ;
#1954 = CARTESIAN_POINT ( 'NONE',  ( -38.00000000000000711, -171.1999999999999886, -1.514518439508615673E-14 ) ) ;
#1955 = CARTESIAN_POINT ( 'NONE',  ( 38.00000000000000000, -192.4250356126078714, 8.999999999999996447 ) ) ;
#1956 = VERTEX_POINT ( 'NONE', #8822 ) ;
#1957 = ORIENTED_EDGE ( 'NONE', *, *, #6699, .F. ) ;
#1958 = DIRECTION ( 'NONE',  ( -0.000000000000000000, -1.000000000000000000, -0.000000000000000000 ) ) ;
#1959 = CARTESIAN_POINT ( 'NONE',  ( 1.539749897050354256E-14, -43.99999999999733546, -385.0000000000006253 ) ) ;
#1960 = CARTESIAN_POINT ( 'NONE',  ( 36.00000000000000000, 4.408728476930470856E-15, 53.00000000000000000 ) ) ;
#1961 = CARTESIAN_POINT ( 'NONE',  ( 1.539749897050354256E-14, 43.99999999999987210, -116.9999999999997158 ) ) ;
#1962 = CARTESIAN_POINT ( 'NONE',  ( 0.000000000000000000, -201.1999999999999886, 19.00000000000000000 ) ) ;
#1963 = EDGE_CURVE ( 'NONE', #1212, #5860, #4986, .T. ) ;
#1964 = FACE_OUTER_BOUND ( 'NONE', #1106, .T. ) ;
#1965 = FACE_OUTER_BOUND ( 'NONE', #9471, .T. ) ;
#1966 = ORIENTED_EDGE ( 'NONE', *, *, #5768, .F. ) ;
#1967 = EDGE_CURVE ( 'NONE', #7788, #9639, #9626, .T. ) ;
#1968 = ORIENTED_EDGE ( 'NONE', *, *, #5943, .F. ) ;
#1969 = AXIS2_PLACEMENT_3D ( 'NONE', #7988, #9439, #1815 ) ;
#1970 = CARTESIAN_POINT ( 'NONE',  ( 38.25528128762177715, 16.23364213698988223, -18.58384758570922912 ) ) ;
#1971 = FACE_OUTER_BOUND ( 'NONE', #6470, .T. ) ;
#1972 = DIRECTION ( 'NONE',  ( -0.000000000000000000, -1.396592535537253342E-14, 1.000000000000000000 ) ) ;
#1973 = DIRECTION ( 'NONE',  ( 0.000000000000000000, 1.000000000000000000, 1.110223024625425226E-14 ) ) ;
#1974 = FACE_OUTER_BOUND ( 'NONE', #8957, .T. ) ;
#1975 = ORIENTED_EDGE ( 'NONE', *, *, #9734, .F. ) ;
#1976 = AXIS2_PLACEMENT_3D ( 'NONE', #2865, #572, #5851 ) ;
#1977 = DIRECTION ( 'NONE',  ( 0.000000000000000000, 1.396592535537253342E-14, -1.000000000000000000 ) ) ;
#1978 = PLANE ( 'NONE',  #5117 ) ;
#1979 = CARTESIAN_POINT ( 'NONE',  ( -6.123233995736936479E-15, -49.99999999999755573, -456.0000000000007390 ) ) ;
#1980 = CARTESIAN_POINT ( 'NONE',  ( 64.56989347527211009, -47.23059238027864382, -99.00000000000036948 ) ) ;
#1981 = VECTOR ( 'NONE', #5769, 1000.000000000000000 ) ;
#1982 = AXIS2_PLACEMENT_3D ( 'NONE', #1846, #4876, #6525 ) ;
#1983 = DIRECTION ( 'NONE',  ( 0.000000000000000000, 1.396592535537253342E-14, -1.000000000000000000 ) ) ;
#1984 = ORIENTED_EDGE ( 'NONE', *, *, #1463, .T. ) ;
#1985 = CARTESIAN_POINT ( 'NONE',  ( 12.72954618107135083, 38.17006719216374222, -40.55688171900445127 ) ) ;
#1986 = ORIENTED_EDGE ( 'NONE', *, *, #4978, .F. ) ;
#1987 = ORIENTED_EDGE ( 'NONE', *, *, #2312, .T. ) ;
#1988 = VERTEX_POINT ( 'NONE', #2933 ) ;
#1989 = PRODUCT_DEFINITION_SHAPE ( 'NONE', 'NONE',  #9851 ) ;
#1990 = CARTESIAN_POINT ( 'NONE',  ( 14.64832466365221286, 18.50011835516704295, 39.90110881764484674 ) ) ;
#1991 = CARTESIAN_POINT ( 'NONE',  ( 17.84784460992752386, 13.22327019910503410, 33.56063838343439443 ) ) ;
#1992 = DIRECTION ( 'NONE',  ( -2.648564395691229753E-17, 1.588183101407105926E-16, -0.9999999999999998890 ) ) ;
#1993 = ORIENTED_EDGE ( 'NONE', *, *, #9765, .F. ) ;
#1994 = CARTESIAN_POINT ( 'NONE',  ( -17.84784460992752386, 13.22327019910503410, -33.56063838343439443 ) ) ;
#1995 = CARTESIAN_POINT ( 'NONE',  ( 21.93588259989765987, -170.2531712170662388, -9.185314602748555046 ) ) ;
#1996 = ORIENTED_EDGE ( 'NONE', *, *, #6326, .T. ) ;
#1997 = EDGE_LOOP ( 'NONE', ( #8448, #806, #9275, #3952 ) ) ;
#1998 = EDGE_CURVE ( 'NONE', #7235, #3539, #5815, .T. ) ;
#1999 = CARTESIAN_POINT ( 'NONE',  ( 0.000000000000000000, 0.000000000000000000, 17.99999999999999645 ) ) ;
#2000 = EDGE_CURVE ( 'NONE', #456, #7452, #5951, .T. ) ;
#2001 = DIRECTION ( 'NONE',  ( -1.000000000000000000, 0.000000000000000000, -1.334402673828313093E-16 ) ) ;
#2002 = EDGE_CURVE ( 'NONE', #7185, #487, #6469, .T. ) ;
#2003 = FACE_OUTER_BOUND ( 'NONE', #6063, .T. ) ;
#2004 = DIRECTION ( 'NONE',  ( -0.000000000000000000, -6.982962677686266711E-15, 1.000000000000000000 ) ) ;
#2005 = FACE_OUTER_BOUND ( 'NONE', #5593, .T. ) ;
#2006 = LINE ( 'NONE', #6553, #4001 ) ;
#2007 = CARTESIAN_POINT ( 'NONE',  ( 38.00000000000000000, -192.4250356126078714, 9.000000000000007105 ) ) ;
#2008 = EDGE_LOOP ( 'NONE', ( #7329, #2673, #4217, #2252, #850 ) ) ;
#2009 = ORIENTED_EDGE ( 'NONE', *, *, #8700, .F. ) ;
#2010 = ADVANCED_FACE ( 'NONE', ( #9672, #7435 ), #3632, .F. ) ;
#2011 = EDGE_CURVE ( 'NONE', #104, #5832, #9721, .T. ) ;
#2012 = AXIS2_PLACEMENT_3D ( 'NONE', #811, #5393, #3260 ) ;
#2013 = EDGE_CURVE ( 'NONE', #9209, #3302, #8680, .T. ) ;
#2014 = CARTESIAN_POINT ( 'NONE',  ( 40.16608544904462974, 18.28600158013898636, -13.91651153100805693 ) ) ;
#2015 = DIRECTION ( 'NONE',  ( -1.000000000000000000, 3.469446951953614189E-15, 0.000000000000000000 ) ) ;
#2016 = CARTESIAN_POINT ( 'NONE',  ( 38.00000000000000000, 47.19999999999998863, 8.999999999999998224 ) ) ;
#2017 = DIRECTION ( 'NONE',  ( -0.000000000000000000, -0.000000000000000000, -1.000000000000000000 ) ) ;
#2018 = DIRECTION ( 'NONE',  ( -0.000000000000000000, 0.000000000000000000, 1.000000000000000000 ) ) ;
#2019 = ORIENTED_EDGE ( 'NONE', *, *, #1720, .F. ) ;
#2020 = B_SPLINE_CURVE_WITH_KNOTS ( 'NONE', 3,
 ( #4347, #8794, #1115, #6451, #4953, #2704 ),
 .UNSPECIFIED., .F., .F.,
 ( 4, 2, 4 ),
 ( 0.000000000000000000, 0.001668364605102500313, 0.003336729210205000625 ),
 .UNSPECIFIED. ) ;
#2021 = VECTOR ( 'NONE', #7413, 1000.000000000000000 ) ;
#2022 = CARTESIAN_POINT ( 'NONE',  ( 33.07375552197760982, -30.51436867563304389, 9.000000000000000000 ) ) ;
#2023 = CYLINDRICAL_SURFACE ( 'NONE', #3204, 27.00000000000000000 ) ;
#2024 = AXIS2_PLACEMENT_3D ( 'NONE', #884, #8362, #5272 ) ;
#2025 = CARTESIAN_POINT ( 'NONE',  ( -22.20545528505523691, -170.7303505436726994, -9.285893317973664907 ) ) ;
#2026 = AXIS2_PLACEMENT_3D ( 'NONE', #7717, #9206, #3917 ) ;
#2027 = CARTESIAN_POINT ( 'NONE',  ( 8.817456953860941711E-15, 72.00000000000345324, -440.9999999999989768 ) ) ;
#2028 = DIRECTION ( 'NONE',  ( -0.000000000000000000, -0.000000000000000000, -1.000000000000000000 ) ) ;
#2029 = VERTEX_POINT ( 'NONE', #4288 ) ;
#2030 = AXIS2_PLACEMENT_3D ( 'NONE', #109, #8432, #7590 ) ;
#2031 = ORIENTED_EDGE ( 'NONE', *, *, #8154, .F. ) ;
#2032 = VERTEX_POINT ( 'NONE', #7339 ) ;
#2033 = EDGE_LOOP ( 'NONE', ( #581, #3955, #4590, #3993 ) ) ;
#2034 =( GEOMETRIC_REPRESENTATION_CONTEXT ( 3 ) GLOBAL_UNCERTAINTY_ASSIGNED_CONTEXT ( ( #3551 ) ) GLOBAL_UNIT_ASSIGNED_CONTEXT ( ( #8183, #3640, #6598 ) ) REPRESENTATION_CONTEXT ( 'NONE', 'WORKASPACE' ) );
#2035 = CIRCLE ( 'NONE', #137, 80.00000000000000000 ) ;
#2036 = CIRCLE ( 'NONE', #295, 36.00000000000000000 ) ;
#2037 = CARTESIAN_POINT ( 'NONE',  ( 12.69944178838720816, 15.83597185797519913, 40.55993776521697924 ) ) ;
#2038 = CARTESIAN_POINT ( 'NONE',  ( -35.37782300510576050, -194.4030805854127379, -9.080507977815685194 ) ) ;
#2039 = CARTESIAN_POINT ( 'NONE',  ( -22.48353060487828259, -171.1999999999999886, 9.407652717443276913 ) ) ;
#2040 = DIRECTION ( 'NONE',  ( 0.000000000000000000, 0.000000000000000000, 1.000000000000000000 ) ) ;
#2041 = AXIS2_PLACEMENT_3D ( 'NONE', #8637, #4145, #4047 ) ;
#2042 = AXIS2_PLACEMENT_3D ( 'NONE', #8151, #7318, #6713 ) ;
#2043 = CYLINDRICAL_SURFACE ( 'NONE', #8354, 4.499999999999998224 ) ;
#2044 = CARTESIAN_POINT ( 'NONE',  ( -20.44820645917294399, 17.58422541711050258, -32.03101669184484024 ) ) ;
#2045 = CARTESIAN_POINT ( 'NONE',  ( 35.07692307692307310, -193.1000328731765023, 12.00000000000000000 ) ) ;
#2046 = ORIENTED_EDGE ( 'NONE', *, *, #1446, .T. ) ;
#2047 = ORIENTED_EDGE ( 'NONE', *, *, #720, .F. ) ;
#2048 = LINE ( 'NONE', #4292, #5873 ) ;
#2049 = CARTESIAN_POINT ( 'NONE',  ( 38.00000000000000000, 47.19999999999999574, -4.499999999999990230 ) ) ;
#2050 = CARTESIAN_POINT ( 'NONE',  ( 0.000000000000000000, 2.792303695598926422E-13, -175.0000000000000284 ) ) ;
#2051 = DIRECTION ( 'NONE',  ( -0.000000000000000000, 0.000000000000000000, 1.000000000000000000 ) ) ;
#2052 = DIRECTION ( 'NONE',  ( -0.2840153447039234225, 0.9588197348681927190, 0.000000000000000000 ) ) ;
#2053 = EDGE_CURVE ( 'NONE', #456, #1900, #9787, .T. ) ;
#2054 = ADVANCED_FACE ( 'NONE', ( #8917, #1688 ), #5233, .F. ) ;
#2055 = DIRECTION ( 'NONE',  ( 0.000000000000000000, 0.000000000000000000, 1.000000000000000000 ) ) ;
#2056 = VERTEX_POINT ( 'NONE', #2427 ) ;
#2057 = EDGE_LOOP ( 'NONE', ( #5930, #1474, #4421, #5206 ) ) ;
#2058 = AXIS2_PLACEMENT_3D ( 'NONE', #6301, #7950, #4751 ) ;
#2059 = UNCERTAINTY_MEASURE_WITH_UNIT (LENGTH_MEASURE( 1.000000000000000082E-05 ), #7692, 'distance_accuracy_value', 'NONE');
#2060 = CYLINDRICAL_SURFACE ( 'NONE', #6482, 4.999999999998790301 ) ;
#2061 = EDGE_CURVE ( 'NONE', #503, #3567, #395, .T. ) ;
#2062 = DIRECTION ( 'NONE',  ( 1.000000000000000000, 0.000000000000000000, 0.000000000000000000 ) ) ;
#2063 = EDGE_CURVE ( 'NONE', #5860, #3943, #6769, .T. ) ;
#2064 = CIRCLE ( 'NONE', #3493, 42.50000000000000711 ) ;
#2065 =( REPRESENTATION_RELATIONSHIP ('NONE','NONE', #4268, #3188 ) REPRESENTATION_RELATIONSHIP_WITH_TRANSFORMATION ( #52 )SHAPE_REPRESENTATION_RELATIONSHIP( ) );
#2066 = ADVANCED_FACE ( 'NONE', ( #9815, #2981 ), #2372, .T. ) ;
#2067 = CARTESIAN_POINT ( 'NONE',  ( 36.00000000000000000, 0.000000000000000000, -99.00000000000000000 ) ) ;
#2068 = CARTESIAN_POINT ( 'NONE',  ( 0.000000000000000000, 0.000000000000000000, -46.00000000000000000 ) ) ;
#2069 = DIRECTION ( 'NONE',  ( 0.000000000000000000, -0.000000000000000000, -1.000000000000000000 ) ) ;
#2070 = ORIENTED_EDGE ( 'NONE', *, *, #8349, .F. ) ;
#2071 = CARTESIAN_POINT ( 'NONE',  ( 14.89999999999999680, 1.824723730729555837E-15, 41.00000000000000000 ) ) ;
#2072 = DIRECTION ( 'NONE',  ( -0.000000000000000000, -1.000000000000000000, -0.000000000000000000 ) ) ;
#2073 = DIRECTION ( 'NONE',  ( -0.000000000000000000, -0.000000000000000000, 1.000000000000000000 ) ) ;
#2074 = ADVANCED_FACE ( 'NONE', ( #9211 ), #7534, .T. ) ;
#2075 = CARTESIAN_POINT ( 'NONE',  ( -35.92308074463417711, -198.4836866598347456, 11.96609650565748417 ) ) ;
#2076 = DIRECTION ( 'NONE',  ( 0.000000000000000000, -1.000000000000000000, 0.000000000000000000 ) ) ;
#2077 = ORIENTED_EDGE ( 'NONE', *, *, #4999, .T. ) ;
#2078 = VERTEX_POINT ( 'NONE', #8460 ) ;
#2079 = VERTEX_POINT ( 'NONE', #3977 ) ;
#2080 = AXIS2_PLACEMENT_3D ( 'NONE', #3330, #1134, #8763 ) ;
#2081 = EDGE_CURVE ( 'NONE', #9737, #7596, #6107, .T. ) ;
#2082 = ORIENTED_EDGE ( 'NONE', *, *, #5768, .T. ) ;
#2083 = TOROIDAL_SURFACE ( 'NONE', #8136, 39.00000000000000000, 3.000000000000000000 ) ;
#2084 = CARTESIAN_POINT ( 'NONE',  ( 1.116586328670213124, 10.10000000000000320, 42.50000000000001421 ) ) ;
#2085 = CARTESIAN_POINT ( 'NONE',  ( 36.18014024200487455, 13.60126198445928480, 22.30181321132871020 ) ) ;
#2086 = DIRECTION ( 'NONE',  ( -0.000000000000000000, -0.000000000000000000, 1.000000000000000000 ) ) ;
#2087 = CIRCLE ( 'NONE', #8627, 2.999999999999999112 ) ;
#2088 = EDGE_LOOP ( 'NONE', ( #9070, #238, #2019, #8189 ) ) ;
#2089 = DIRECTION ( 'NONE',  ( -0.000000000000000000, -0.000000000000000000, -1.000000000000000000 ) ) ;
#2090 = CONICAL_SURFACE ( 'NONE', #5269, 14.89999999999999680, 0.7853981633974466137 ) ;
#2091 = AXIS2_PLACEMENT_3D ( 'NONE', #9757, #7467, #4509 ) ;
#2092 = LINE ( 'NONE', #9772, #3092 ) ;
#2093 = ORIENTED_EDGE ( 'NONE', *, *, #8228, .F. ) ;
#2094 = ORIENTED_EDGE ( 'NONE', *, *, #8949, .T. ) ;
#2095 = DIRECTION ( 'NONE',  ( 1.000000000000000000, 0.000000000000000000, 0.000000000000000000 ) ) ;
#2096 = CARTESIAN_POINT ( 'NONE',  ( -56.00000000000000711, 32.79999999999999005, 8.999999999999989342 ) ) ;
#2097 = CARTESIAN_POINT ( 'NONE',  ( 16.95757667148822279, -152.9141158547618033, -9.000000000000000000 ) ) ;
#2098 = PRESENTATION_STYLE_ASSIGNMENT (( #8924 ) ) ;
#2099 = AXIS2_PLACEMENT_3D ( 'NONE', #6864, #1515, #715 ) ;
#2100 = CARTESIAN_POINT ( 'NONE',  ( -7.373639327806753130, 48.27078819195893544, 37.28489245510372996 ) ) ;
#2101 = CYLINDRICAL_SURFACE ( 'NONE', #516, 39.50000000000000000 ) ;
#2102 = PLANE ( 'NONE',  #2341 ) ;
#2103 = ORIENTED_EDGE ( 'NONE', *, *, #9001, .T. ) ;
#2104 = ORIENTED_EDGE ( 'NONE', *, *, #7701, .T. ) ;
#2105 = ORIENTED_EDGE ( 'NONE', *, *, #529, .T. ) ;
#2106 = ADVANCED_FACE ( 'NONE', ( #4477, #4662 ), #6974, .F. ) ;
#2107 = CARTESIAN_POINT ( 'NONE',  ( 64.56989347527211009, -47.23059238027731510, -289.0000000000002842 ) ) ;
#2108 = CARTESIAN_POINT ( 'NONE',  ( 38.43829896936482271, 5.866068028336093754, -8.990188665593587203 ) ) ;
#2109 = DIRECTION ( 'NONE',  ( -0.000000000000000000, -1.000000000000000000, -0.000000000000000000 ) ) ;
#2110 = DIRECTION ( 'NONE',  ( -0.000000000000000000, -0.000000000000000000, 1.000000000000000000 ) ) ;
#2111 = DIRECTION ( 'NONE',  ( 0.000000000000000000, 6.982962677686266711E-15, -1.000000000000000000 ) ) ;
#2112 = LINE ( 'NONE', #3605, #5048 ) ;
#2113 = ORIENTED_EDGE ( 'NONE', *, *, #6455, .F. ) ;
#2114 = EDGE_CURVE ( 'NONE', #4054, #9162, #1836, .T. ) ;
#2115 = EDGE_CURVE ( 'NONE', #5148, #1988, #86, .T. ) ;
#2116 = EDGE_CURVE ( 'NONE', #5778, #2299, #1351, .T. ) ;
#2117 = DIRECTION ( 'NONE',  ( -1.000000000000000000, 0.000000000000000000, 0.000000000000000000 ) ) ;
#2118 = DIRECTION ( 'NONE',  ( -0.000000000000000000, -0.000000000000000000, -1.000000000000000000 ) ) ;
#2119 = DIRECTION ( 'NONE',  ( 1.000000000000000000, 0.000000000000000000, 0.000000000000000000 ) ) ;
#2120 = CIRCLE ( 'NONE', #3714, 42.50000000000000711 ) ;
#2121 = DIRECTION ( 'NONE',  ( 0.000000000000000000, -0.000000000000000000, 1.000000000000000000 ) ) ;
#2122 = CARTESIAN_POINT ( 'NONE',  ( -46.49956922558553885, -13.77379991453921804, -388.0000000000001705 ) ) ;
#2123 = EDGE_LOOP ( 'NONE', ( #708, #6224, #2375, #9804 ) ) ;
#2124 = EDGE_LOOP ( 'NONE', ( #3257, #3202, #9132, #5418 ) ) ;
#2125 = ORIENTED_EDGE ( 'NONE', *, *, #4807, .F. ) ;
#2126 = LINE ( 'NONE', #632, #2853 ) ;
#2127 = VERTEX_POINT ( 'NONE', #2293 ) ;
#2128 = EDGE_CURVE ( 'NONE', #7424, #165, #8195, .T. ) ;
#2129 = AXIS2_PLACEMENT_3D ( 'NONE', #547, #641, #2744 ) ;
#2130 = CARTESIAN_POINT ( 'NONE',  ( 32.31098884280702777, 15.41602615938555587, -20.00000000000000711 ) ) ;
#2131 = DIRECTION ( 'NONE',  ( -0.2840153447039231449, 0.9588197348681929411, 6.695402423213631826E-15 ) ) ;
#2132 = EDGE_CURVE ( 'NONE', #5526, #3283, #9476, .T. ) ;
#2133 = CARTESIAN_POINT ( 'NONE',  ( -23.27861538330050450, -171.2000000000000171, 9.169995171090695507 ) ) ;
#2134 = DIRECTION ( 'NONE',  ( -1.000000000000000000, 2.690903055935223165E-14, 2.648564395691655615E-17 ) ) ;
#2135 = ORIENTED_EDGE ( 'NONE', *, *, #3526, .F. ) ;
#2136 = FACE_BOUND ( 'NONE', #6668, .T. ) ;
#2137 = DIRECTION ( 'NONE',  ( -0.7808688094430301652, 0.6246950475544243986, -8.911785890782134685E-17 ) ) ;
#2138 = ORIENTED_EDGE ( 'NONE', *, *, #3965, .T. ) ;
#2139 = EDGE_LOOP ( 'NONE', ( #8592, #4350, #6174, #4006 ) ) ;
#2140 = DIRECTION ( 'NONE',  ( -0.000000000000000000, 1.000000000000000000, -0.000000000000000000 ) ) ;
#2141 = AXIS2_PLACEMENT_3D ( 'NONE', #6128, #1661, #2453 ) ;
#2142 = CARTESIAN_POINT ( 'NONE',  ( 28.76172182906354280, 8.624595239981919903, 24.83487261297701210 ) ) ;
#2143 = CARTESIAN_POINT ( 'NONE',  ( -34.46221800625679776, 8.581455290019416537, -24.87359058957516567 ) ) ;
#2144 = DIRECTION ( 'NONE',  ( -0.000000000000000000, -1.396592535537253342E-14, 1.000000000000000000 ) ) ;
#2145 = CARTESIAN_POINT ( 'NONE',  ( 56.90275806167118589, -150.8206776050439828, -8.999999999999998224 ) ) ;
#2146 = LINE ( 'NONE', #6080, #2877 ) ;
#2147 = AXIS2_PLACEMENT_3D ( 'NONE', #8820, #3535, #1953 ) ;
#2148 = CARTESIAN_POINT ( 'NONE',  ( -39.87807037908326890, 17.97749726453408314, 14.72107270787981292 ) ) ;
#2149 = PRODUCT_DEFINITION_SHAPE ( 'NONE', 'NONE',  #9857 ) ;
#2150 = ORIENTED_EDGE ( 'NONE', *, *, #7426, .T. ) ;
#2151 = ORIENTED_EDGE ( 'NONE', *, *, #4941, .F. ) ;
#2152 = VERTEX_POINT ( 'NONE', #4588 ) ;
#2153 = DIRECTION ( 'NONE',  ( -0.000000000000000000, 0.000000000000000000, 1.000000000000000000 ) ) ;
#2154 = LINE ( 'NONE', #3751, #2708 ) ;
#2155 = DIRECTION ( 'NONE',  ( 0.000000000000000000, 0.000000000000000000, 1.000000000000000000 ) ) ;
#2156 = DIRECTION ( 'NONE',  ( 0.000000000000000000, -1.000000000000000000, -6.938893903907228378E-15 ) ) ;
#2157 = DIRECTION ( 'NONE',  ( 0.9743589743589737839, -0.2249990868562106727, 0.000000000000000000 ) ) ;
#2158 = CARTESIAN_POINT ( 'NONE',  ( -36.18439834249963383, 13.60861493643324494, 22.29490734873241209 ) ) ;
#2159 = CARTESIAN_POINT ( 'NONE',  ( -8.000000000000003553, -145.5999999999999659, -5.999999999999999112 ) ) ;
#2160 = ORIENTED_EDGE ( 'NONE', *, *, #1220, .F. ) ;
#2161 = AXIS2_PLACEMENT_3D ( 'NONE', #1379, #2076, #8209 ) ;
#2162 = DIRECTION ( 'NONE',  ( 1.000000000000000000, 0.000000000000000000, 0.000000000000000000 ) ) ;
#2163 = CARTESIAN_POINT ( 'NONE',  ( -34.51751045525492145, 54.22455240934152698, -174.9999999999996589 ) ) ;
#2164 = DIRECTION ( 'NONE',  ( -0.000000000000000000, -1.000000000000000000, -0.000000000000000000 ) ) ;
#2165 = FACE_OUTER_BOUND ( 'NONE', #6309, .T. ) ;
#2166 = EDGE_CURVE ( 'NONE', #4920, #489, #3618, .T. ) ;
#2167 = VECTOR ( 'NONE', #8146, 1000.000000000000000 ) ;
#2168 = DIRECTION ( 'NONE',  ( 0.000000000000000000, 1.000000000000000000, 1.110223024625157172E-14 ) ) ;
#2169 = ORIENTED_EDGE ( 'NONE', *, *, #7431, .F. ) ;
#2170 = ADVANCED_FACE ( 'NONE', ( #7645 ), #5166, .F. ) ;
#2171 = ORIENTED_EDGE ( 'NONE', *, *, #4258, .T. ) ;
#2172 =( REPRESENTATION_RELATIONSHIP ('NONE','NONE', #4268, #3188 ) REPRESENTATION_RELATIONSHIP_WITH_TRANSFORMATION ( #3781 )SHAPE_REPRESENTATION_RELATIONSHIP( ) );
#2173 = ORIENTED_EDGE ( 'NONE', *, *, #3029, .T. ) ;
#2174 = AXIS2_PLACEMENT_3D ( 'NONE', #5430, #749, #5328 ) ;
#2175 = CARTESIAN_POINT ( 'NONE',  ( 0.000000000000000000, 0.000000000000000000, -19.00000000000000000 ) ) ;
#2176 = DIRECTION ( 'NONE',  ( -1.000000000000000000, 0.000000000000000000, 0.000000000000000000 ) ) ;
#2177 = CARTESIAN_POINT ( 'NONE',  ( 1.888774234807349744E-14, 71.00000000000066791, -230.9999999999994884 ) ) ;
#2178 = LINE ( 'NONE', #1343, #5052 ) ;
#2179 = CIRCLE ( 'NONE', #7773, 3.000000000000002665 ) ;
#2180 = CONTEXT_DEPENDENT_SHAPE_REPRESENTATION ( #2172, #4470 ) ;
#2181 = EDGE_CURVE ( 'NONE', #1956, #5979, #870, .T. ) ;
#2182 = ORIENTED_EDGE ( 'NONE', *, *, #9586, .F. ) ;
#2183 = CARTESIAN_POINT ( 'NONE',  ( 0.000000000000000000, 55.00000000000366640, -455.9999999999992610 ) ) ;
#2184 = EDGE_CURVE ( 'NONE', #7188, #6105, #2612, .T. ) ;
#2185 = DIRECTION ( 'NONE',  ( 1.224646799147353207E-16, 1.000000000000000000, 0.000000000000000000 ) ) ;
#2186 = ORIENTED_EDGE ( 'NONE', *, *, #2362, .F. ) ;
#2187 = VECTOR ( 'NONE', #4068, 1000.000000000000000 ) ;
#2188 = ORIENTED_EDGE ( 'NONE', *, *, #4859, .T. ) ;
#2189 = DIRECTION ( 'NONE',  ( 1.000000000000000000, 0.000000000000000000, 1.334402673828313093E-16 ) ) ;
#2190 = CARTESIAN_POINT ( 'NONE',  ( 30.79577776033833203, 13.63940246838136794, 22.26551134511400676 ) ) ;
#2191 = EDGE_CURVE ( 'NONE', #4677, #3171, #753, .T. ) ;
#2192 = AXIS2_PLACEMENT_3D ( 'NONE', #1520, #7364, #8247 ) ;
#2193 = ORIENTED_EDGE ( 'NONE', *, *, #2615, .F. ) ;
#2194 = CARTESIAN_POINT ( 'NONE',  ( -64.56989347527211009, -47.23059238027730800, -289.0000000000002842 ) ) ;
#2195 =( GEOMETRIC_REPRESENTATION_CONTEXT ( 3 ) GLOBAL_UNCERTAINTY_ASSIGNED_CONTEXT ( ( #5055 ) ) GLOBAL_UNIT_ASSIGNED_CONTEXT ( ( #7833, #6275, #7346 ) ) REPRESENTATION_CONTEXT ( 'NONE', 'WORKASPACE' ) );
#2196 = TOROIDAL_SURFACE ( 'NONE', #5701, 39.00000000000000000, 3.000000000000000000 ) ;
#2197 = DIRECTION ( 'NONE',  ( 0.7808688094430301652, -0.6246950475544243986, 8.911785890782134685E-17 ) ) ;
#2198 = CARTESIAN_POINT ( 'NONE',  ( 191.5194180755570699, 15.41602615938556653, 20.00000000000000355 ) ) ;
#2199 = FACE_OUTER_BOUND ( 'NONE', #374, .T. ) ;
#2200 = CIRCLE ( 'NONE', #1239, 9.000000000000000000 ) ;
#2201 = DIRECTION ( 'NONE',  ( 0.000000000000000000, 1.000000000000000000, 6.167905692361981744E-15 ) ) ;
#2202 = EDGE_CURVE ( 'NONE', #7931, #2426, #8179, .T. ) ;
#2203 = AXIS2_PLACEMENT_3D ( 'NONE', #1327, #8807, #2915 ) ;
#2204 = VERTEX_POINT ( 'NONE', #22 ) ;
#2205 = EDGE_LOOP ( 'NONE', ( #4776, #6487, #3466, #2267, #9393, #8869 ) ) ;
#2206 = VECTOR ( 'NONE', #4064, 1000.000000000000000 ) ;
#2207 = EDGE_LOOP ( 'NONE', ( #8213, #3645, #2899, #5031 ) ) ;
#2208 = LINE ( 'NONE', #6911, #1619 ) ;
#2209 = DIRECTION ( 'NONE',  ( -0.000000000000000000, 0.000000000000000000, 1.000000000000000000 ) ) ;
#2210 = CARTESIAN_POINT ( 'NONE',  ( 38.75000000000000000, 0.000000000000000000, -8.968695557326039847 ) ) ;
#2211 = CARTESIAN_POINT ( 'NONE',  ( 1.539749897050354256E-14, -43.99999999999733546, -385.0000000000006253 ) ) ;
#2212 = FACE_OUTER_BOUND ( 'NONE', #7375, .T. ) ;
#2213 = CARTESIAN_POINT ( 'NONE',  ( 64.56989347527211009, 47.23059238027839513, 15.00000000000000000 ) ) ;
#2214 = CARTESIAN_POINT ( 'NONE',  ( 35.99999999993861621, -199.8304178125994781, -9.198662110062645780 ) ) ;
#2215 = DIRECTION ( 'NONE',  ( -0.9588197348681929411, 0.2840153447039231449, 3.966537103915390101E-15 ) ) ;
#2216 = AXIS2_PLACEMENT_3D ( 'NONE', #6291, #7742, #4736 ) ;
#2217 = ORIENTED_EDGE ( 'NONE', *, *, #5946, .F. ) ;
#2218 = AXIS2_PLACEMENT_3D ( 'NONE', #2891, #5924, #9820 ) ;
#2219 = CARTESIAN_POINT ( 'NONE',  ( 36.00000000000000000, 3.179822252548010891E-12, -406.0000000000000000 ) ) ;
#2220 = DIRECTION ( 'NONE',  ( -0.000000000000000000, -1.396592535537253342E-14, 1.000000000000000000 ) ) ;
#2221 = AXIS2_PLACEMENT_3D ( 'NONE', #5803, #4321, #5016 ) ;
#2222 = DIRECTION ( 'NONE',  ( 0.000000000000000000, -1.000000000000000000, -1.110223024624632421E-14 ) ) ;
#2223 = DIRECTION ( 'NONE',  ( 1.000000000000000000, -1.541976423090495633E-16, 0.000000000000000000 ) ) ;
#2224 = ORIENTED_EDGE ( 'NONE', *, *, #4505, .T. ) ;
#2225 = VERTEX_POINT ( 'NONE', #168 ) ;
#2226 = ORIENTED_EDGE ( 'NONE', *, *, #6270, .F. ) ;
#2227 = AXIS2_PLACEMENT_3D ( 'NONE', #8317, #7635, #6068 ) ;
#2228 = B_SPLINE_CURVE_WITH_KNOTS ( 'NONE', 3,
 ( #229, #6138, #5395, #4013, #6307, #2519, #6959, #3159, #5561, #4809, #3911, #6195, #9247, #6503, #8748, #2657, #1166, #2754, #5788, #9406, #2569, #7216, #5652, #4248, #7304, #8834 ),
 .UNSPECIFIED., .F., .F.,
 ( 4, 2, 2, 2, 2, 2, 2, 2, 2, 2, 2, 2, 4 ),
 ( 0.02670769837669619007, 0.02837565687077345244, 0.03004361536485071829, 0.03337953235300524651, 0.03671544934115977127, 0.03838340783523703365, 0.04005136632931429602, 0.04338728331746882078, 0.04505524181154608315, 0.04672320030562334553, 0.05005911729377786334, 0.05172707578785512572, 0.05339503428193238116 ),
 .UNSPECIFIED. ) ;
#2229 = CARTESIAN_POINT ( 'NONE',  ( 55.00000000000000000, 3.648969107014638851E-12, -456.0000000000000000 ) ) ;
#2230 = CARTESIAN_POINT ( 'NONE',  ( -38.00000000000000000, -192.4250356126078714, -9.000000000000014211 ) ) ;
#2231 = ITEM_DEFINED_TRANSFORMATION ( 'NONE', 'NONE', #1244,  #2024 ) ;
#2232 = CARTESIAN_POINT ( 'NONE',  ( 0.5642118321807944037, 43.89999999999999147, -42.49999999999999289 ) ) ;
#2233 = ORIENTED_EDGE ( 'NONE', *, *, #9002, .T. ) ;
#2234 = CARTESIAN_POINT ( 'NONE',  ( 38.00000000000000000, 0.000000000000000000, 4.500000000000005329 ) ) ;
#2235 = VERTEX_POINT ( 'NONE', #1556 ) ;
#2236 = AXIS2_PLACEMENT_3D ( 'NONE', #1961, #4950, #7254 ) ;
#2237 = EDGE_LOOP ( 'NONE', ( #8750, #8626 ) ) ;
#2238 = AXIS2_PLACEMENT_3D ( 'NONE', #5559, #1777, #4806 ) ;
#2239 = LINE ( 'NONE', #6845, #9045 ) ;
#2240 = CARTESIAN_POINT ( 'NONE',  ( 6.123233995736896444E-16, 60.00000000000365930, -455.9999999999992042 ) ) ;
#2241 = ORIENTED_EDGE ( 'NONE', *, *, #585, .F. ) ;
#2242 = EDGE_CURVE ( 'NONE', #8331, #2553, #4566, .T. ) ;
#2243 = ADVANCED_FACE ( 'NONE', ( #1105 ), #4003, .F. ) ;
#2244 = EDGE_CURVE ( 'NONE', #1636, #6105, #217, .T. ) ;
#2245 = DIRECTION ( 'NONE',  ( 0.000000000000000000, -0.000000000000000000, 1.000000000000000000 ) ) ;
#2246 = DIRECTION ( 'NONE',  ( 0.9588197348681928300, -0.2840153447039234780, -1.983268551957697417E-15 ) ) ;
#2247 = AXIS2_PLACEMENT_3D ( 'NONE', #3389, #6385, #4142 ) ;
#2248 = DIRECTION ( 'NONE',  ( 0.000000000000000000, 1.000000000000000000, 0.000000000000000000 ) ) ;
#2249 = CARTESIAN_POINT ( 'NONE',  ( 0.000000000000000000, 39.00000000000029843, -177.9999999999997442 ) ) ;
#2250 = CARTESIAN_POINT ( 'NONE',  ( -16.89999999999999858, 0.000000000000000000, 19.00000000000000000 ) ) ;
#2251 = DIRECTION ( 'NONE',  ( 0.000000000000000000, 0.000000000000000000, 1.000000000000000000 ) ) ;
#2252 = ORIENTED_EDGE ( 'NONE', *, *, #5767, .T. ) ;
#2253 = ORIENTED_EDGE ( 'NONE', *, *, #312, .F. ) ;
#2254 = CIRCLE ( 'NONE', #5112, 80.00000000000000000 ) ;
#2255 = VECTOR ( 'NONE', #2590, 1000.000000000000000 ) ;
#2256 = ORIENTED_EDGE ( 'NONE', *, *, #6643, .F. ) ;
#2257 = EDGE_CURVE ( 'NONE', #4066, #7270, #4043, .T. ) ;
#2258 = DIRECTION ( 'NONE',  ( -0.2840153447039234225, 0.9588197348681927190, 1.339080484642726207E-14 ) ) ;
#2259 = LINE ( 'NONE', #6861, #2717 ) ;
#2260 = DIRECTION ( 'NONE',  ( 0.000000000000000000, -1.000000000000000000, -1.110223024625425226E-14 ) ) ;
#2261 = FACE_OUTER_BOUND ( 'NONE', #8236, .T. ) ;
#2262 = ADVANCED_FACE ( 'NONE', ( #4146 ), #7896, .T. ) ;
#2263 = FACE_OUTER_BOUND ( 'NONE', #7990, .T. ) ;
#2264 = AXIS2_PLACEMENT_3D ( 'NONE', #8832, #3498, #1918 ) ;
#2265 = DIRECTION ( 'NONE',  ( 0.000000000000000000, -1.000000000000000000, -1.387778780781445676E-14 ) ) ;
#2266 = CARTESIAN_POINT ( 'NONE',  ( -55.00000000000000000, 3.662440221805259667E-12, -456.0000000000000000 ) ) ;
#2267 = ORIENTED_EDGE ( 'NONE', *, *, #4492, .T. ) ;
#2268 = CARTESIAN_POINT ( 'NONE',  ( 14.88612366844755996, 43.88722609478416103, -34.96808867697563272 ) ) ;
#2269 = CYLINDRICAL_SURFACE ( 'NONE', #1133, 22.50000000000000000 ) ;
#2270 = DIRECTION ( 'NONE',  ( 1.000000000000000000, 0.000000000000000000, 0.000000000000000000 ) ) ;
#2271 = CARTESIAN_POINT ( 'NONE',  ( 32.31098884280703487, 15.41602615938556298, 19.99999999999999645 ) ) ;
#2272 = ORIENTED_EDGE ( 'NONE', *, *, #3706, .T. ) ;
#2273 = ORIENTED_EDGE ( 'NONE', *, *, #6283, .T. ) ;
#2274 = EDGE_LOOP ( 'NONE', ( #9661, #3082, #7422, #8897 ) ) ;
#2275 = AXIS2_PLACEMENT_3D ( 'NONE', #6488, #3395, #6297 ) ;
#2276 = CARTESIAN_POINT ( 'NONE',  ( 21.01827021308493570, 35.06300693460438112, 31.65984815809105157 ) ) ;
#2277 = DIRECTION ( 'NONE',  ( 1.000000000000000000, 0.000000000000000000, 0.000000000000000000 ) ) ;
#2278 = ITEM_DEFINED_TRANSFORMATION ( 'NONE', 'NONE', #5688,  #2024 ) ;
#2279 = ORIENTED_EDGE ( 'NONE', *, *, #255, .F. ) ;
#2280 = FACE_BOUND ( 'NONE', #6633, .T. ) ;
#2281 = EDGE_LOOP ( 'NONE', ( #8178, #1035, #8090, #9146, #8487, #7174 ) ) ;
#2282 = ORIENTED_EDGE ( 'NONE', *, *, #2838, .T. ) ;
#2283 = DIRECTION ( 'NONE',  ( 0.000000000000000000, 1.000000000000000000, 7.401486830834375884E-15 ) ) ;
#2284 = DIRECTION ( 'NONE',  ( 0.000000000000000000, 1.000000000000000000, 0.000000000000000000 ) ) ;
#2285 = ORIENTED_EDGE ( 'NONE', *, *, #4131, .T. ) ;
#2286 = CIRCLE ( 'NONE', #1982, 26.99999999999999645 ) ;
#2287 = CARTESIAN_POINT ( 'NONE',  ( -30.79577776033833203, 13.63940246838136794, -22.26551134511400676 ) ) ;
#2288 = DIRECTION ( 'NONE',  ( -8.881784197001252323E-16, -1.000000000000000000, -7.195889974422310326E-15 ) ) ;
#2289 = CARTESIAN_POINT ( 'NONE',  ( -64.56989347527211009, -47.23059238027810380, -175.0000000000003411 ) ) ;
#2290 = LINE ( 'NONE', #8324, #9419 ) ;
#2291 = DIRECTION ( 'NONE',  ( 1.000000000000000000, 0.000000000000000000, 0.000000000000000000 ) ) ;
#2292 = CYLINDRICAL_SURFACE ( 'NONE', #9036, 9.000000000000001776 ) ;
#2293 = CARTESIAN_POINT ( 'NONE',  ( -8.999999999999991118, -55.60000000000000853, -9.000000000000000000 ) ) ;
#2294 = CIRCLE ( 'NONE', #4517, 3.000000000000002665 ) ;
#2295 = EDGE_CURVE ( 'NONE', #3721, #4100, #1764, .T. ) ;
#2296 = EDGE_LOOP ( 'NONE', ( #2104, #9473 ) ) ;
#2297 = EDGE_CURVE ( 'NONE', #7853, #780, #4989, .T. ) ;
#2298 = VERTEX_POINT ( 'NONE', #7152 ) ;
#2299 = VERTEX_POINT ( 'NONE', #7245 ) ;
#2300 = DIRECTION ( 'NONE',  ( 1.000000000000000000, 0.000000000000000000, 0.000000000000000000 ) ) ;
#2301 = AXIS2_PLACEMENT_3D ( 'NONE', #6538, #1152, #9579 ) ;
#2302 = DIRECTION ( 'NONE',  ( -1.000000000000000000, 0.000000000000000000, 0.000000000000000000 ) ) ;
#2303 = DIRECTION ( 'NONE',  ( 0.000000000000000000, 1.000000000000000000, 1.110223024624632421E-14 ) ) ;
#2304 = CARTESIAN_POINT ( 'NONE',  ( 34.51751045525493566, 54.22455240934109355, -113.9999999999996305 ) ) ;
#2305 = CARTESIAN_POINT ( 'NONE',  ( -24.09087047684227301, -171.2000000000000171, -9.034956203351338644 ) ) ;
#2306 = LINE ( 'NONE', #9196, #1572 ) ;
#2307 = CARTESIAN_POINT ( 'NONE',  ( -29.99999999999998579, -43.99999999999999289, -3.000000000000002665 ) ) ;
#2308 = EDGE_CURVE ( 'NONE', #8814, #8656, #684, .T. ) ;
#2309 = ORIENTED_EDGE ( 'NONE', *, *, #9337, .T. ) ;
#2310 = EDGE_CURVE ( 'NONE', #5628, #2476, #4111, .T. ) ;
#2311 = CIRCLE ( 'NONE', #4865, 39.49999999999999289 ) ;
#2312 = EDGE_CURVE ( 'NONE', #5526, #4664, #7851, .T. ) ;
#2313 = LINE ( 'NONE', #1523, #7048 ) ;
#2314 = DIRECTION ( 'NONE',  ( 0.000000000000000000, 1.000000000000000000, 7.401486830834379040E-15 ) ) ;
#2315 = CARTESIAN_POINT ( 'NONE',  ( 16.89999999999999858, 2.069653090559026923E-15, 38.99999999999999289 ) ) ;
#2316 = DIRECTION ( 'NONE',  ( -1.224646799147351975E-16, 1.000000000000000000, 0.000000000000000000 ) ) ;
#2317 = CARTESIAN_POINT ( 'NONE',  ( -22.48353060487828259, -171.1999999999999886, -9.407652717443276913 ) ) ;
#2318 = DIRECTION ( 'NONE',  ( 0.000000000000000000, 0.000000000000000000, -1.000000000000000000 ) ) ;
#2319 = ORIENTED_EDGE ( 'NONE', *, *, #6360, .F. ) ;
#2320 = EDGE_LOOP ( 'NONE', ( #5002, #3144, #3070, #2889, #2182 ) ) ;
#2321 = AXIS2_PLACEMENT_3D ( 'NONE', #5952, #2028, #9612 ) ;
#2322 = CIRCLE ( 'NONE', #4711, 80.00000000000000000 ) ;
#2323 = CARTESIAN_POINT ( 'NONE',  ( 15.44126869452381001, 43.38077108206121579, 34.72573656951526999 ) ) ;
#2324 = CARTESIAN_POINT ( 'NONE',  ( -35.92084013154262578, 2.742645516831019314, 9.186626416936240602 ) ) ;
#2325 = DIRECTION ( 'NONE',  ( 0.000000000000000000, -1.000000000000000000, 0.000000000000000000 ) ) ;
#2326 = CARTESIAN_POINT ( 'NONE',  ( 64.56989347527211009, -47.23059238027785511, -213.0000000000003411 ) ) ;
#2327 = EDGE_LOOP ( 'NONE', ( #4845, #3274, #5654, #5437 ) ) ;
#2328 = ORIENTED_EDGE ( 'NONE', *, *, #2257, .T. ) ;
#2329 = ORIENTED_EDGE ( 'NONE', *, *, #5228, .F. ) ;
#2330 = CARTESIAN_POINT ( 'NONE',  ( -16.90000000000000213, 27.55558051447471968, 38.99538434225261341 ) ) ;
#2331 = VECTOR ( 'NONE', #2611, 1000.000000000000000 ) ;
#2332 = CARTESIAN_POINT ( 'NONE',  ( 38.00000000000000711, -201.1999999999999886, 4.500000000000005329 ) ) ;
#2333 = AXIS2_PLACEMENT_3D ( 'NONE', #9769, #2040, #4983 ) ;
#2334 = VERTEX_POINT ( 'NONE', #6391 ) ;
#2335 = AXIS2_PLACEMENT_3D ( 'NONE', #6368, #8662, #1834 ) ;
#2336 = CARTESIAN_POINT ( 'NONE',  ( 39.00000000000000000, 4.776122516674677878E-15, -64.00000000000000000 ) ) ;
#2337 = CARTESIAN_POINT ( 'NONE',  ( 18.49218940641788222, 49.99999999999999289, -19.00000000000000000 ) ) ;
#2338 = DIRECTION ( 'NONE',  ( 0.000000000000000000, 1.000000000000000000, 1.387778780781445676E-14 ) ) ;
#2339 = DIRECTION ( 'NONE',  ( -0.000000000000000000, 0.000000000000000000, 1.000000000000000000 ) ) ;
#2340 = PRESENTATION_LAYER_ASSIGNMENT (  '', '', ( #9674 ) ) ;
#2341 = AXIS2_PLACEMENT_3D ( 'NONE', #8883, #5145, #9781 ) ;
#2342 = CARTESIAN_POINT ( 'NONE',  ( -24.73913988196206759, 57.80868809443033740, -9.000000000000012434 ) ) ;
#2343 = FACE_OUTER_BOUND ( 'NONE', #8031, .T. ) ;
#2344 = CARTESIAN_POINT ( 'NONE',  ( -8.085153180731561307, 5.989907536354820650, 37.13646999731363962 ) ) ;
#2345 = ORIENTED_EDGE ( 'NONE', *, *, #906, .F. ) ;
#2346 = TOROIDAL_SURFACE ( 'NONE', #7937, 39.00000000000000000, 3.000000000000000000 ) ;
#2347 = ORIENTED_EDGE ( 'NONE', *, *, #5045, .T. ) ;
#2348 = MECHANICAL_DESIGN_GEOMETRIC_PRESENTATION_REPRESENTATION (  '', ( #6006 ), #3468 ) ;
#2349 = VERTEX_POINT ( 'NONE', #2604 ) ;
#2350 = VECTOR ( 'NONE', #3491, 1000.000000000000000 ) ;
#2351 = CARTESIAN_POINT ( 'NONE',  ( 21.71745043183599222, 21.07055850832638555, -31.18370712806280309 ) ) ;
#2352 = EDGE_CURVE ( 'NONE', #8689, #7482, #3405, .T. ) ;
#2353 = DIRECTION ( 'NONE',  ( 0.000000000000000000, 0.000000000000000000, -1.000000000000000000 ) ) ;
#2354 = CARTESIAN_POINT ( 'NONE',  ( 38.89087296526012238, 33.89087296526152926, -455.9999999999995453 ) ) ;
#2355 = ADVANCED_FACE ( 'NONE', ( #8783, #5640 ), #8687, .T. ) ;
#2356 = FACE_OUTER_BOUND ( 'NONE', #857, .T. ) ;
#2357 = CARTESIAN_POINT ( 'NONE',  ( 0.000000000000000000, -201.1999999999999886, 19.00000000000000000 ) ) ;
#2358 = FACE_BOUND ( 'NONE', #4573, .T. ) ;
#2359 = CARTESIAN_POINT ( 'NONE',  ( 1.657975655542604885E-14, -145.5999999999999943, -8.000000000000000000 ) ) ;
#2360 = AXIS2_PLACEMENT_3D ( 'NONE', #3865, #9195, #917 ) ;
#2361 = EDGE_LOOP ( 'NONE', ( #2948, #9394, #7837, #3489, #3117 ) ) ;
#2362 = EDGE_CURVE ( 'NONE', #4115, #4664, #853, .T. ) ;
#2363 = EDGE_CURVE ( 'NONE', #9046, #9821, #2695, .T. ) ;
#2364 = CARTESIAN_POINT ( 'NONE',  ( 13.76115553657608359, 44.80485839833421124, -35.42213635312619147 ) ) ;
#2365 = DIRECTION ( 'NONE',  ( -0.000000000000000000, 1.000000000000000000, -0.000000000000000000 ) ) ;
#2366 = ADVANCED_FACE ( 'NONE', ( #4152 ), #1255, .F. ) ;
#2367 = APPLICATION_CONTEXT ( 'automotive_design' ) ;
#2368 = DIRECTION ( 'NONE',  ( 0.000000000000000000, 0.000000000000000000, 1.000000000000000000 ) ) ;
#2369 = LINE ( 'NONE', #1738, #9688 ) ;
#2370 = DIRECTION ( 'NONE',  ( 1.541976423090495633E-16, 1.000000000000000000, 0.000000000000000000 ) ) ;
#2371 = ORIENTED_EDGE ( 'NONE', *, *, #4022, .T. ) ;
#2372 = PLANE ( 'NONE',  #4854 ) ;
#2373 = VERTEX_POINT ( 'NONE', #2700 ) ;
#2374 = AXIS2_PLACEMENT_3D ( 'NONE', #3656, #2804, #6709 ) ;
#2375 = ORIENTED_EDGE ( 'NONE', *, *, #5881, .T. ) ;
#2376 = ADVANCED_FACE ( 'NONE', ( #8829 ), #7211, .T. ) ;
#2377 = FACE_OUTER_BOUND ( 'NONE', #5452, .T. ) ;
#2378 = EDGE_CURVE ( 'NONE', #1537, #7337, #2120, .T. ) ;
#2379 = CARTESIAN_POINT ( 'NONE',  ( 4.837354856632044663E-15, 66.79999999999999716, -39.50000000000000000 ) ) ;
#2380 = LINE ( 'NONE', #150, #1623 ) ;
#2381 = CONTEXT_DEPENDENT_SHAPE_REPRESENTATION ( #1354, #2959 ) ;
#2382 = DIRECTION ( 'NONE',  ( 0.9588197348681929411, -0.2840153447039231449, 0.000000000000000000 ) ) ;
#2383 = ORIENTED_EDGE ( 'NONE', *, *, #9806, .T. ) ;
#2384 = VERTEX_POINT ( 'NONE', #1960 ) ;
#2385 = ORIENTED_EDGE ( 'NONE', *, *, #3279, .F. ) ;
#2386 = DIRECTION ( 'NONE',  ( 0.000000000000000000, 0.000000000000000000, 1.000000000000000000 ) ) ;
#2387 = CARTESIAN_POINT ( 'NONE',  ( -37.86857072064281482, 20.65008878081377119, -3.643921329713808888 ) ) ;
#2388 = ORIENTED_EDGE ( 'NONE', *, *, #9213, .T. ) ;
#2389 = CIRCLE ( 'NONE', #1599, 30.00000000000000711 ) ;
#2390 =( NAMED_UNIT ( * ) SI_UNIT ( $, .STERADIAN. ) SOLID_ANGLE_UNIT ( ) );
#2391 = CARTESIAN_POINT ( 'NONE',  ( 0.000000000000000000, 27.00000000000000000, 19.00000000000000000 ) ) ;
#2392 = DIRECTION ( 'NONE',  ( 1.000000000000000000, 0.000000000000000000, 0.000000000000000000 ) ) ;
#2393 = CARTESIAN_POINT ( 'NONE',  ( 14.62648254936899050, 35.48421955815651074, -39.90481301738248021 ) ) ;
#2394 = CARTESIAN_POINT ( 'NONE',  ( 0.000000000000000000, 0.000000000000000000, -96.00000000000002842 ) ) ;
#2395 =( BOUNDED_CURVE ( )  B_SPLINE_CURVE ( 3, ( #1253, #2096, #9588, #4343 ),
 .UNSPECIFIED., .F., .T. ) 
 B_SPLINE_CURVE_WITH_KNOTS ( ( 4, 4 ),
 ( 1.570796326794896558, 4.712388980384689674 ),
 .UNSPECIFIED. ) 
 CURVE ( )  GEOMETRIC_REPRESENTATION_ITEM ( )  RATIONAL_B_SPLINE_CURVE ( ( 1.000000000000000000, 0.3333333333333333703, 0.3333333333333333703, 1.000000000000000000 ) ) 
 REPRESENTATION_ITEM ( '' )  );
#2396 = ORIENTED_EDGE ( 'NONE', *, *, #7071, .T. ) ;
#2397 = CARTESIAN_POINT ( 'NONE',  ( 38.00000000000000000, -192.4250356126078714, -12.00000000000000000 ) ) ;
#2398 =( GEOMETRIC_REPRESENTATION_CONTEXT ( 3 ) GLOBAL_UNCERTAINTY_ASSIGNED_CONTEXT ( ( #5060 ) ) GLOBAL_UNIT_ASSIGNED_CONTEXT ( ( #5557, #5500, #7707 ) ) REPRESENTATION_CONTEXT ( 'NONE', 'WORKASPACE' ) );
#2399 = FACE_BOUND ( 'NONE', #7203, .T. ) ;
#2400 = CARTESIAN_POINT ( 'NONE',  ( 22.48353060487831456, -171.1999999999999886, 9.407652717443264478 ) ) ;
#2401 = ORIENTED_EDGE ( 'NONE', *, *, #3339, .F. ) ;
#2402 = EDGE_LOOP ( 'NONE', ( #2454, #8835, #1687, #1249 ) ) ;
#2403 = ORIENTED_EDGE ( 'NONE', *, *, #5833, .T. ) ;
#2404 = DIRECTION ( 'NONE',  ( -0.000000000000000000, -0.000000000000000000, -1.000000000000000000 ) ) ;
#2405 = CARTESIAN_POINT ( 'NONE',  ( 38.68750310502051803, 2.942672785202223196, 8.974572379110083986 ) ) ;
#2406 = ORIENTED_EDGE ( 'NONE', *, *, #5474, .T. ) ;
#2407 = CIRCLE ( 'NONE', #1786, 36.00000000000000000 ) ;
#2408 = AXIS2_PLACEMENT_3D ( 'NONE', #5309, #8351, #9705 ) ;
#2409 = CARTESIAN_POINT ( 'NONE',  ( 8.085153180731561307, 5.989907536354820650, -37.13646999731363962 ) ) ;
#2410 = CYLINDRICAL_SURFACE ( 'NONE', #6390, 36.00000000000000000 ) ;
#2411 = FACE_OUTER_BOUND ( 'NONE', #393, .T. ) ;
#2412 = CARTESIAN_POINT ( 'NONE',  ( 38.74999999995428368, 1.474284678808428728, -8.968695557329864343 ) ) ;
#2413 = DIRECTION ( 'NONE',  ( 1.000000000000000000, 6.938893903907229364E-16, 1.734723475976807341E-16 ) ) ;
#2414 = CARTESIAN_POINT ( 'NONE',  ( 0.000000000000000000, 27.00000000000000000, -42.50000000000000711 ) ) ;
#2415 = CARTESIAN_POINT ( 'NONE',  ( -34.46309434771099944, 8.587941529939119079, 24.87238447560082122 ) ) ;
#2416 = CARTESIAN_POINT ( 'NONE',  ( 0.000000000000000000, 0.000000000000000000, -38.99999999999998579 ) ) ;
#2417 = EDGE_LOOP ( 'NONE', ( #2849, #7219 ) ) ;
#2418 = CIRCLE ( 'NONE', #1141, 16.89999999999999858 ) ;
#2419 = EDGE_CURVE ( 'NONE', #3396, #5179, #368, .T. ) ;
#2420 = LINE ( 'NONE', #9254, #9100 ) ;
#2421 = DIRECTION ( 'NONE',  ( 0.000000000000000000, 0.000000000000000000, 1.000000000000000000 ) ) ;
#2422 = AXIS2_PLACEMENT_3D ( 'NONE', #1420, #5341, #8340 ) ;
#2423 = DIRECTION ( 'NONE',  ( 1.541976423090496126E-16, 1.000000000000000000, 0.000000000000000000 ) ) ;
#2424 = CARTESIAN_POINT ( 'NONE',  ( -16.89999999999999858, 27.00000000000000355, -19.00000000000000000 ) ) ;
#2425 = DIRECTION ( 'NONE',  ( -1.541976423090495633E-16, -1.000000000000000000, -0.000000000000000000 ) ) ;
#2426 = VERTEX_POINT ( 'NONE', #4899 ) ;
#2427 = CARTESIAN_POINT ( 'NONE',  ( 36.00000000000000000, 4.408728476930470856E-15, 17.99999999999999645 ) ) ;
#2428 = ADVANCED_FACE ( 'NONE', ( #2003 ), #8038, .F. ) ;
#2429 = ORIENTED_EDGE ( 'NONE', *, *, #9015, .T. ) ;
#2430 = EDGE_CURVE ( 'NONE', #744, #4066, #7078, .T. ) ;
#2431 = EDGE_CURVE ( 'NONE', #7235, #3725, #5453, .T. ) ;
#2432 = ORIENTED_EDGE ( 'NONE', *, *, #8330, .T. ) ;
#2433 = CARTESIAN_POINT ( 'NONE',  ( -34.72809071374957313, 9.888260814319176362, -24.49934854543381846 ) ) ;
#2434 = CARTESIAN_POINT ( 'NONE',  ( -38.00000000000000000, 8.774964387392127918, -9.000000000000012434 ) ) ;
#2435 = CARTESIAN_POINT ( 'NONE',  ( -35.37782300511180722, 6.796919414599265075, 9.080507977802259489 ) ) ;
#2436 = CARTESIAN_POINT ( 'NONE',  ( -8.505826489883263619, 41.64494373372604485, -41.65069690477503883 ) ) ;
#2437 = VERTEX_POINT ( 'NONE', #6403 ) ;
#2438 = EDGE_LOOP ( 'NONE', ( #2824, #1144, #2241, #985 ) ) ;
#2439 = EDGE_LOOP ( 'NONE', ( #4513, #4641 ) ) ;
#2440 = ADVANCED_FACE ( 'NONE', ( #2609 ), #6448, .F. ) ;
#2441 = DIRECTION ( 'NONE',  ( 0.000000000000000000, -0.000000000000000000, -1.000000000000000000 ) ) ;
#2442 = CARTESIAN_POINT ( 'NONE',  ( -37.54294426386832129, 20.34105912425784268, -5.893556794726658943 ) ) ;
#2443 = VERTEX_POINT ( 'NONE', #8692 ) ;
#2444 = AXIS2_PLACEMENT_3D ( 'NONE', #198, #3983, #9316 ) ;
#2445 = EDGE_CURVE ( 'NONE', #2349, #344, #1863, .T. ) ;
#2446 = DIRECTION ( 'NONE',  ( 0.000000000000000000, 0.000000000000000000, 1.000000000000000000 ) ) ;
#2447 = CARTESIAN_POINT ( 'NONE',  ( 22.48353060487831456, -171.1999999999999886, -9.407652717443262702 ) ) ;
#2448 = CARTESIAN_POINT ( 'NONE',  ( -32.31098884280702777, 15.41602615938555587, 20.00000000000000711 ) ) ;
#2449 = ORIENTED_EDGE ( 'NONE', *, *, #5960, .T. ) ;
#2450 = DIRECTION ( 'NONE',  ( 1.000000000000000000, 0.000000000000000000, 0.000000000000000000 ) ) ;
#2451 = FACE_BOUND ( 'NONE', #818, .T. ) ;
#2452 = VECTOR ( 'NONE', #5665, 1000.000000000000000 ) ;
#2453 = DIRECTION ( 'NONE',  ( 1.000000000000000000, 0.000000000000000000, 0.000000000000000000 ) ) ;
#2454 = ORIENTED_EDGE ( 'NONE', *, *, #908, .T. ) ;
#2455 = EDGE_LOOP ( 'NONE', ( #9226, #3225 ) ) ;
#2456 = VERTEX_POINT ( 'NONE', #8744 ) ;
#2457 = CARTESIAN_POINT ( 'NONE',  ( 0.000000000000000000, 85.00000000000000000, 0.000000000000000000 ) ) ;
#2458 = DIRECTION ( 'NONE',  ( 0.000000000000000000, 1.000000000000000000, 7.116814260417670090E-15 ) ) ;
#2459 = ORIENTED_EDGE ( 'NONE', *, *, #3572, .T. ) ;
#2460 = FACE_OUTER_BOUND ( 'NONE', #3479, .T. ) ;
#2461 = CARTESIAN_POINT ( 'NONE',  ( 0.000000000000000000, 85.00000000000000000, -38.00000000000000711 ) ) ;
#2462 = CARTESIAN_POINT ( 'NONE',  ( 38.68750310502051803, 2.942672785202223196, -8.974572379110066223 ) ) ;
#2463 = DIRECTION ( 'NONE',  ( -0.9588197348681929411, 0.2840153447039231449, 0.000000000000000000 ) ) ;
#2464 = AXIS2_PLACEMENT_3D ( 'NONE', #6971, #2223, #2370 ) ;
#2465 = DIRECTION ( 'NONE',  ( 1.000000000000000000, 0.000000000000000000, 0.000000000000000000 ) ) ;
#2466 = CARTESIAN_POINT ( 'NONE',  ( -46.49956922558553885, -13.77379991454192876, -61.00000000000000000 ) ) ;
#2467 = CARTESIAN_POINT ( 'NONE',  ( 16.89999999999999858, 2.069653090559026923E-15, -19.00000000000000000 ) ) ;
#2468 = ORIENTED_EDGE ( 'NONE', *, *, #9285, .F. ) ;
#2469 = B_SPLINE_CURVE_WITH_KNOTS ( 'NONE', 3,
 ( #389, #1802, #4828, #6474, #6524, #3429 ),
 .UNSPECIFIED., .F., .F.,
 ( 4, 2, 4 ),
 ( 0.000000000000000000, 0.004403506556374447989, 0.008807013112748895978 ),
 .UNSPECIFIED. ) ;
#2470 = FACE_OUTER_BOUND ( 'NONE', #6605, .T. ) ;
#2471 = VECTOR ( 'NONE', #1628, 1000.000000000000000 ) ;
#2472 = CARTESIAN_POINT ( 'NONE',  ( 0.000000000000000000, 55.19999999999999574, 0.000000000000000000 ) ) ;
#2473 = CARTESIAN_POINT ( 'NONE',  ( 0.000000000000000000, -2.514747939442635268E-13, -99.00000000000002842 ) ) ;
#2474 = CARTESIAN_POINT ( 'NONE',  ( -8.919190210719644796, 0.4674349519468558034, 9.000000000000000000 ) ) ;
#2475 = CARTESIAN_POINT ( 'NONE',  ( 36.71129967538724514, 19.55274977210659415, 9.851531076019186983 ) ) ;
#2476 = VERTEX_POINT ( 'NONE', #5823 ) ;
#2477 = ORIENTED_EDGE ( 'NONE', *, *, #1724, .F. ) ;
#2478 = CARTESIAN_POINT ( 'NONE',  ( -38.00000000000000000, 60.00000000000000000, 8.999999999999989342 ) ) ;
#2479 = EDGE_CURVE ( 'NONE', #8824, #6331, #9590, .T. ) ;
#2480 = CYLINDRICAL_SURFACE ( 'NONE', #7660, 72.00000000000000000 ) ;
#2481 = CARTESIAN_POINT ( 'NONE',  ( -35.07692307692307310, 8.099967126823498731, 8.999999999999982236 ) ) ;
#2482 = EDGE_CURVE ( 'NONE', #8796, #4745, #3241, .T. ) ;
#2483 = ITEM_DEFINED_TRANSFORMATION ( 'NONE', 'NONE', #8092,  #2024 ) ;
#2484 = CARTESIAN_POINT ( 'NONE',  ( -14.65905821834117795, 35.48202943551573441, -39.89720260398483731 ) ) ;
#2485 = ORIENTED_EDGE ( 'NONE', *, *, #2061, .F. ) ;
#2486 = ORIENTED_EDGE ( 'NONE', *, *, #327, .F. ) ;
#2487 = ORIENTED_EDGE ( 'NONE', *, *, #1392, .T. ) ;
#2488 = DIRECTION ( 'NONE',  ( -0.000000000000000000, -0.000000000000000000, 1.000000000000000000 ) ) ;
#2489 = ORIENTED_EDGE ( 'NONE', *, *, #1768, .F. ) ;
#2490 = AXIS2_PLACEMENT_3D ( 'NONE', #9744, #665, #3601 ) ;
#2491 = ADVANCED_FACE ( 'NONE', ( #2750 ), #4949, .T. ) ;
#2492 = DIRECTION ( 'NONE',  ( 0.000000000000000000, 1.000000000000000000, 0.000000000000000000 ) ) ;
#2493 = CARTESIAN_POINT ( 'NONE',  ( 0.000000000000000000, -201.1999999999999886, -19.00000000000000000 ) ) ;
#2494 = DIRECTION ( 'NONE',  ( 0.000000000000000000, 1.000000000000000000, 0.000000000000000000 ) ) ;
#2495 = EDGE_CURVE ( 'NONE', #8872, #4655, #8132, .T. ) ;
#2496 = DIRECTION ( 'NONE',  ( 0.000000000000000000, 0.000000000000000000, 1.000000000000000000 ) ) ;
#2497 = EDGE_CURVE ( 'NONE', #3148, #258, #7874, .T. ) ;
#2498 = ORIENTED_EDGE ( 'NONE', *, *, #3762, .F. ) ;
#2499 = CARTESIAN_POINT ( 'NONE',  ( 7.000000000000016875, -145.5999999999999659, 4.999999999999999112 ) ) ;
#2500 = CARTESIAN_POINT ( 'NONE',  ( 1.539749897050354256E-14, 44.00000000000014921, -156.9999999999997158 ) ) ;
#2501 = CARTESIAN_POINT ( 'NONE',  ( 0.000000000000000000, 0.000000000000000000, 41.00000000000000000 ) ) ;
#2502 = VERTEX_POINT ( 'NONE', #3445 ) ;
#2503 = AXIS2_PLACEMENT_3D ( 'NONE', #2995, #650, #5190 ) ;
#2504 = ORIENTED_EDGE ( 'NONE', *, *, #8547, .T. ) ;
#2505 = ORIENTED_EDGE ( 'NONE', *, *, #674, .F. ) ;
#2506 = CARTESIAN_POINT ( 'NONE',  ( -34.51751045525492145, -54.22455240934124987, -46.00000000000000000 ) ) ;
#2507 = CARTESIAN_POINT ( 'NONE',  ( -16.53687776098880136, -15.25718433781653616, 9.000000000000000000 ) ) ;
#2508 = AXIS2_PLACEMENT_3D ( 'NONE', #8344, #8201, #3013 ) ;
#2509 = ORIENTED_EDGE ( 'NONE', *, *, #6214, .F. ) ;
#2510 = CARTESIAN_POINT ( 'NONE',  ( -46.49956922558553885, -13.77379991454007069, -327.0000000000001705 ) ) ;
#2511 = AXIS2_PLACEMENT_3D ( 'NONE', #638, #2086, #3681 ) ;
#2512 = TOROIDAL_SURFACE ( 'NONE', #3942, 9.000000000000001776, 1.000000000000000000 ) ;
#2513 = CARTESIAN_POINT ( 'NONE',  ( -38.68750310502051803, 2.942672785202223196, -8.974572379110091092 ) ) ;
#2514 = CARTESIAN_POINT ( 'NONE',  ( -8.999999999999984013, -145.5999999999999659, -8.000000000000000000 ) ) ;
#2515 = EDGE_CURVE ( 'NONE', #101, #8436, #4344, .T. ) ;
#2516 = CARTESIAN_POINT ( 'NONE',  ( -35.07692307692307310, -193.1000328731765023, 11.99999999999998224 ) ) ;
#2517 = DIRECTION ( 'NONE',  ( 0.000000000000000000, 6.982962677686266711E-15, -1.000000000000000000 ) ) ;
#2518 = VECTOR ( 'NONE', #3048, 1000.000000000000114 ) ;
#2519 = CARTESIAN_POINT ( 'NONE',  ( -16.34827872385707437, 22.57541672592568105, -39.23060593324904488 ) ) ;
#2520 = CARTESIAN_POINT ( 'NONE',  ( 38.74999999999985789, 1.473196481563937787, 8.968695557326947565 ) ) ;
#2521 = ORIENTED_EDGE ( 'NONE', *, *, #8999, .T. ) ;
#2522 =( GEOMETRIC_REPRESENTATION_CONTEXT ( 3 ) GLOBAL_UNCERTAINTY_ASSIGNED_CONTEXT ( ( #8838 ) ) GLOBAL_UNIT_ASSIGNED_CONTEXT ( ( #6895, #8520, #8777 ) ) REPRESENTATION_CONTEXT ( 'NONE', 'WORKASPACE' ) );
#2523 = AXIS2_PLACEMENT_3D ( 'NONE', #716, #6611, #3755 ) ;
#2524 = AXIS2_PLACEMENT_3D ( 'NONE', #1750, #2382, #5417 ) ;
#2525 = DIRECTION ( 'NONE',  ( 0.000000000000000000, -0.000000000000000000, -1.000000000000000000 ) ) ;
#2526 = AXIS2_PLACEMENT_3D ( 'NONE', #6683, #9718, #448 ) ;
#2527 = AXIS2_PLACEMENT_3D ( 'NONE', #6960, #1472, #6811 ) ;
#2528 = CARTESIAN_POINT ( 'NONE',  ( 38.89087296526011528, -33.89087296525551807, -456.0000000000005116 ) ) ;
#2529 = DIRECTION ( 'NONE',  ( 0.000000000000000000, -1.396592535537253342E-14, 1.000000000000000000 ) ) ;
#2530 = FACE_BOUND ( 'NONE', #1140, .T. ) ;
#2531 = CARTESIAN_POINT ( 'NONE',  ( 35.94579507938281182, 18.82878930018265606, -12.35577881503230380 ) ) ;
#2532 = ORIENTED_EDGE ( 'NONE', *, *, #5999, .T. ) ;
#2533 = AXIS2_PLACEMENT_3D ( 'NONE', #3372, #1833, #423 ) ;
#2534 = AXIS2_PLACEMENT_3D ( 'NONE', #8655, #9596, #5698 ) ;
#2535 = VERTEX_POINT ( 'NONE', #698 ) ;
#2536 = PRODUCT_RELATED_PRODUCT_CATEGORY ( 'part', '', ( #3126 ) ) ;
#2537 = DIRECTION ( 'NONE',  ( 0.000000000000000000, 0.000000000000000000, 1.000000000000000000 ) ) ;
#2538 = CARTESIAN_POINT ( 'NONE',  ( -38.75000000000000000, -201.1999999999999886, 8.968695557326032741 ) ) ;
#2539 = LINE ( 'NONE', #5105, #7061 ) ;
#2540 = CARTESIAN_POINT ( 'NONE',  ( 38.89087296526011528, -38.89087296525645598, -456.0000000000005684 ) ) ;
#2541 = CARTESIAN_POINT ( 'NONE',  ( 35.61464024155682750, 5.426187063174160663, -11.98701582130419574 ) ) ;
#2542 = ORIENTED_EDGE ( 'NONE', *, *, #3025, .F. ) ;
#2543 = VERTEX_POINT ( 'NONE', #2097 ) ;
#2544 = CIRCLE ( 'NONE', #5865, 38.00000000000000711 ) ;
#2545 = ORIENTED_EDGE ( 'NONE', *, *, #2495, .T. ) ;
#2546 = DIRECTION ( 'NONE',  ( -0.000000000000000000, -0.000000000000000000, 1.000000000000000000 ) ) ;
#2547 = ORIENTED_EDGE ( 'NONE', *, *, #3226, .F. ) ;
#2548 = CARTESIAN_POINT ( 'NONE',  ( -6.123233995736936479E-15, -49.99999999999776179, -441.0000000000007390 ) ) ;
#2549 = VECTOR ( 'NONE', #8079, 1000.000000000000000 ) ;
#2550 = CARTESIAN_POINT ( 'NONE',  ( 22.46113493917507142, 25.47922080561386693, 30.65136572765764100 ) ) ;
#2551 = CARTESIAN_POINT ( 'NONE',  ( -38.89087296526011528, -43.89087296525356408, -456.0000000000006253 ) ) ;
#2552 = SHAPE_REPRESENTATION_RELATIONSHIP ( 'NONE' , 'NONE' ,  #4579, #3234 ) ;
#2553 = VERTEX_POINT ( 'NONE', #2940 ) ;
#2554 =( NAMED_UNIT ( * ) SI_UNIT ( $, .STERADIAN. ) SOLID_ANGLE_UNIT ( ) );
#2555 = DIRECTION ( 'NONE',  ( -0.2840153447039231449, -0.9588197348681929411, -1.339080484642726365E-14 ) ) ;
#2556 = EDGE_LOOP ( 'NONE', ( #5798, #8210, #8306, #943 ) ) ;
#2557 = ORIENTED_EDGE ( 'NONE', *, *, #9759, .F. ) ;
#2558 = ORIENTED_EDGE ( 'NONE', *, *, #5283, .T. ) ;
#2559 = EDGE_CURVE ( 'NONE', #2349, #8256, #988, .T. ) ;
#2560 = PLANE ( 'NONE',  #3994 ) ;
#2561 = ADVANCED_FACE ( 'NONE', ( #3739 ), #3589, .T. ) ;
#2562 = FACE_OUTER_BOUND ( 'NONE', #9116, .T. ) ;
#2563 = EDGE_CURVE ( 'NONE', #584, #1585, #5874, .T. ) ;
#2564 = DIRECTION ( 'NONE',  ( 0.000000000000000000, 1.000000000000000000, 7.709882115452475800E-15 ) ) ;
#2565 = CARTESIAN_POINT ( 'NONE',  ( -22.50000000000000355, 27.00000000000000000, 19.00000000000000000 ) ) ;
#2566 = DIRECTION ( 'NONE',  ( -0.000000000000000000, 0.000000000000000000, 1.000000000000000000 ) ) ;
#2567 = CIRCLE ( 'NONE', #2227, 10.00000000000000000 ) ;
#2568 = CARTESIAN_POINT ( 'NONE',  ( 18.49218940641788222, 49.99999999999999289, -9.000000000000007105 ) ) ;
#2569 = CARTESIAN_POINT ( 'NONE',  ( -4.428145687102062134, 10.65187015830241890, -42.28309323744663573 ) ) ;
#2570 = EDGE_LOOP ( 'NONE', ( #6700, #1909, #4723, #3014 ) ) ;
#2571 = CIRCLE ( 'NONE', #8449, 3.000000000000000888 ) ;
#2572 = TOROIDAL_SURFACE ( 'NONE', #3837, 39.00000000000000000, 3.000000000000000000 ) ;
#2573 = EDGE_CURVE ( 'NONE', #1286, #7058, #9216, .T. ) ;
#2574 = EDGE_CURVE ( 'NONE', #8257, #9821, #9300, .T. ) ;
#2575 = DIRECTION ( 'NONE',  ( -0.000000000000000000, 0.000000000000000000, 1.000000000000000000 ) ) ;
#2576 = VECTOR ( 'NONE', #1417, 1000.000000000000000 ) ;
#2577 = VECTOR ( 'NONE', #4885, 1000.000000000000000 ) ;
#2578 = VECTOR ( 'NONE', #135, 1000.000000000000000 ) ;
#2579 = CARTESIAN_POINT ( 'NONE',  ( 14.34233482500348522, 18.04423510780857143, -40.00813949143611126 ) ) ;
#2580 = CARTESIAN_POINT ( 'NONE',  ( -19.48600391787329755, 38.34154323973798739, -32.63663186727936250 ) ) ;
#2581 = DIRECTION ( 'NONE',  ( -1.224646799147351975E-16, 1.000000000000000000, 0.000000000000000000 ) ) ;
#2582 = CARTESIAN_POINT ( 'NONE',  ( 36.22297531403403781, 19.09077029163938732, -11.51849822642856580 ) ) ;
#2583 = ORIENTED_EDGE ( 'NONE', *, *, #1898, .T. ) ;
#2584 =( GEOMETRIC_REPRESENTATION_CONTEXT ( 3 ) GLOBAL_UNCERTAINTY_ASSIGNED_CONTEXT ( ( #6566 ) ) GLOBAL_UNIT_ASSIGNED_CONTEXT ( ( #8536, #4840, #4940 ) ) REPRESENTATION_CONTEXT ( 'NONE', 'WORKASPACE' ) );
#2585 =( REPRESENTATION_RELATIONSHIP ('NONE','NONE', #4268, #8339 ) REPRESENTATION_RELATIONSHIP_WITH_TRANSFORMATION ( #1642 )SHAPE_REPRESENTATION_RELATIONSHIP( ) );
#2586 = VERTEX_POINT ( 'NONE', #6691 ) ;
#2587 = VECTOR ( 'NONE', #4355, 1000.000000000000000 ) ;
#2588 = DIRECTION ( 'NONE',  ( -0.000000000000000000, -0.000000000000000000, -1.000000000000000000 ) ) ;
#2589 = DIRECTION ( 'NONE',  ( -0.05233595624294370974, -0.9986295347545739443, 0.000000000000000000 ) ) ;
#2590 = DIRECTION ( 'NONE',  ( -0.000000000000000000, -0.000000000000000000, -1.000000000000000000 ) ) ;
#2591 = DIRECTION ( 'NONE',  ( 1.141265444721583757E-16, 0.000000000000000000, -1.000000000000000000 ) ) ;
#2592 = CARTESIAN_POINT ( 'NONE',  ( 35.07692307692307310, 8.099967126823496955, -11.99999999999999289 ) ) ;
#2593 = EDGE_LOOP ( 'NONE', ( #3947, #1176, #1284, #2605 ) ) ;
#2594 = AXIS2_PLACEMENT_3D ( 'NONE', #2897, #8977, #3047 ) ;
#2595 = ORIENTED_EDGE ( 'NONE', *, *, #7969, .F. ) ;
#2596 = ORIENTED_EDGE ( 'NONE', *, *, #327, .T. ) ;
#2597 = ORIENTED_EDGE ( 'NONE', *, *, #9734, .T. ) ;
#2598 = DIRECTION ( 'NONE',  ( 1.541976423090495633E-16, 1.000000000000000000, -0.000000000000000000 ) ) ;
#2599 = CARTESIAN_POINT ( 'NONE',  ( 8.068490273200403351, 5.983458315865552990, 37.14011923704806861 ) ) ;
#2600 = CARTESIAN_POINT ( 'NONE',  ( -55.00000000000000000, 3.452951341474671211E-12, -441.0000000000000000 ) ) ;
#2601 = DIRECTION ( 'NONE',  ( 1.000000000000000000, 0.000000000000000000, 0.000000000000000000 ) ) ;
#2602 = VERTEX_POINT ( 'NONE', #3693 ) ;
#2603 = DIRECTION ( 'NONE',  ( 0.000000000000000000, 0.000000000000000000, 1.000000000000000000 ) ) ;
#2604 = CARTESIAN_POINT ( 'NONE',  ( -34.36931771216880094, 6.755772121541200548, -25.00000000000000000 ) ) ;
#2605 = ORIENTED_EDGE ( 'NONE', *, *, #4247, .F. ) ;
#2606 = VERTEX_POINT ( 'NONE', #2194 ) ;
#2607 = DIRECTION ( 'NONE',  ( 0.000000000000000000, -0.000000000000000000, 1.000000000000000000 ) ) ;
#2608 = DIRECTION ( 'NONE',  ( -1.000000000000000000, 0.000000000000000000, 0.000000000000000000 ) ) ;
#2609 = FACE_OUTER_BOUND ( 'NONE', #7454, .T. ) ;
#2610 = CARTESIAN_POINT ( 'NONE',  ( 1.539749897050354256E-14, 44.00000000000066080, -230.9999999999996874 ) ) ;
#2611 = DIRECTION ( 'NONE',  ( -0.000000000000000000, -1.000000000000000000, -0.000000000000000000 ) ) ;
#2612 = CIRCLE ( 'NONE', #5779, 4.999999999998033573 ) ;
#2613 = DIRECTION ( 'NONE',  ( 0.000000000000000000, 1.000000000000000000, 1.110223024625157172E-14 ) ) ;
#2614 = EDGE_CURVE ( 'NONE', #7337, #1537, #5306, .T. ) ;
#2615 = EDGE_CURVE ( 'NONE', #2334, #1212, #4666, .T. ) ;
#2616 = LINE ( 'NONE', #8696, #3004 ) ;
#2617 = ORIENTED_EDGE ( 'NONE', *, *, #7094, .F. ) ;
#2618 = ORIENTED_EDGE ( 'NONE', *, *, #7752, .T. ) ;
#2619 = TOROIDAL_SURFACE ( 'NONE', #5792, 39.00000000000000000, 3.000000000000000000 ) ;
#2620 = CARTESIAN_POINT ( 'NONE',  ( 37.87894679998807845, 15.82624810372617397, 19.28947475002234313 ) ) ;
#2621 = CARTESIAN_POINT ( 'NONE',  ( 5.204748896376250896E-15, 90.00000000000000000, 42.50000000000000711 ) ) ;
#2622 = ADVANCED_FACE ( 'NONE', ( #8275 ), #4440, .F. ) ;
#2623 = ADVANCED_FACE ( 'NONE', ( #2377 ), #648, .F. ) ;
#2624 = CARTESIAN_POINT ( 'NONE',  ( 16.76085428751419215, 24.76372805609100070, -39.05544086596911768 ) ) ;
#2625 = CARTESIAN_POINT ( 'NONE',  ( 35.07692307692307310, -193.1000328731765023, -11.99999999999999112 ) ) ;
#2626 = DIRECTION ( 'NONE',  ( 1.000000000000000000, 0.000000000000000000, 0.000000000000000000 ) ) ;
#2627 = ORIENTED_EDGE ( 'NONE', *, *, #3512, .F. ) ;
#2628 = AXIS2_PLACEMENT_3D ( 'NONE', #9130, #6856, #3898 ) ;
#2629 = ADVANCED_FACE ( 'NONE', ( #7541, #8469 ), #148, .T. ) ;
#2630 = ORIENTED_EDGE ( 'NONE', *, *, #310, .T. ) ;
#2631 = CARTESIAN_POINT ( 'NONE',  ( 1.539749897050354256E-14, -44.00000000000000000, 0.000000000000000000 ) ) ;
#2632 = DIRECTION ( 'NONE',  ( 0.000000000000000000, 0.000000000000000000, -1.000000000000000000 ) ) ;
#2633 = CARTESIAN_POINT ( 'NONE',  ( 0.000000000000000000, 4.299999999999999822, -42.50000000000001421 ) ) ;
#2634 = CARTESIAN_POINT ( 'NONE',  ( 16.89999999999999858, 2.069653090559026923E-15, 19.00000000000000000 ) ) ;
#2635 = CARTESIAN_POINT ( 'NONE',  ( -16.79051176854235905, 29.22109069935270043, -39.04337569082093751 ) ) ;
#2636 = DIRECTION ( 'NONE',  ( 1.000000000000000000, 0.000000000000000000, 0.000000000000000000 ) ) ;
#2637 = ORIENTED_EDGE ( 'NONE', *, *, #6321, .F. ) ;
#2638 = ORIENTED_EDGE ( 'NONE', *, *, #7667, .F. ) ;
#2639 = ORIENTED_EDGE ( 'NONE', *, *, #3526, .T. ) ;
#2640 = VERTEX_POINT ( 'NONE', #3177 ) ;
#2641 = CARTESIAN_POINT ( 'NONE',  ( 36.00000000000000000, -1.744345337594721663E-27, -96.00000000000002842 ) ) ;
#2642 = DIRECTION ( 'NONE',  ( 0.000000000000000000, 1.000000000000000000, 0.000000000000000000 ) ) ;
#2643 = DIRECTION ( 'NONE',  ( 0.2249990868562079804, -0.9743589743589744501, -5.634144622830654239E-16 ) ) ;
#2644 = DIRECTION ( 'NONE',  ( -0.9999999999999998890, 8.326672684688075012E-17, -2.261024342664688336E-16 ) ) ;
#2645 = CARTESIAN_POINT ( 'NONE',  ( 7.999999999999996447, -145.5999999999999659, -8.000000000000000000 ) ) ;
#2646 = FILL_AREA_STYLE_COLOUR ( '', #820 ) ;
#2647 = CARTESIAN_POINT ( 'NONE',  ( 4.776122516674677878E-15, -38.99999999999703704, -406.0000000000005684 ) ) ;
#2648 = EDGE_LOOP ( 'NONE', ( #1667, #1870, #9182, #6352 ) ) ;
#2649 = VERTEX_POINT ( 'NONE', #7396 ) ;
#2650 = CARTESIAN_POINT ( 'NONE',  ( 64.56989347527211009, -47.23059238027811801, -175.0000000000003411 ) ) ;
#2651 = CARTESIAN_POINT ( 'NONE',  ( -38.00000000000000711, -171.1999999999999886, -1.514518439508615673E-14 ) ) ;
#2652 = DIRECTION ( 'NONE',  ( -0.000000000000000000, -1.000000000000000000, -0.000000000000000000 ) ) ;
#2653 = DIRECTION ( 'NONE',  ( -1.000000000000000000, 0.000000000000000000, -0.000000000000000000 ) ) ;
#2654 = CARTESIAN_POINT ( 'NONE',  ( -22.50000000000000355, 28.52946383049464885, 30.62270399556513212 ) ) ;
#2655 = DIRECTION ( 'NONE',  ( 0.000000000000000000, 1.000000000000000000, 1.110223024624947492E-14 ) ) ;
#2656 = AXIS2_PLACEMENT_3D ( 'NONE', #7708, #9188, #914 ) ;
#2657 = CARTESIAN_POINT ( 'NONE',  ( -8.957106999858847729, 12.65836994006911986, -41.54803684474145342 ) ) ;
#2658 = ORIENTED_EDGE ( 'NONE', *, *, #967, .F. ) ;
#2659 = ORIENTED_EDGE ( 'NONE', *, *, #3876, .T. ) ;
#2660 = CIRCLE ( 'NONE', #8715, 36.00000000000000000 ) ;
#2661 = EDGE_CURVE ( 'NONE', #2716, #5077, #555, .T. ) ;
#2662 = CARTESIAN_POINT ( 'NONE',  ( 7.510537424896632785, 42.14952558842817609, 41.83405610162962063 ) ) ;
#2663 = CIRCLE ( 'NONE', #4898, 9.999999999999998224 ) ;
#2664 = FACE_OUTER_BOUND ( 'NONE', #631, .T. ) ;
#2665 = CARTESIAN_POINT ( 'NONE',  ( 12.73839350043785323, 15.83937975044294788, -40.55419421769072130 ) ) ;
#2666 = CARTESIAN_POINT ( 'NONE',  ( -21.01827021308493570, 35.06300693460438112, -31.65984815809105157 ) ) ;
#2667 = COLOUR_RGB ( '',0.7921568627450980005, 0.8196078431372548767, 0.9333333333333333481 ) ;
#2668 = AXIS2_PLACEMENT_3D ( 'NONE', #9409, #380, #6564 ) ;
#2669 = ORIENTED_EDGE ( 'NONE', *, *, #9400, .F. ) ;
#2670 = AXIS2_PLACEMENT_3D ( 'NONE', #2359, #8502, #6308 ) ;
#2671 = EDGE_CURVE ( 'NONE', #4536, #1126, #6752, .T. ) ;
#2672 = EDGE_CURVE ( 'NONE', #5884, #2443, #7876, .T. ) ;
#2673 = ORIENTED_EDGE ( 'NONE', *, *, #3760, .F. ) ;
#2674 = EDGE_CURVE ( 'NONE', #2299, #486, #291, .T. ) ;
#2675 = AXIS2_PLACEMENT_3D ( 'NONE', #9333, #7793, #2601 ) ;
#2676 = AXIS2_PLACEMENT_3D ( 'NONE', #1304, #8741, #405 ) ;
#2677 = DIRECTION ( 'NONE',  ( 1.000000000000000000, 0.000000000000000000, -0.000000000000000000 ) ) ;
#2678 = CARTESIAN_POINT ( 'NONE',  ( -7.189262450172941135E-16, 49.50000000000001421, -38.00000000000001421 ) ) ;
#2679 = CARTESIAN_POINT ( 'NONE',  ( -36.00000000000000000, 4.408728476930470856E-15, -64.00000000000000000 ) ) ;
#2680 = VECTOR ( 'NONE', #192, 1000.000000000000000 ) ;
#2681 = AXIS2_PLACEMENT_3D ( 'NONE', #627, #5903, #8953 ) ;
#2682 = DIRECTION ( 'NONE',  ( -0.000000000000000000, -0.000000000000000000, -1.000000000000000000 ) ) ;
#2683 = CARTESIAN_POINT ( 'NONE',  ( -38.75000000000000000, 0.000000000000000000, 8.968695557326032741 ) ) ;
#2684 = VERTEX_POINT ( 'NONE', #6471 ) ;
#2685 = VERTEX_POINT ( 'NONE', #8619 ) ;
#2686 = ORIENTED_EDGE ( 'NONE', *, *, #8389, .T. ) ;
#2687 = EDGE_CURVE ( 'NONE', #3976, #4048, #3328, .T. ) ;
#2688 = CARTESIAN_POINT ( 'NONE',  ( 0.000000000000000000, 2.792303695598926422E-13, -175.0000000000000284 ) ) ;
#2689 = CARTESIAN_POINT ( 'NONE',  ( -8.999999999999984013, -145.5999999999999659, 8.000000000000000000 ) ) ;
#2690 = EDGE_CURVE ( 'NONE', #7449, #5479, #3250, .T. ) ;
#2691 = DIRECTION ( 'NONE',  ( 0.000000000000000000, -1.000000000000000000, -1.439177994884462065E-14 ) ) ;
#2692 = DIRECTION ( 'NONE',  ( 0.000000000000000000, 0.000000000000000000, 1.000000000000000000 ) ) ;
#2693 = ORIENTED_EDGE ( 'NONE', *, *, #8102, .F. ) ;
#2694 = CARTESIAN_POINT ( 'NONE',  ( -8.999999999999991118, -55.60000000000000853, 8.000000000000000000 ) ) ;
#2695 = LINE ( 'NONE', #5732, #8015 ) ;
#2696 = ORIENTED_EDGE ( 'NONE', *, *, #7982, .T. ) ;
#2697 = ORIENTED_EDGE ( 'NONE', *, *, #8828, .F. ) ;
#2698 = DIRECTION ( 'NONE',  ( 0.000000000000000000, 1.396592535537253342E-14, -1.000000000000000000 ) ) ;
#2699 = AXIS2_PLACEMENT_3D ( 'NONE', #7060, #7902, #2458 ) ;
#2700 = CARTESIAN_POINT ( 'NONE',  ( 4.776122516674677878E-15, -38.99999999999655387, -441.0000000000005684 ) ) ;
#2701 = AXIS2_PLACEMENT_3D ( 'NONE', #7468, #5949, #2770 ) ;
#2702 = CARTESIAN_POINT ( 'NONE',  ( -38.25142132890803737, 7.323256995510612377, 8.999999999999996447 ) ) ;
#2703 = CARTESIAN_POINT ( 'NONE',  ( -21.27253470776494737, 34.36812554369996064, 31.48890708228468327 ) ) ;
#2704 = CARTESIAN_POINT ( 'NONE',  ( 22.48353060487831456, -171.1999999999999886, 9.407652717443264478 ) ) ;
#2705 = CARTESIAN_POINT ( 'NONE',  ( 10.60459098999969108, -31.69192769109929841, 9.000000000000000000 ) ) ;
#2706 = VERTEX_POINT ( 'NONE', #6272 ) ;
#2707 = EDGE_LOOP ( 'NONE', ( #6115, #954, #2630, #5246, #6070, #5733, #3116, #7972, #8948, #9136, #7202, #3233, #1060, #838, #2150, #1996 ) ) ;
#2708 = VECTOR ( 'NONE', #4541, 1000.000000000000000 ) ;
#2709 = B_SPLINE_CURVE_WITH_KNOTS ( 'NONE', 3,
 ( #6094, #8392, #7067, #2305, #3103, #5449 ),
 .UNSPECIFIED., .F., .F.,
 ( 4, 2, 4 ),
 ( 0.000000000000000000, 0.001235105069189712350, 0.002470210138379424700 ),
 .UNSPECIFIED. ) ;
#2710 = CARTESIAN_POINT ( 'NONE',  ( 1.539749897050354256E-14, 74.00000000000093792, -270.9999999999994884 ) ) ;
#2711 = CARTESIAN_POINT ( 'NONE',  ( 8.969153499432113819, 12.66598262263632257, -41.54541524093755100 ) ) ;
#2712 = FACE_OUTER_BOUND ( 'NONE', #9328, .T. ) ;
#2713 = DIRECTION ( 'NONE',  ( 0.000000000000000000, 6.982962677686266711E-15, -1.000000000000000000 ) ) ;
#2714 = B_SPLINE_CURVE_WITH_KNOTS ( 'NONE', 3,
 ( #849, #6903, #8431, #1604, #7313, #2759 ),
 .UNSPECIFIED., .F., .F.,
 ( 4, 2, 4 ),
 ( 0.000000000000000000, 0.004076250747534572449, 0.008152501495069144899 ),
 .UNSPECIFIED. ) ;
#2715 =( BOUNDED_SURFACE ( )  B_SPLINE_SURFACE ( 3, 2, ( 
 ( #3862, #6135, #7011 ),
 ( #3958, #6912, #1615 ),
 ( #7064, #860, #225 ),
 ( #2513, #7859, #8497 ),
 ( #8649, #4756, #4851 ),
 ( #77, #176, #4059 ) ),
 .UNSPECIFIED., .F., .F., .T. ) 
 B_SPLINE_SURFACE_WITH_KNOTS ( ( 4, 2, 4 ),
 ( 3, 3 ),
 ( 0.000000000000000000, 0.004411853782887460891, 0.008823707565774921782 ),
 ( 0.000000000000000000, 1.000000000000000000 ),
 .UNSPECIFIED. ) 
 GEOMETRIC_REPRESENTATION_ITEM ( )  RATIONAL_B_SPLINE_SURFACE ( (
 ( 1.000000000000000000, 0.7071067811865475727, 1.000000000000000000),
 ( 1.000000000000000000, 0.7167217121887273779, 1.000000000000000000),
 ( 1.000000000000000000, 0.7239293624828414542, 1.000000000000000000),
 ( 1.000000000000000000, 0.7335575311267906740, 1.000000000000000000),
 ( 1.000000000000000000, 0.7359783963878642199, 1.000000000000000000),
 ( 1.000000000000000000, 0.7359800721939874224, 1.000000000000000000) ) ) 
 REPRESENTATION_ITEM ( '' )  SURFACE ( )  );
#2716 = VERTEX_POINT ( 'NONE', #1038 ) ;
#2717 = VECTOR ( 'NONE', #5298, 1000.000000000000000 ) ;
#2718 = LINE ( 'NONE', #8158, #7672 ) ;
#2719 = CARTESIAN_POINT ( 'NONE',  ( 16.45710684811243851, 30.88344755631586480, 39.18453517308385869 ) ) ;
#2720 = VECTOR ( 'NONE', #5536, 1000.000000000000000 ) ;
#2721 = CIRCLE ( 'NONE', #7044, 3.000000000000001332 ) ;
#2722 = FACE_OUTER_BOUND ( 'NONE', #9773, .T. ) ;
#2723 = EDGE_CURVE ( 'NONE', #6168, #4538, #8335, .T. ) ;
#2724 = B_SPLINE_CURVE_WITH_KNOTS ( 'NONE', 3,
 ( #387, #1933, #6572, #3426, #1278, #9561 ),
 .UNSPECIFIED., .F., .F.,
 ( 4, 2, 4 ),
 ( 0.000000000000000000, 0.004076250747534572449, 0.008152501495069144899 ),
 .UNSPECIFIED. ) ;
#2725 = CARTESIAN_POINT ( 'NONE',  ( -36.00000000000000000, -201.1999999999999886, -19.00000000000000000 ) ) ;
#2726 = ADVANCED_FACE ( 'NONE', ( #1888 ), #7229, .F. ) ;
#2727 = CARTESIAN_POINT ( 'NONE',  ( 34.36931771216880094, 6.755772121541200548, -25.00000000000000000 ) ) ;
#2728 = ORIENTED_EDGE ( 'NONE', *, *, #3083, .F. ) ;
#2729 = EDGE_CURVE ( 'NONE', #47, #1837, #6320, .T. ) ;
#2730 = CIRCLE ( 'NONE', #2892, 30.00000000000000000 ) ;
#2731 = VERTEX_POINT ( 'NONE', #7125 ) ;
#2732 = ORIENTED_EDGE ( 'NONE', *, *, #8534, .F. ) ;
#2733 = ORIENTED_EDGE ( 'NONE', *, *, #6259, .T. ) ;
#2734 = CIRCLE ( 'NONE', #509, 2.999999999999999112 ) ;
#2735 = DIRECTION ( 'NONE',  ( -1.224646799147350742E-16, 1.000000000000000000, 0.000000000000000000 ) ) ;
#2736 = CARTESIAN_POINT ( 'NONE',  ( 34.67950817397738916, 9.672003492554457793, 24.56801450019053590 ) ) ;
#2737 = CARTESIAN_POINT ( 'NONE',  ( 28.61817604250838087, 6.755772121541173014, -25.00000000000000000 ) ) ;
#2738 = DIRECTION ( 'NONE',  ( -2.391543916884109756E-17, 1.201068257676461409E-16, -1.000000000000000000 ) ) ;
#2739 = VECTOR ( 'NONE', #1042, 1000.000000000000000 ) ;
#2740 = ADVANCED_FACE ( 'NONE', ( #4177 ), #9416, .T. ) ;
#2741 = ORIENTED_EDGE ( 'NONE', *, *, #2723, .F. ) ;
#2742 = DIRECTION ( 'NONE',  ( 0.000000000000000000, -1.000000000000000000, -1.387778780781445676E-14 ) ) ;
#2743 = EDGE_CURVE ( 'NONE', #9821, #8257, #4841, .T. ) ;
#2744 = DIRECTION ( 'NONE',  ( 0.000000000000000000, -1.000000000000000000, -1.110223024625425226E-14 ) ) ;
#2745 = ORIENTED_EDGE ( 'NONE', *, *, #1635, .T. ) ;
#2746 = VERTEX_POINT ( 'NONE', #5517 ) ;
#2747 = LINE ( 'NONE', #505, #1084 ) ;
#2748 = DIRECTION ( 'NONE',  ( -0.000000000000000000, -1.396592535537253342E-14, 1.000000000000000000 ) ) ;
#2749 = EDGE_CURVE ( 'NONE', #7307, #7452, #694, .T. ) ;
#2750 = FACE_OUTER_BOUND ( 'NONE', #9009, .T. ) ;
#2751 = CARTESIAN_POINT ( 'NONE',  ( -34.51751045525492145, -54.22455240934124987, -61.00000000000000000 ) ) ;
#2752 = CARTESIAN_POINT ( 'NONE',  ( -17.84990370404203475, 40.77485679860548373, 33.55966257948909970 ) ) ;
#2753 = DIRECTION ( 'NONE',  ( -1.541976423090495633E-16, -1.000000000000000000, -0.000000000000000000 ) ) ;
#2754 = CARTESIAN_POINT ( 'NONE',  ( -7.505416195140927726, 11.84795392223779942, -41.83497115720275161 ) ) ;
#2755 = EDGE_LOOP ( 'NONE', ( #5745, #4372, #2047, #7572 ) ) ;
#2756 = ADVANCED_BREP_SHAPE_REPRESENTATION ( '', ( #9830, #2024 ), #5063 ) ;
#2757 = ORIENTED_EDGE ( 'NONE', *, *, #6395, .T. ) ;
#2758 = UNCERTAINTY_MEASURE_WITH_UNIT (LENGTH_MEASURE( 1.000000000000000082E-05 ), #1798, 'distance_accuracy_value', 'NONE');
#2759 = CARTESIAN_POINT ( 'NONE',  ( -36.00000000000000000, -201.1999999999999886, 11.95826074310138054 ) ) ;
#2760 = DIRECTION ( 'NONE',  ( 0.000000000000000000, 1.000000000000000000, 0.000000000000000000 ) ) ;
#2761 =( REPRESENTATION_RELATIONSHIP ('NONE','NONE', #4268, #4579 ) REPRESENTATION_RELATIONSHIP_WITH_TRANSFORMATION ( #2231 )SHAPE_REPRESENTATION_RELATIONSHIP( ) );
#2762 = CARTESIAN_POINT ( 'NONE',  ( 8.498622479403360686, 12.38187032730050774, -41.64456307347756336 ) ) ;
#2763 = UNCERTAINTY_MEASURE_WITH_UNIT (LENGTH_MEASURE( 1.000000000000000082E-05 ), #7754, 'distance_accuracy_value', 'NONE');
#2764 = CARTESIAN_POINT ( 'NONE',  ( 38.25123110765726864, -193.8756446672425113, -8.999999999999991118 ) ) ;
#2765 = DIRECTION ( 'NONE',  ( -0.000000000000000000, -0.000000000000000000, 1.000000000000000000 ) ) ;
#2766 = ORIENTED_EDGE ( 'NONE', *, *, #777, .T. ) ;
#2767 = AXIS2_PLACEMENT_3D ( 'NONE', #8012, #1179, #480 ) ;
#2768 = DIRECTION ( 'NONE',  ( -0.000000000000000000, -1.000000000000000000, -0.000000000000000000 ) ) ;
#2769 = CARTESIAN_POINT ( 'NONE',  ( 14.64299291573195028, 35.50789596042034901, 39.90297956472293350 ) ) ;
#2770 = DIRECTION ( 'NONE',  ( 1.000000000000000000, 0.000000000000000000, 0.000000000000000000 ) ) ;
#2771 = CARTESIAN_POINT ( 'NONE',  ( 38.75000000000000000, -201.1999999999999886, -8.968695557326039847 ) ) ;
#2772 = CIRCLE ( 'NONE', #8348, 2.999999999999999112 ) ;
#2773 = AXIS2_PLACEMENT_3D ( 'NONE', #9259, #8305, #8458 ) ;
#2774 = DIRECTION ( 'NONE',  ( 0.000000000000000000, 0.000000000000000000, 1.000000000000000000 ) ) ;
#2775 = ORIENTED_EDGE ( 'NONE', *, *, #778, .T. ) ;
#2776 = EDGE_LOOP ( 'NONE', ( #768, #1860, #8054, #1781 ) ) ;
#2777 = ORIENTED_EDGE ( 'NONE', *, *, #2202, .F. ) ;
#2778 = ORIENTED_EDGE ( 'NONE', *, *, #5243, .F. ) ;
#2779 = ADVANCED_FACE ( 'NONE', ( #8568 ), #1838, .F. ) ;
#2780 = EDGE_CURVE ( 'NONE', #8127, #1856, #1746, .T. ) ;
#2781 = CARTESIAN_POINT ( 'NONE',  ( 15.80737892471156769, 20.99646580704085252, 39.45160631498441717 ) ) ;
#2782 = CARTESIAN_POINT ( 'NONE',  ( -38.74999999995396394, -199.7257153211830030, -8.968695557329915857 ) ) ;
#2783 = DIRECTION ( 'NONE',  ( -0.000000000000000000, -0.000000000000000000, 1.000000000000000000 ) ) ;
#2784 = CARTESIAN_POINT ( 'NONE',  ( 6.715277781162684553E-14, 245.1999999999985675, 90.99999999999666045 ) ) ;
#2785 = DIRECTION ( 'NONE',  ( -0.000000000000000000, -1.000000000000000000, -0.000000000000000000 ) ) ;
#2786 = CARTESIAN_POINT ( 'NONE',  ( -21.70390168761711180, 21.05605425214634607, -31.19220218644414544 ) ) ;
#2787 = DIRECTION ( 'NONE',  ( -1.000000000000000000, 0.000000000000000000, 0.000000000000000000 ) ) ;
#2788 = ORIENTED_EDGE ( 'NONE', *, *, #1050, .F. ) ;
#2789 = ORIENTED_EDGE ( 'NONE', *, *, #6399, .F. ) ;
#2790 = FACE_OUTER_BOUND ( 'NONE', #4408, .T. ) ;
#2791 = CARTESIAN_POINT ( 'NONE',  ( -38.00000000000000000, -192.4250356126078714, -9.000000000000010658 ) ) ;
#2792 = ADVANCED_FACE ( 'NONE', ( #4777 ), #9464, .T. ) ;
#2793 = EDGE_CURVE ( 'NONE', #1082, #3183, #6101, .T. ) ;
#2794 = EDGE_CURVE ( 'NONE', #258, #3148, #9137, .T. ) ;
#2795 = CARTESIAN_POINT ( 'NONE',  ( 14.50000000000000533, 0.000000000000000000, 130.0000000000000000 ) ) ;
#2796 = CARTESIAN_POINT ( 'NONE',  ( 0.000000000000000000, 1.857468072264547096E-12, -327.0000000000000000 ) ) ;
#2797 = CARTESIAN_POINT ( 'NONE',  ( 55.00000000000000000, 5.000000000006010303, -455.9999999999999432 ) ) ;
#2798 = FACE_BOUND ( 'NONE', #7927, .T. ) ;
#2799 = ORIENTED_EDGE ( 'NONE', *, *, #8597, .F. ) ;
#2800 = EDGE_LOOP ( 'NONE', ( #5371, #116, #2009, #6786 ) ) ;
#2801 = EDGE_CURVE ( 'NONE', #3874, #1897, #4050, .T. ) ;
#2802 = CARTESIAN_POINT ( 'NONE',  ( 42.50123759763269504, 20.77632495553352499, 1.772773385880334951 ) ) ;
#2803 = FACE_OUTER_BOUND ( 'NONE', #3836, .T. ) ;
#2804 = DIRECTION ( 'NONE',  ( 0.000000000000000000, 1.396592535537253342E-14, -1.000000000000000000 ) ) ;
#2805 = DIRECTION ( 'NONE',  ( -0.2840153447039231449, 0.9588197348681929411, 6.695402423213631826E-15 ) ) ;
#2806 = EDGE_CURVE ( 'NONE', #4524, #92, #7369, .T. ) ;
#2807 = DIRECTION ( 'NONE',  ( 0.000000000000000000, -1.000000000000000000, -1.110223024625866357E-14 ) ) ;
#2808 = CARTESIAN_POINT ( 'NONE',  ( 35.92308074463417711, -198.4836866598347456, -11.96609650565749128 ) ) ;
#2809 = CARTESIAN_POINT ( 'NONE',  ( 0.000000000000000000, 3.449583562777016209E-12, -441.0000000000000000 ) ) ;
#2810 = VERTEX_POINT ( 'NONE', #9651 ) ;
#2811 = AXIS2_PLACEMENT_3D ( 'NONE', #1725, #4758, #7808 ) ;
#2812 = CIRCLE ( 'NONE', #4722, 26.99999999999999645 ) ;
#2813 = CARTESIAN_POINT ( 'NONE',  ( 5.204748896376250896E-15, 90.00000000000000000, 42.50000000000000711 ) ) ;
#2814 = CARTESIAN_POINT ( 'NONE',  ( 1.657975655542604885E-14, -145.5999999999999943, 5.999999999999999112 ) ) ;
#2815 = AXIS2_PLACEMENT_3D ( 'NONE', #7099, #3342, #6485 ) ;
#2816 = CARTESIAN_POINT ( 'NONE',  ( 0.000000000000000000, 0.000000000000000000, 0.000000000000000000 ) ) ;
#2817 = CIRCLE ( 'NONE', #9200, 42.50000000000000711 ) ;
#2818 = CARTESIAN_POINT ( 'NONE',  ( -35.38612840772156432, -194.4390471473797106, 11.99999999927685401 ) ) ;
#2819 = DIRECTION ( 'NONE',  ( 0.000000000000000000, 1.000000000000000000, 1.387778780781445676E-14 ) ) ;
#2820 = ORIENTED_EDGE ( 'NONE', *, *, #187, .F. ) ;
#2821 = VECTOR ( 'NONE', #5486, 1000.000000000000000 ) ;
#2822 = ORIENTED_EDGE ( 'NONE', *, *, #9559, .F. ) ;
#2823 = EDGE_LOOP ( 'NONE', ( #5050, #8915, #7243, #8677 ) ) ;
#2824 = ORIENTED_EDGE ( 'NONE', *, *, #4437, .F. ) ;
#2825 =( GEOMETRIC_REPRESENTATION_CONTEXT ( 3 ) GLOBAL_UNCERTAINTY_ASSIGNED_CONTEXT ( ( #468 ) ) GLOBAL_UNIT_ASSIGNED_CONTEXT ( ( #1403, #7542, #3842 ) ) REPRESENTATION_CONTEXT ( 'NONE', 'WORKASPACE' ) );
#2826 = TOROIDAL_SURFACE ( 'NONE', #6169, 30.00000000000000000, 3.000000000000000000 ) ;
#2827 = CIRCLE ( 'NONE', #3800, 72.00000000000000000 ) ;
#2828 = DIRECTION ( 'NONE',  ( 1.000000000000000000, 0.000000000000000000, 0.000000000000000000 ) ) ;
#2829 = CARTESIAN_POINT ( 'NONE',  ( -35.61183127812026328, -195.7524782914860282, -9.128065913155850808 ) ) ;
#2830 = DIRECTION ( 'NONE',  ( -0.7071067811865487940, 8.659560562354950115E-17, 0.7071067811865463515 ) ) ;
#2831 = DIRECTION ( 'NONE',  ( -1.000000000000000000, 1.752070710736463492E-16, 7.953954264055271838E-17 ) ) ;
#2832 = AXIS2_PLACEMENT_3D ( 'NONE', #8585, #5588, #3998 ) ;
#2833 = VECTOR ( 'NONE', #4546, 1000.000000000000000 ) ;
#2834 = ORIENTED_EDGE ( 'NONE', *, *, #1146, .T. ) ;
#2835 = DIRECTION ( 'NONE',  ( -0.2840153447039231449, -0.9588197348681929411, -0.000000000000000000 ) ) ;
#2836 = DIRECTION ( 'NONE',  ( 0.000000000000000000, 1.000000000000000000, 0.000000000000000000 ) ) ;
#2837 = ORIENTED_EDGE ( 'NONE', *, *, #9451, .T. ) ;
#2838 = EDGE_CURVE ( 'NONE', #6986, #1537, #7415, .T. ) ;
#2839 = EDGE_LOOP ( 'NONE', ( #5966, #1232, #2583, #3832 ) ) ;
#2840 = DIRECTION ( 'NONE',  ( 0.000000000000000000, 0.000000000000000000, -1.000000000000000000 ) ) ;
#2841 = DIRECTION ( 'NONE',  ( -8.881784197001252323E-16, 1.000000000000000000, 1.439177994884462065E-14 ) ) ;
#2842 = CARTESIAN_POINT ( 'NONE',  ( -34.88992150064376574, 10.51684294597050062, -24.26838863017690784 ) ) ;
#2843 = CARTESIAN_POINT ( 'NONE',  ( 16.89999999999999858, 27.00000000000000000, -42.50000000000000711 ) ) ;
#2844 = CARTESIAN_POINT ( 'NONE',  ( -12.88223401311496374, 45.45073300230107094, 35.75121757147596213 ) ) ;
#2845 = CARTESIAN_POINT ( 'NONE',  ( 0.000000000000000000, 55.19999999999999574, 0.000000000000000000 ) ) ;
#2846 = CARTESIAN_POINT ( 'NONE',  ( -41.90114275493440488, 20.13814537918847947, -7.123648142451809662 ) ) ;
#2847 = ADVANCED_FACE ( 'NONE', ( #8901, #8204 ), #4362, .T. ) ;
#2848 = ADVANCED_FACE ( 'NONE', ( #6671 ), #4221, .T. ) ;
#2849 = ORIENTED_EDGE ( 'NONE', *, *, #2132, .F. ) ;
#2850 = EDGE_CURVE ( 'NONE', #6388, #9215, #5639, .T. ) ;
#2851 = ORIENTED_EDGE ( 'NONE', *, *, #9133, .T. ) ;
#2852 = CARTESIAN_POINT ( 'NONE',  ( 5.998118916235139153, 42.80959265195359364, -42.07782610920077104 ) ) ;
#2853 = VECTOR ( 'NONE', #6625, 1000.000000000000000 ) ;
#2854 = VERTEX_POINT ( 'NONE', #7274 ) ;
#2855 = CYLINDRICAL_SURFACE ( 'NONE', #334, 8.000000000000000000 ) ;
#2856 = DIRECTION ( 'NONE',  ( 0.000000000000000000, -6.982962677686266711E-15, 1.000000000000000000 ) ) ;
#2857 = CARTESIAN_POINT ( 'NONE',  ( 0.000000000000000000, -201.1999999999999886, -12.00000000000000000 ) ) ;
#2858 = AXIS2_PLACEMENT_3D ( 'NONE', #1959, #6640, #2841 ) ;
#2859 = DIRECTION ( 'NONE',  ( -0.000000000000000000, 1.000000000000000000, -0.000000000000000000 ) ) ;
#2860 = DIRECTION ( 'NONE',  ( 1.000000000000000000, 0.000000000000000000, 0.000000000000000000 ) ) ;
#2861 = ORIENTED_EDGE ( 'NONE', *, *, #5834, .T. ) ;
#2862 = EDGE_CURVE ( 'NONE', #8656, #729, #4411, .T. ) ;
#2863 = CIRCLE ( 'NONE', #178, 39.50000000000000000 ) ;
#2864 = ADVANCED_FACE ( 'NONE', ( #7466 ), #3470, .T. ) ;
#2865 = CARTESIAN_POINT ( 'NONE',  ( 0.000000000000000000, -201.1999999999999886, -9.000000000000000000 ) ) ;
#2866 = CARTESIAN_POINT ( 'NONE',  ( 1.539749897050354256E-14, 44.00000000000096634, -273.9999999999997158 ) ) ;
#2867 = LINE ( 'NONE', #5853, #7789 ) ;
#2868 = AXIS2_PLACEMENT_3D ( 'NONE', #9038, #9091, #3007 ) ;
#2869 = CARTESIAN_POINT ( 'NONE',  ( -38.74999999995396394, -199.7257153211830030, 8.968695557329883883 ) ) ;
#2870 = CARTESIAN_POINT ( 'NONE',  ( 35.66624513607087010, 12.61611060081676250, -23.11425383132414524 ) ) ;
#2871 = ORIENTED_EDGE ( 'NONE', *, *, #3829, .T. ) ;
#2872 = ORIENTED_EDGE ( 'NONE', *, *, #3158, .F. ) ;
#2873 = VERTEX_POINT ( 'NONE', #6521 ) ;
#2874 = VECTOR ( 'NONE', #9513, 1000.000000000000000 ) ;
#2875 = ORIENTED_EDGE ( 'NONE', *, *, #4315, .F. ) ;
#2876 = AXIS2_PLACEMENT_3D ( 'NONE', #4582, #8583, #7097 ) ;
#2877 = VECTOR ( 'NONE', #17, 1000.000000000000227 ) ;
#2878 = FACE_OUTER_BOUND ( 'NONE', #315, .T. ) ;
#2879 = CARTESIAN_POINT ( 'NONE',  ( -36.00000000000000000, -201.1999999999999886, -11.95826074310141607 ) ) ;
#2880 = DIRECTION ( 'NONE',  ( 0.000000000000000000, 1.000000000000000000, 0.000000000000000000 ) ) ;
#2881 = DIRECTION ( 'NONE',  ( -1.403068581316276147E-15, -6.895296992936536688E-15, -1.000000000000000000 ) ) ;
#2882 = TOROIDAL_SURFACE ( 'NONE', #1794, 30.00000000000000000, 3.000000000000000000 ) ;
#2883 = ORIENTED_EDGE ( 'NONE', *, *, #8273, .F. ) ;
#2884 = CARTESIAN_POINT ( 'NONE',  ( -14.87989562539615740, 10.10722824531541697, -34.97076145019297400 ) ) ;
#2885 = AXIS2_PLACEMENT_3D ( 'NONE', #1486, #9810, #5271 ) ;
#2886 = CIRCLE ( 'NONE', #9256, 36.00000000000000000 ) ;
#2887 = CARTESIAN_POINT ( 'NONE',  ( 35.99999999999999289, -199.8324372353107208, 11.95826074310140541 ) ) ;
#2888 = ORIENTED_EDGE ( 'NONE', *, *, #6951, .T. ) ;
#2889 = ORIENTED_EDGE ( 'NONE', *, *, #769, .T. ) ;
#2890 = CARTESIAN_POINT ( 'NONE',  ( -14.33787922641223211, 35.96294312213083089, 40.00974211749159792 ) ) ;
#2891 = CARTESIAN_POINT ( 'NONE',  ( 191.5194180755570699, 6.755772121541173014, 15.00000000000000178 ) ) ;
#2892 = AXIS2_PLACEMENT_3D ( 'NONE', #3099, #6134, #1762 ) ;
#2893 = CARTESIAN_POINT ( 'NONE',  ( 1.657975655542604885E-14, -145.5999999999999943, 4.999999999999999112 ) ) ;
#2894 = CIRCLE ( 'NONE', #823, 40.00000000000000000 ) ;
#2895 = DIRECTION ( 'NONE',  ( 0.000000000000000000, 1.000000000000000000, 1.387778780781445676E-14 ) ) ;
#2896 = LINE ( 'NONE', #3697, #8065 ) ;
#2897 = CARTESIAN_POINT ( 'NONE',  ( 0.000000000000000000, 0.000000000000000000, 9.000000000000000000 ) ) ;
#2898 = CARTESIAN_POINT ( 'NONE',  ( -42.38830694285422140, 20.65639990006414095, -3.564443968842152088 ) ) ;
#2899 = ORIENTED_EDGE ( 'NONE', *, *, #2184, .F. ) ;
#2900 = ORIENTED_EDGE ( 'NONE', *, *, #2985, .F. ) ;
#2901 = ORIENTED_EDGE ( 'NONE', *, *, #7450, .F. ) ;
#2902 = CARTESIAN_POINT ( 'NONE',  ( -38.89087296526011528, -43.89087296525376303, -441.0000000000006253 ) ) ;
#2903 = EDGE_CURVE ( 'NONE', #9014, #9086, #7551, .T. ) ;
#2904 = DIRECTION ( 'NONE',  ( 1.000000000000000000, 0.000000000000000000, 0.000000000000000000 ) ) ;
#2905 = CARTESIAN_POINT ( 'NONE',  ( 0.000000000000000000, 0.000000000000000000, -96.00000000000002842 ) ) ;
#2906 = EDGE_CURVE ( 'NONE', #2079, #7944, #7084, .T. ) ;
#2907 = CARTESIAN_POINT ( 'NONE',  ( 4.592425496802574367E-15, -35.99999999999970157, -178.0000000000002558 ) ) ;
#2908 = CARTESIAN_POINT ( 'NONE',  ( 0.000000000000000000, 85.00000000000000000, 0.000000000000000000 ) ) ;
#2909 = LINE ( 'NONE', #9701, #6164 ) ;
#2910 = ORIENTED_EDGE ( 'NONE', *, *, #7865, .F. ) ;
#2911 = EDGE_CURVE ( 'NONE', #1185, #8639, #2718, .T. ) ;
#2912 = DIRECTION ( 'NONE',  ( 0.000000000000000000, -0.000000000000000000, -1.000000000000000000 ) ) ;
#2913 = DIRECTION ( 'NONE',  ( -0.000000000000000000, -1.000000000000000000, -0.000000000000000000 ) ) ;
#2914 = EDGE_CURVE ( 'NONE', #6541, #9710, #9589, .T. ) ;
#2915 = DIRECTION ( 'NONE',  ( 0.000000000000000000, 1.000000000000000000, 1.387778780781445676E-14 ) ) ;
#2916 = AXIS2_PLACEMENT_3D ( 'NONE', #1691, #6743, #5412 ) ;
#2917 = CARTESIAN_POINT ( 'NONE',  ( 27.00000000000000000, 0.000000000000000000, 19.00000000000000000 ) ) ;
#2918 = EDGE_CURVE ( 'NONE', #7669, #6132, #5273, .T. ) ;
#2919 = DIRECTION ( 'NONE',  ( 0.000000000000000000, 0.000000000000000000, 1.000000000000000000 ) ) ;
#2920 = ORIENTED_EDGE ( 'NONE', *, *, #7081, .T. ) ;
#2921 = ORIENTED_EDGE ( 'NONE', *, *, #9322, .T. ) ;
#2922 = CARTESIAN_POINT ( 'NONE',  ( 16.53687776098880846, -15.25718433781652728, 19.00000000000000000 ) ) ;
#2923 = EDGE_LOOP ( 'NONE', ( #56, #2459, #5642, #7390 ) ) ;
#2924 = AXIS2_PLACEMENT_3D ( 'NONE', #8120, #685, #493 ) ;
#2925 = EDGE_CURVE ( 'NONE', #5399, #3606, #5601, .T. ) ;
#2926 = VECTOR ( 'NONE', #3114, 1000.000000000000000 ) ;
#2927 = CARTESIAN_POINT ( 'NONE',  ( 5.372584090453488010E-15, 49.50000000000001421, 38.00000000000001421 ) ) ;
#2928 = FACE_OUTER_BOUND ( 'NONE', #5713, .T. ) ;
#2929 = CARTESIAN_POINT ( 'NONE',  ( 0.000000000000000000, 0.000000000000000000, -64.00000000000000000 ) ) ;
#2930 = EDGE_CURVE ( 'NONE', #2684, #9055, #8789, .T. ) ;
#2931 = ORIENTED_EDGE ( 'NONE', *, *, #1692, .F. ) ;
#2932 = CARTESIAN_POINT ( 'NONE',  ( 0.000000000000000000, 0.000000000000000000, -64.00000000000000000 ) ) ;
#2933 = CARTESIAN_POINT ( 'NONE',  ( -6.999999999999988454, -55.60000000000000853, 4.999999999999999112 ) ) ;
#2934 = ORIENTED_EDGE ( 'NONE', *, *, #5672, .T. ) ;
#2935 = ORIENTED_EDGE ( 'NONE', *, *, #848, .F. ) ;
#2936 = CARTESIAN_POINT ( 'NONE',  ( -7.518174376868061337, 42.14572255068203788, 41.83267874514626783 ) ) ;
#2937 = AXIS2_PLACEMENT_3D ( 'NONE', #9620, #6583, #2176 ) ;
#2938 = VECTOR ( 'NONE', #2137, 1000.000000000000114 ) ;
#2939 = CARTESIAN_POINT ( 'NONE',  ( -16.89999999999999858, 27.00000000000000355, 19.00000000000000000 ) ) ;
#2940 = CARTESIAN_POINT ( 'NONE',  ( -22.50000000000000355, 27.00000000000000000, 30.62270399556512501 ) ) ;
#2941 = SURFACE_STYLE_FILL_AREA ( #9023 ) ;
#2942 = CARTESIAN_POINT ( 'NONE',  ( 0.000000000000000000, 66.79999999999999716, 0.000000000000000000 ) ) ;
#2943 = CARTESIAN_POINT ( 'NONE',  ( -13.76115553657608359, 44.80485839833421124, 35.42213635312619147 ) ) ;
#2944 = FACE_OUTER_BOUND ( 'NONE', #3688, .T. ) ;
#2945 = CIRCLE ( 'NONE', #2147, 40.00000000000000000 ) ;
#2946 = CARTESIAN_POINT ( 'NONE',  ( -40.72421531039961451, 18.88325044838211042, -12.28175801635097741 ) ) ;
#2947 = ORIENTED_EDGE ( 'NONE', *, *, #5649, .F. ) ;
#2948 = ORIENTED_EDGE ( 'NONE', *, *, #367, .T. ) ;
#2949 = EDGE_LOOP ( 'NONE', ( #2070, #5611, #9117, #837 ) ) ;
#2950 = DIRECTION ( 'NONE',  ( 0.000000000000000000, -6.982962677686266711E-15, 1.000000000000000000 ) ) ;
#2951 = DIRECTION ( 'NONE',  ( -0.000000000000000000, -0.000000000000000000, 1.000000000000000000 ) ) ;
#2952 = DIRECTION ( 'NONE',  ( -1.000000000000000000, 0.000000000000000000, 0.000000000000000000 ) ) ;
#2953 =( REPRESENTATION_RELATIONSHIP ('NONE','NONE', #4268, #6310 ) REPRESENTATION_RELATIONSHIP_WITH_TRANSFORMATION ( #4132 )SHAPE_REPRESENTATION_RELATIONSHIP( ) );
#2954 = CARTESIAN_POINT ( 'NONE',  ( 22.50000000000000355, 2.755455298081545172E-15, 19.00000000000000000 ) ) ;
#2955 = CARTESIAN_POINT ( 'NONE',  ( 0.000000000000000000, 71.09999999999999432, 0.000000000000000000 ) ) ;
#2956 = CARTESIAN_POINT ( 'NONE',  ( 35.92084013153257871, -198.4573544831870038, -9.186626416932453409 ) ) ;
#2957 = CARTESIAN_POINT ( 'NONE',  ( 1.539749897050354256E-14, 43.99999999999985079, -113.9999999999997158 ) ) ;
#2958 = VERTEX_POINT ( 'NONE', #5014 ) ;
#2959 = PRODUCT_DEFINITION_SHAPE ( 'NONE', 'NONE',  #9836 ) ;
#2960 = CIRCLE ( 'NONE', #9808, 39.50000000000000000 ) ;
#2961 = AXIS2_PLACEMENT_3D ( 'NONE', #696, #2284, #3737 ) ;
#2962 = CARTESIAN_POINT ( 'NONE',  ( 22.34580446989312819, 30.02320378919164412, -30.73757103608874885 ) ) ;
#2963 = CARTESIAN_POINT ( 'NONE',  ( -28.61817604250837377, 6.755772121541173014, 25.00000000000000000 ) ) ;
#2964 = FACE_BOUND ( 'NONE', #7683, .T. ) ;
#2965 = AXIS2_PLACEMENT_3D ( 'NONE', #4530, #847, #6236 ) ;
#2966 = PLANE ( 'NONE',  #7723 ) ;
#2967 = ORIENTED_EDGE ( 'NONE', *, *, #978, .T. ) ;
#2968 = EDGE_CURVE ( 'NONE', #2032, #9817, #507, .T. ) ;
#2969 = ORIENTED_EDGE ( 'NONE', *, *, #2114, .F. ) ;
#2970 = CARTESIAN_POINT ( 'NONE',  ( -38.00000000000000000, 8.774964387392120813, 11.99999999999998934 ) ) ;
#2971 = EDGE_CURVE ( 'NONE', #2854, #7320, #9047, .T. ) ;
#2972 = AXIS2_PLACEMENT_3D ( 'NONE', #4262, #7562, #5303 ) ;
#2973 = ADVANCED_FACE ( 'NONE', ( #6099, #9050 ), #6146, .F. ) ;
#2974 = TOROIDAL_SURFACE ( 'NONE', #4901, 39.00000000000000000, 3.000000000000000000 ) ;
#2975 = CARTESIAN_POINT ( 'NONE',  ( 5.229452952683343980, 48.89660544323245972, 37.64567218285298367 ) ) ;
#2976 = CARTESIAN_POINT ( 'NONE',  ( 37.11354958857252484, 14.97467977947017204, 20.71189309187007055 ) ) ;
#2977 = AXIS2_PLACEMENT_3D ( 'NONE', #2957, #4457, #7508 ) ;
#2978 = CONTEXT_DEPENDENT_SHAPE_REPRESENTATION ( #5307, #6532 ) ;
#2979 = VERTEX_POINT ( 'NONE', #2219 ) ;
#2980 = DIRECTION ( 'NONE',  ( -1.000000000000000000, 0.000000000000000000, 0.000000000000000000 ) ) ;
#2981 = FACE_OUTER_BOUND ( 'NONE', #5359, .T. ) ;
#2982 = ORIENTED_EDGE ( 'NONE', *, *, #9074, .T. ) ;
#2983 = AXIS2_PLACEMENT_3D ( 'NONE', #8987, #4545, #6759 ) ;
#2984 = ORIENTED_EDGE ( 'NONE', *, *, #1462, .T. ) ;
#2985 = EDGE_CURVE ( 'NONE', #6034, #8177, #1461, .T. ) ;
#2986 = FACE_OUTER_BOUND ( 'NONE', #8932, .T. ) ;
#2987 = CARTESIAN_POINT ( 'NONE',  ( 1.539749897050354256E-14, 44.00000000000054001, -212.9999999999996874 ) ) ;
#2988 = AXIS2_PLACEMENT_3D ( 'NONE', #1526, #1684, #45 ) ;
#2989 = ORIENTED_EDGE ( 'NONE', *, *, #644, .T. ) ;
#2990 = EDGE_CURVE ( 'NONE', #7580, #6843, #9151, .T. ) ;
#2991 = CARTESIAN_POINT ( 'NONE',  ( -34.83320650664425244, 10.31019330857829530, -24.34966300051286581 ) ) ;
#2992 = FILL_AREA_STYLE_COLOUR ( '', #4909 ) ;
#2993 = AXIS2_PLACEMENT_3D ( 'NONE', #5504, #6045, #9096 ) ;
#2994 = FACE_BOUND ( 'NONE', #2439, .T. ) ;
#2995 = CARTESIAN_POINT ( 'NONE',  ( 1.106884595926295456E-14, -55.59999999999998010, -8.000000000000000000 ) ) ;
#2996 = CARTESIAN_POINT ( 'NONE',  ( 23.27861538330052227, -171.2000000000000171, -9.169995171090691954 ) ) ;
#2997 = DIRECTION ( 'NONE',  ( -0.000000000000000000, -0.000000000000000000, -1.000000000000000000 ) ) ;
#2998 = CIRCLE ( 'NONE', #8579, 4.999999999998790301 ) ;
#2999 = CARTESIAN_POINT ( 'NONE',  ( -38.24240955119586971, 16.21864416169036360, -18.55942640720025238 ) ) ;
#3000 = CARTESIAN_POINT ( 'NONE',  ( -64.56989347527211009, -47.23059238027862961, -99.00000000000036948 ) ) ;
#3001 = CIRCLE ( 'NONE', #8757, 22.50000000000000000 ) ;
#3002 = ORIENTED_EDGE ( 'NONE', *, *, #2990, .F. ) ;
#3003 = ORIENTED_EDGE ( 'NONE', *, *, #3224, .T. ) ;
#3004 = VECTOR ( 'NONE', #8795, 1000.000000000000000 ) ;
#3005 = EDGE_LOOP ( 'NONE', ( #3549, #3252 ) ) ;
#3006 = DIRECTION ( 'NONE',  ( -0.000000000000000000, -0.000000000000000000, -1.000000000000000000 ) ) ;
#3007 = DIRECTION ( 'NONE',  ( 0.000000000000000000, 0.000000000000000000, -1.000000000000000000 ) ) ;
#3008 = CARTESIAN_POINT ( 'NONE',  ( 0.000000000000000000, 9.705436746508331728E-13, -274.0000000000000000 ) ) ;
#3009 = CARTESIAN_POINT ( 'NONE',  ( 36.00000000000000000, -2.459167398028817402E-15, -9.198662110077989951 ) ) ;
#3010 = DIRECTION ( 'NONE',  ( -0.000000000000000000, 1.000000000000000000, 0.000000000000000000 ) ) ;
#3011 = CARTESIAN_POINT ( 'NONE',  ( -55.00000000000000000, 3.662440221805259667E-12, -456.0000000000000000 ) ) ;
#3012 = LINE ( 'NONE', #2466, #3162 ) ;
#3013 = DIRECTION ( 'NONE',  ( 1.000000000000000000, 0.000000000000000000, 0.000000000000000000 ) ) ;
#3014 = ORIENTED_EDGE ( 'NONE', *, *, #4807, .T. ) ;
#3015 = AXIS2_PLACEMENT_3D ( 'NONE', #1305, #3588, #7394 ) ;
#3016 = CARTESIAN_POINT ( 'NONE',  ( 15.41800087428547528, 43.40272179729652891, -34.73609714347740862 ) ) ;
#3017 = DIRECTION ( 'NONE',  ( 0.000000000000000000, 0.000000000000000000, -1.000000000000000000 ) ) ;
#3018 = FACE_OUTER_BOUND ( 'NONE', #5126, .T. ) ;
#3019 = CARTESIAN_POINT ( 'NONE',  ( 27.00000000000000000, 0.000000000000000000, 19.00000000000000000 ) ) ;
#3020 = ORIENTED_EDGE ( 'NONE', *, *, #8419, .F. ) ;
#3021 = ORIENTED_EDGE ( 'NONE', *, *, #925, .F. ) ;
#3022 = CARTESIAN_POINT ( 'NONE',  ( 0.000000000000000000, 39.00000000000107292, -288.9999999999997158 ) ) ;
#3023 = ORIENTED_EDGE ( 'NONE', *, *, #1950, .T. ) ;
#3024 = EDGE_CURVE ( 'NONE', #4190, #8639, #2313, .T. ) ;
#3025 = EDGE_CURVE ( 'NONE', #9183, #3481, #4474, .T. ) ;
#3026 = CARTESIAN_POINT ( 'NONE',  ( 11.40755706739036413, 46.44846455329126655, 36.26989445705573445 ) ) ;
#3027 = CARTESIAN_POINT ( 'NONE',  ( -36.00000000000000000, 1.360878165056200961, 11.95826074310138409 ) ) ;
#3028 = FACE_OUTER_BOUND ( 'NONE', #2949, .T. ) ;
#3029 = EDGE_CURVE ( 'NONE', #5439, #8383, #5824, .T. ) ;
#3030 = CONTEXT_DEPENDENT_SHAPE_REPRESENTATION ( #2761, #6793 ) ;
#3031 = ORIENTED_EDGE ( 'NONE', *, *, #3025, .T. ) ;
#3032 = CARTESIAN_POINT ( 'NONE',  ( 0.000000000000000000, 78.39999999999999147, -42.50000000000000711 ) ) ;
#3033 = ORIENTED_EDGE ( 'NONE', *, *, #6657, .F. ) ;
#3034 = CIRCLE ( 'NONE', #9251, 16.89999999999999858 ) ;
#3035 = ORIENTED_EDGE ( 'NONE', *, *, #830, .F. ) ;
#3036 = CIRCLE ( 'NONE', #7200, 4.999999999999997335 ) ;
#3037 = CARTESIAN_POINT ( 'NONE',  ( 4.776122516674678667E-15, 39.00000000000054001, -212.9999999999997158 ) ) ;
#3038 = CARTESIAN_POINT ( 'NONE',  ( 30.18959104965164997, 12.66260854441432038, 23.08027587451876883 ) ) ;
#3039 = VERTEX_POINT ( 'NONE', #3867 ) ;
#3040 = AXIS2_PLACEMENT_3D ( 'NONE', #8055, #3514, #6571 ) ;
#3041 = EDGE_CURVE ( 'NONE', #4054, #6678, #2087, .T. ) ;
#3042 = CARTESIAN_POINT ( 'NONE',  ( -28.76172182906354280, 8.624595239981919903, -24.83487261297701210 ) ) ;
#3043 = FACE_OUTER_BOUND ( 'NONE', #4939, .T. ) ;
#3044 = CARTESIAN_POINT ( 'NONE',  ( 34.51751045525493566, 54.22455240934231568, -288.9999999999996021 ) ) ;
#3045 = AXIS2_PLACEMENT_3D ( 'NONE', #2866, #6100, #5209 ) ;
#3046 = EDGE_CURVE ( 'NONE', #5399, #7053, #9101, .T. ) ;
#3047 = DIRECTION ( 'NONE',  ( 1.000000000000000000, 0.000000000000000000, 0.000000000000000000 ) ) ;
#3048 = DIRECTION ( 'NONE',  ( 0.2840153447039234225, 0.9588197348681927190, 6.695402423213631037E-15 ) ) ;
#3049 = CYLINDRICAL_SURFACE ( 'NONE', #9360, 36.00000000000000000 ) ;
#3050 = CARTESIAN_POINT ( 'NONE',  ( -20.88047799206163191, 18.61016618507225218, 31.74955555425174225 ) ) ;
#3051 = ORIENTED_EDGE ( 'NONE', *, *, #2806, .T. ) ;
#3052 = ADVANCED_FACE ( 'NONE', ( #7614 ), #4014, .F. ) ;
#3053 = ORIENTED_EDGE ( 'NONE', *, *, #1692, .T. ) ;
#3054 = AXIS2_PLACEMENT_3D ( 'NONE', #134, #8993, #2162 ) ;
#3055 = AXIS2_PLACEMENT_3D ( 'NONE', #7166, #1617, #6361 ) ;
#3056 = VERTEX_POINT ( 'NONE', #1576 ) ;
#3057 = LINE ( 'NONE', #2510, #8465 ) ;
#3058 = DIRECTION ( 'NONE',  ( 0.000000000000000000, -0.000000000000000000, -1.000000000000000000 ) ) ;
#3059 = CARTESIAN_POINT ( 'NONE',  ( 0.000000000000000000, 55.19999999999999574, -42.50000000000000711 ) ) ;
#3060 = DIRECTION ( 'NONE',  ( -0.000000000000000000, -0.000000000000000000, 1.000000000000000000 ) ) ;
#3061 = CIRCLE ( 'NONE', #8647, 2.999999999999999112 ) ;
#3062 = CARTESIAN_POINT ( 'NONE',  ( 1.539749897050354256E-14, 74.00000000000017053, -159.9999999999995168 ) ) ;
#3063 = FACE_OUTER_BOUND ( 'NONE', #4646, .T. ) ;
#3064 = ORIENTED_EDGE ( 'NONE', *, *, #3951, .T. ) ;
#3065 = DIRECTION ( 'NONE',  ( 0.000000000000000000, -6.982962677686266711E-15, 1.000000000000000000 ) ) ;
#3066 = FACE_OUTER_BOUND ( 'NONE', #5689, .T. ) ;
#3067 = DIRECTION ( 'NONE',  ( 1.000000000000000000, 0.000000000000000000, 0.000000000000000000 ) ) ;
#3068 = FACE_BOUND ( 'NONE', #4135, .T. ) ;
#3069 = ORIENTED_EDGE ( 'NONE', *, *, #8154, .T. ) ;
#3070 = ORIENTED_EDGE ( 'NONE', *, *, #9405, .F. ) ;
#3071 = VECTOR ( 'NONE', #4842, 1000.000000000000000 ) ;
#3072 = CARTESIAN_POINT ( 'NONE',  ( 8.426293783401057169, 47.86585655779064297, 37.05563071509168083 ) ) ;
#3073 = CARTESIAN_POINT ( 'NONE',  ( -38.75000000000000000, -2.647129237368599264E-15, 8.968695557326034518 ) ) ;
#3074 = CYLINDRICAL_SURFACE ( 'NONE', #3152, 42.50000000000001421 ) ;
#3075 = ORIENTED_EDGE ( 'NONE', *, *, #3096, .T. ) ;
#3076 = VERTEX_POINT ( 'NONE', #7715 ) ;
#3077 = VERTEX_POINT ( 'NONE', #3915 ) ;
#3078 = AXIS2_PLACEMENT_3D ( 'NONE', #8713, #245, #9509 ) ;
#3079 = CARTESIAN_POINT ( 'NONE',  ( -16.89999999999999858, 27.00000000000000355, 38.99538434225261341 ) ) ;
#3080 = EDGE_CURVE ( 'NONE', #3223, #7594, #815, .T. ) ;
#3081 = DIRECTION ( 'NONE',  ( -0.000000000000000000, 1.000000000000000000, -0.000000000000000000 ) ) ;
#3082 = ORIENTED_EDGE ( 'NONE', *, *, #2191, .F. ) ;
#3083 = EDGE_CURVE ( 'NONE', #9306, #9156, #2420, .T. ) ;
#3084 = AXIS2_PLACEMENT_3D ( 'NONE', #8905, #8162, #3821 ) ;
#3085 = CARTESIAN_POINT ( 'NONE',  ( -46.49956922558553885, 13.77379991454247055, -212.9999999999998863 ) ) ;
#3086 = FACE_OUTER_BOUND ( 'NONE', #4746, .T. ) ;
#3087 = DIRECTION ( 'NONE',  ( 0.000000000000000000, 0.000000000000000000, 1.000000000000000000 ) ) ;
#3088 = FACE_BOUND ( 'NONE', #8678, .T. ) ;
#3089 = AXIS2_PLACEMENT_3D ( 'NONE', #9269, #1693, #8470 ) ;
#3090 = FACE_BOUND ( 'NONE', #7389, .T. ) ;
#3091 = DIRECTION ( 'NONE',  ( -0.000000000000000000, 0.000000000000000000, 1.000000000000000000 ) ) ;
#3092 = VECTOR ( 'NONE', #8176, 1000.000000000000000 ) ;
#3093 = ORIENTED_EDGE ( 'NONE', *, *, #3108, .T. ) ;
#3094 = EDGE_LOOP ( 'NONE', ( #1482, #6736 ) ) ;
#3095 = EDGE_CURVE ( 'NONE', #8333, #5883, #7843, .T. ) ;
#3096 = EDGE_CURVE ( 'NONE', #8632, #7270, #987, .T. ) ;
#3097 = ADVANCED_FACE ( 'NONE', ( #1364 ), #7456, .T. ) ;
#3098 = VERTEX_POINT ( 'NONE', #2902 ) ;
#3099 = CARTESIAN_POINT ( 'NONE',  ( 1.539749897050354256E-14, 44.00000000000063949, -227.9999999999996874 ) ) ;
#3100 = DIRECTION ( 'NONE',  ( 0.000000000000000000, 1.000000000000000000, 0.000000000000000000 ) ) ;
#3101 = DIRECTION ( 'NONE',  ( 0.000000000000000000, 1.000000000000000000, 0.000000000000000000 ) ) ;
#3102 = LINE ( 'NONE', #8244, #1952 ) ;
#3103 = CARTESIAN_POINT ( 'NONE',  ( -24.50244656709702440, -171.1999999999999886, -9.000000000000000000 ) ) ;
#3104 = CARTESIAN_POINT ( 'NONE',  ( 9.000000000000010658, -55.59999999999997300, -9.000000000000000000 ) ) ;
#3105 = CARTESIAN_POINT ( 'NONE',  ( 38.43829896936481560, 5.866068028336083984, 8.990188665593608519 ) ) ;
#3106 = EDGE_LOOP ( 'NONE', ( #8721, #9424, #8644, #8539 ) ) ;
#3107 = AXIS2_PLACEMENT_3D ( 'NONE', #353, #4980, #3434 ) ;
#3108 = EDGE_CURVE ( 'NONE', #9763, #9223, #2254, .T. ) ;
#3109 = EDGE_CURVE ( 'NONE', #5548, #4137, #5886, .T. ) ;
#3110 = CARTESIAN_POINT ( 'NONE',  ( 5.935036504423907289, 48.71617666475778918, -37.54076589544202847 ) ) ;
#3111 = DIRECTION ( 'NONE',  ( -0.000000000000000000, 0.000000000000000000, 1.000000000000000000 ) ) ;
#3112 = DIRECTION ( 'NONE',  ( 0.000000000000000000, 1.000000000000000000, 0.000000000000000000 ) ) ;
#3113 = CARTESIAN_POINT ( 'NONE',  ( -46.49956922558553885, 13.77379991454247055, -212.9999999999998863 ) ) ;
#3114 = DIRECTION ( 'NONE',  ( -0.000000000000000000, -1.396592535537253342E-14, 1.000000000000000000 ) ) ;
#3115 = VERTEX_POINT ( 'NONE', #7650 ) ;
#3116 = ORIENTED_EDGE ( 'NONE', *, *, #7685, .T. ) ;
#3117 = ORIENTED_EDGE ( 'NONE', *, *, #9285, .T. ) ;
#3118 = CIRCLE ( 'NONE', #5820, 36.00000000000000000 ) ;
#3119 = CARTESIAN_POINT ( 'NONE',  ( 21.27062162306075876, 34.37323583772593594, 31.49018998018378213 ) ) ;
#3120 = FACE_OUTER_BOUND ( 'NONE', #2207, .T. ) ;
#3121 = DIRECTION ( 'NONE',  ( -0.000000000000000000, 1.000000000000000000, 0.000000000000000000 ) ) ;
#3122 = ITEM_DEFINED_TRANSFORMATION ( 'NONE', 'NONE', #9529,  #2024 ) ;
#3123 = DIRECTION ( 'NONE',  ( -0.000000000000000000, -1.396592535537253342E-14, 1.000000000000000000 ) ) ;
#3124 = ORIENTED_EDGE ( 'NONE', *, *, #4330, .T. ) ;
#3125 = VERTEX_POINT ( 'NONE', #8936 ) ;
#3126 = PRODUCT ( '2. Piston ring', '2. Piston ring', '', ( #5416 ) ) ;
#3127 = ORIENTED_EDGE ( 'NONE', *, *, #8098, .F. ) ;
#3128 = DIRECTION ( 'NONE',  ( -0.000000000000000000, -6.982962677686266711E-15, 1.000000000000000000 ) ) ;
#3129 = VECTOR ( 'NONE', #8533, 1000.000000000000114 ) ;
#3130 = CARTESIAN_POINT ( 'NONE',  ( -37.30725236326926364, 20.11748602344568582, -7.237039828861663082 ) ) ;
#3131 = ORIENTED_EDGE ( 'NONE', *, *, #5247, .F. ) ;
#3132 = TOROIDAL_SURFACE ( 'NONE', #4104, 39.00000000000000000, 3.000000000000000000 ) ;
#3133 = LINE ( 'NONE', #3085, #560 ) ;
#3134 = DIRECTION ( 'NONE',  ( 0.000000000000000000, 0.000000000000000000, 1.000000000000000000 ) ) ;
#3135 = CARTESIAN_POINT ( 'NONE',  ( 34.51751045525493566, 54.22455240934141329, -159.9999999999996305 ) ) ;
#3136 = VECTOR ( 'NONE', #7384, 1000.000000000000000 ) ;
#3137 = AXIS2_PLACEMENT_3D ( 'NONE', #1737, #7819, #9309 ) ;
#3138 = ORIENTED_EDGE ( 'NONE', *, *, #6029, .T. ) ;
#3139 = DIRECTION ( 'NONE',  ( 0.2840153447039234225, -0.9588197348681927190, -1.339080484642726207E-14 ) ) ;
#3140 = DIRECTION ( 'NONE',  ( -0.2840153447039231449, 0.9588197348681929411, 6.695402423213631826E-15 ) ) ;
#3141 = CARTESIAN_POINT ( 'NONE',  ( -6.999999999999983125, -145.5999999999999659, 5.999999999999999112 ) ) ;
#3142 = ORIENTED_EDGE ( 'NONE', *, *, #8770, .F. ) ;
#3143 = VECTOR ( 'NONE', #9233, 1000.000000000000000 ) ;
#3144 = ORIENTED_EDGE ( 'NONE', *, *, #8955, .F. ) ;
#3145 =( REPRESENTATION_RELATIONSHIP ('NONE','NONE', #4268, #3255 ) REPRESENTATION_RELATIONSHIP_WITH_TRANSFORMATION ( #5469 )SHAPE_REPRESENTATION_RELATIONSHIP( ) );
#3146 = CARTESIAN_POINT ( 'NONE',  ( 35.07692307692307310, 8.099967126823498731, 12.00000000000000888 ) ) ;
#3147 = STYLED_ITEM ( 'NONE', ( #4034 ), #2756 ) ;
#3148 = VERTEX_POINT ( 'NONE', #663 ) ;
#3149 = CIRCLE ( 'NONE', #8734, 36.00000000000000000 ) ;
#3150 = CARTESIAN_POINT ( 'NONE',  ( 3.023454826331367862, 4.653851154961099468, -37.90833102813436284 ) ) ;
#3151 = CARTESIAN_POINT ( 'NONE',  ( 27.00000000000001421, -44.00000000000000000, -43.00000000000000000 ) ) ;
#3152 = AXIS2_PLACEMENT_3D ( 'NONE', #4569, #8363, #7730 ) ;
#3153 = DIRECTION ( 'NONE',  ( -0.000000000000000000, -0.000000000000000000, -1.000000000000000000 ) ) ;
#3154 = CARTESIAN_POINT ( 'NONE',  ( 35.61183127810471660, 5.447521708498272552, -9.128065913150670951 ) ) ;
#3155 = ADVANCED_FACE ( 'NONE', ( #8336 ), #9037, .F. ) ;
#3156 = FACE_BOUND ( 'NONE', #3094, .T. ) ;
#3157 = EDGE_CURVE ( 'NONE', #1582, #503, #1296, .T. ) ;
#3158 = EDGE_CURVE ( 'NONE', #7633, #3887, #2208, .T. ) ;
#3159 = CARTESIAN_POINT ( 'NONE',  ( -15.16455321022819547, 19.45749188328861479, -39.70515991175795989 ) ) ;
#3160 = DIRECTION ( 'NONE',  ( 0.000000000000000000, 1.000000000000000000, 7.709882115452475800E-15 ) ) ;
#3161 = CARTESIAN_POINT ( 'NONE',  ( 0.000000000000000000, 0.000000000000000000, -19.00000000000000000 ) ) ;
#3162 = VECTOR ( 'NONE', #3912, 1000.000000000000114 ) ;
#3163 = ORIENTED_EDGE ( 'NONE', *, *, #3829, .F. ) ;
#3164 =( REPRESENTATION_RELATIONSHIP ('NONE','NONE', #4268, #8339 ) REPRESENTATION_RELATIONSHIP_WITH_TRANSFORMATION ( #3381 )SHAPE_REPRESENTATION_RELATIONSHIP( ) );
#3165 = CARTESIAN_POINT ( 'NONE',  ( 22.50000000000000355, 27.00000000000000000, -30.62270399556512501 ) ) ;
#3166 = FACE_OUTER_BOUND ( 'NONE', #3571, .T. ) ;
#3167 = EDGE_CURVE ( 'NONE', #333, #515, #7993, .T. ) ;
#3168 = DIRECTION ( 'NONE',  ( -0.000000000000000000, 0.000000000000000000, 1.000000000000000000 ) ) ;
#3169 = DIRECTION ( 'NONE',  ( 0.000000000000000000, 1.000000000000000000, 1.387778780781445676E-14 ) ) ;
#3170 = LINE ( 'NONE', #6208, #1505 ) ;
#3171 = VERTEX_POINT ( 'NONE', #8384 ) ;
#3172 = CARTESIAN_POINT ( 'NONE',  ( -39.00000000000000000, 4.776122516674677878E-15, 17.99999999999999645 ) ) ;
#3173 = VERTEX_POINT ( 'NONE', #6753 ) ;
#3174 = EDGE_CURVE ( 'NONE', #8409, #697, #9052, .T. ) ;
#3175 = CIRCLE ( 'NONE', #8753, 1.000000000000000000 ) ;
#3176 = EDGE_LOOP ( 'NONE', ( #5463, #2775, #5076, #195 ) ) ;
#3177 = CARTESIAN_POINT ( 'NONE',  ( 38.00000000000000000, 0.000000000000000000, -4.499999999999990230 ) ) ;
#3178 = CARTESIAN_POINT ( 'NONE',  ( 21.60119720648512498, 33.30688250913634363, 31.26349519089974294 ) ) ;
#3179 = CARTESIAN_POINT ( 'NONE',  ( -11.16996497912475128, 14.30567982898475243, 41.00823450614741716 ) ) ;
#3180 = SHAPE_REPRESENTATION_RELATIONSHIP ( 'NONE' , 'NONE' ,  #1375, #497 ) ;
#3181 = CARTESIAN_POINT ( 'NONE',  ( -5.479096524528093148, 42.99692680400326594, -42.14877055644220860 ) ) ;
#3182 = ORIENTED_EDGE ( 'NONE', *, *, #3969, .F. ) ;
#3183 = VERTEX_POINT ( 'NONE', #6860 ) ;
#3184 = ORIENTED_EDGE ( 'NONE', *, *, #5401, .T. ) ;
#3185 = CARTESIAN_POINT ( 'NONE',  ( 0.000000000000000000, 0.000000000000000000, 19.00000000000000000 ) ) ;
#3186 = CARTESIAN_POINT ( 'NONE',  ( -33.96389090903630859, 16.96188326802875324, 17.12776539809532750 ) ) ;
#3187 = ORIENTED_EDGE ( 'NONE', *, *, #657, .T. ) ;
#3188 = SHAPE_REPRESENTATION ( '1. Piston', ( #2024 ), #5063 ) ;
#3189 = CARTESIAN_POINT ( 'NONE',  ( -31.42808655499917947, 14.50640951630060549, -21.37304537930137727 ) ) ;
#3190 = LINE ( 'NONE', #446, #6057 ) ;
#3191 = DIRECTION ( 'NONE',  ( 1.000000000000000000, 0.000000000000000000, 0.000000000000000000 ) ) ;
#3192 = ORIENTED_EDGE ( 'NONE', *, *, #9511, .F. ) ;
#3193 = CARTESIAN_POINT ( 'NONE',  ( -36.00000000000000000, 5.489916797889013940E-13, -213.0000000000000284 ) ) ;
#3194 = CIRCLE ( 'NONE', #7349, 3.000000000000003109 ) ;
#3195 = FACE_BOUND ( 'NONE', #6302, .T. ) ;
#3196 = CARTESIAN_POINT ( 'NONE',  ( -12.01451070170956292, 7.962257511786527076, 36.05638642681545036 ) ) ;
#3197 = VERTEX_POINT ( 'NONE', #7500 ) ;
#3198 = ORIENTED_EDGE ( 'NONE', *, *, #8047, .F. ) ;
#3199 = VERTEX_POINT ( 'NONE', #8241 ) ;
#3200 =( NAMED_UNIT ( * ) PLANE_ANGLE_UNIT ( ) SI_UNIT ( $, .RADIAN. ) );
#3201 = DIRECTION ( 'NONE',  ( -1.000000000000000000, 0.000000000000000000, 0.000000000000000000 ) ) ;
#3202 = ORIENTED_EDGE ( 'NONE', *, *, #4439, .F. ) ;
#3203 = AXIS2_PLACEMENT_3D ( 'NONE', #3939, #106, #9284 ) ;
#3204 = AXIS2_PLACEMENT_3D ( 'NONE', #8159, #6424, #8109 ) ;
#3205 = CARTESIAN_POINT ( 'NONE',  ( 38.89087296526011528, -38.89087296525645598, -456.0000000000005684 ) ) ;
#3206 = DIRECTION ( 'NONE',  ( -0.000000000000000000, -0.000000000000000000, 1.000000000000000000 ) ) ;
#3207 = PLANE ( 'NONE',  #8708 ) ;
#3208 = CARTESIAN_POINT ( 'NONE',  ( -26.99999999999998579, 44.00000000000063949, -227.9999999999997158 ) ) ;
#3209 = DIRECTION ( 'NONE',  ( 0.000000000000000000, -6.982962677686266711E-15, 1.000000000000000000 ) ) ;
#3210 = CIRCLE ( 'NONE', #5752, 36.00000000000000000 ) ;
#3211 = CARTESIAN_POINT ( 'NONE',  ( 0.000000000000000000, 1.096237002849186125E-12, -292.0000000000000000 ) ) ;
#3212 = FACE_BOUND ( 'NONE', #8512, .T. ) ;
#3213 = EDGE_LOOP ( 'NONE', ( #3003, #1507, #6280 ) ) ;
#3214 = AXIS2_PLACEMENT_3D ( 'NONE', #3459, #8840, #4212 ) ;
#3215 = EDGE_CURVE ( 'NONE', #335, #4832, #9786, .T. ) ;
#3216 = EDGE_CURVE ( 'NONE', #3396, #1049, #1940, .T. ) ;
#3217 = DIRECTION ( 'NONE',  ( -0.000000000000000000, -0.000000000000000000, 1.000000000000000000 ) ) ;
#3218 = AXIS2_PLACEMENT_3D ( 'NONE', #4925, #294, #3331 ) ;
#3219 = LINE ( 'NONE', #873, #6815 ) ;
#3220 = CARTESIAN_POINT ( 'NONE',  ( 34.51751045525493566, 54.22455240934177567, -212.9999999999996021 ) ) ;
#3221 = PLANE ( 'NONE',  #279 ) ;
#3222 = CARTESIAN_POINT ( 'NONE',  ( 37.30725236326926364, 20.11748602344568582, 7.237039828861663082 ) ) ;
#3223 = VERTEX_POINT ( 'NONE', #5250 ) ;
#3224 = EDGE_CURVE ( 'NONE', #3327, #3874, #1465, .T. ) ;
#3225 = ORIENTED_EDGE ( 'NONE', *, *, #5659, .T. ) ;
#3226 = EDGE_CURVE ( 'NONE', #805, #1716, #9742, .T. ) ;
#3227 = CARTESIAN_POINT ( 'NONE',  ( 34.51751045525493566, -54.22455240934123566, 15.00000000000000000 ) ) ;
#3228 = DIRECTION ( 'NONE',  ( 1.000000000000000000, 0.000000000000000000, 0.000000000000000000 ) ) ;
#3229 = CARTESIAN_POINT ( 'NONE',  ( -2.240345239909769415, 10.23972402832365169, 42.44460171192246634 ) ) ;
#3230 = EDGE_CURVE ( 'NONE', #6986, #1117, #3843, .T. ) ;
#3231 = CONTEXT_DEPENDENT_SHAPE_REPRESENTATION ( #2953, #1360 ) ;
#3232 = CARTESIAN_POINT ( 'NONE',  ( -13.40723354105211129, 37.30317654879220157, -40.33149200996309958 ) ) ;
#3233 = ORIENTED_EDGE ( 'NONE', *, *, #4314, .F. ) ;
#3234 = ADVANCED_BREP_SHAPE_REPRESENTATION ( '', ( #3359, #2024 ), #1083 ) ;
#3235 = ORIENTED_EDGE ( 'NONE', *, *, #7487, .F. ) ;
#3236 = VERTEX_POINT ( 'NONE', #4539 ) ;
#3237 = DIRECTION ( 'NONE',  ( 0.000000000000000000, 1.000000000000000000, 0.000000000000000000 ) ) ;
#3238 = B_SPLINE_CURVE_WITH_KNOTS ( 'NONE', 3,
 ( #6289, #159, #3189, #2287, #4734, #1497, #6849, #4528, #747, #3794, #14, #3892, #3042, #6076, #6941, #1548 ),
 .UNSPECIFIED., .F., .F.,
 ( 4, 2, 2, 2, 2, 2, 2, 4 ),
 ( 3.878959614448864246E-18, 0.002786729081989911330, 0.004180093622984866995, 0.005573458163979823528, 0.006966822704974779193, 0.008360187245969735725, 0.009753551786964692258, 0.01114691632795965053 ),
 .UNSPECIFIED. ) ;
#3239 = EDGE_LOOP ( 'NONE', ( #6813, #8249, #2597, #6826, #2834, #6056 ) ) ;
#3240 = ADVANCED_FACE ( 'NONE', ( #1562 ), #2882, .F. ) ;
#3241 = CIRCLE ( 'NONE', #4203, 5.000000000002360778 ) ;
#3242 = LINE ( 'NONE', #6120, #6125 ) ;
#3243 = DIRECTION ( 'NONE',  ( 0.000000000000000000, 0.000000000000000000, -1.000000000000000000 ) ) ;
#3244 = EDGE_CURVE ( 'NONE', #6739, #584, #3057, .T. ) ;
#3245 = DIRECTION ( 'NONE',  ( 0.000000000000000000, 0.000000000000000000, 1.000000000000000000 ) ) ;
#3246 = CARTESIAN_POINT ( 'NONE',  ( -5.098373166582049508E-12, -43.99999999999590017, 319.0000000000003979 ) ) ;
#3247 = ORIENTED_EDGE ( 'NONE', *, *, #7071, .F. ) ;
#3248 = PRESENTATION_STYLE_ASSIGNMENT (( #6389 ) ) ;
#3249 = FACE_BOUND ( 'NONE', #1939, .T. ) ;
#3250 = CIRCLE ( 'NONE', #6601, 3.000000000000002665 ) ;
#3251 = CARTESIAN_POINT ( 'NONE',  ( -38.89087296526011528, 43.89087296526181348, -455.9999999999994316 ) ) ;
#3252 = ORIENTED_EDGE ( 'NONE', *, *, #5879, .T. ) ;
#3253 = ORIENTED_EDGE ( 'NONE', *, *, #6202, .F. ) ;
#3254 = ORIENTED_EDGE ( 'NONE', *, *, #2013, .T. ) ;
#3255 = SHAPE_REPRESENTATION ( '4. Connecting Rod', ( #2024 ), #4263 ) ;
#3256 = CYLINDRICAL_SURFACE ( 'NONE', #2058, 80.00000000000000000 ) ;
#3257 = ORIENTED_EDGE ( 'NONE', *, *, #4860, .T. ) ;
#3258 = CARTESIAN_POINT ( 'NONE',  ( 21.01480479510468768, 18.95233756691805738, -31.66072012244251610 ) ) ;
#3259 = CARTESIAN_POINT ( 'NONE',  ( 4.776122516674677878E-15, -38.99999999999972289, -175.0000000000002842 ) ) ;
#3260 = DIRECTION ( 'NONE',  ( 0.000000000000000000, 0.000000000000000000, -1.000000000000000000 ) ) ;
#3261 = DIRECTION ( 'NONE',  ( -1.000000000000000000, -0.000000000000000000, 0.000000000000000000 ) ) ;
#3262 = CARTESIAN_POINT ( 'NONE',  ( -24.91987158875422637, -171.1999999999999886, 8.999999999999996447 ) ) ;
#3263 = AXIS2_PLACEMENT_3D ( 'NONE', #1044, #8017, #2636 ) ;
#3264 = CARTESIAN_POINT ( 'NONE',  ( 39.00000000000000000, 0.000000000000000000, 17.99999999999999645 ) ) ;
#3265 = DIRECTION ( 'NONE',  ( 0.000000000000000000, -1.000000000000000000, -1.387778780781445676E-14 ) ) ;
#3266 = EDGE_LOOP ( 'NONE', ( #1118, #6935, #1808, #5123 ) ) ;
#3267 = CARTESIAN_POINT ( 'NONE',  ( -18.49218940641787512, 60.00000000000000000, -9.000000000000010658 ) ) ;
#3268 = FACE_OUTER_BOUND ( 'NONE', #1941, .T. ) ;
#3269 = CARTESIAN_POINT ( 'NONE',  ( -14.07924940759890831, 44.55433411580966663, -35.29680691129672709 ) ) ;
#3270 = DIRECTION ( 'NONE',  ( 0.9588197348681928300, -0.2840153447039234780, -1.983268551957697417E-15 ) ) ;
#3271 = CARTESIAN_POINT ( 'NONE',  ( 1.907143936794560016E-14, 74.00000000000066791, -230.9999999999994600 ) ) ;
#3272 = ORIENTED_EDGE ( 'NONE', *, *, #9441, .T. ) ;
#3273 =( REPRESENTATION_RELATIONSHIP ('NONE','NONE', #4268, #8339 ) REPRESENTATION_RELATIONSHIP_WITH_TRANSFORMATION ( #5229 )SHAPE_REPRESENTATION_RELATIONSHIP( ) );
#3274 = ORIENTED_EDGE ( 'NONE', *, *, #8228, .T. ) ;
#3275 = DIRECTION ( 'NONE',  ( -1.541976423090495633E-16, -1.000000000000000000, -0.000000000000000000 ) ) ;
#3276 = DIRECTION ( 'NONE',  ( 1.000000000000000000, 0.000000000000000000, -0.000000000000000000 ) ) ;
#3277 = CYLINDRICAL_SURFACE ( 'NONE', #5758, 38.00000000000000711 ) ;
#3278 = CONTEXT_DEPENDENT_SHAPE_REPRESENTATION ( #6261, #9083 ) ;
#3279 = EDGE_CURVE ( 'NONE', #287, #4695, #3683, .T. ) ;
#3280 = CARTESIAN_POINT ( 'NONE',  ( -33.07375552197759561, -30.51436867563306521, 9.000000000000000000 ) ) ;
#3281 = EDGE_CURVE ( 'NONE', #7053, #2543, #6303, .T. ) ;
#3282 = CYLINDRICAL_SURFACE ( 'NONE', #4847, 1.000000000000000888 ) ;
#3283 = VERTEX_POINT ( 'NONE', #7753 ) ;
#3284 = EDGE_CURVE ( 'NONE', #7479, #5439, #3293, .T. ) ;
#3285 = ORIENTED_EDGE ( 'NONE', *, *, #5892, .T. ) ;
#3286 = ORIENTED_EDGE ( 'NONE', *, *, #582, .F. ) ;
#3287 = CARTESIAN_POINT ( 'NONE',  ( 1.657975655542604885E-14, -145.5999999999999943, 4.999999999999999112 ) ) ;
#3288 = ORIENTED_EDGE ( 'NONE', *, *, #7450, .T. ) ;
#3289 = AXIS2_PLACEMENT_3D ( 'NONE', #2514, #7012, #3908 ) ;
#3290 = DIRECTION ( 'NONE',  ( 8.881784197001251337E-16, 1.000000000000000000, 1.439177994884462065E-14 ) ) ;
#3291 = DIRECTION ( 'NONE',  ( 0.000000000000000000, 1.396592535537253342E-14, -1.000000000000000000 ) ) ;
#3292 = CARTESIAN_POINT ( 'NONE',  ( 191.5194180755570699, 15.41602615938556653, 20.00000000000000355 ) ) ;
#3293 = B_SPLINE_CURVE_WITH_KNOTS ( 'NONE', 3,
 ( #7903, #9297, #3150, #6358, #962, #9401, #2409, #119, #224, #175, #9346, #5603, #6955, #912, #8600, #3957, #7109, #8545, #1773, #8648, #3258, #6190, #9184, #2351, #8496, #5391, #1668, #6251, #7706, #3307, #4802, #1614 ),
 .UNSPECIFIED., .F., .F.,
 ( 4, 2, 2, 2, 2, 2, 2, 2, 2, 2, 2, 2, 2, 2, 2, 4 ),
 ( 0.1081032058398249118, 0.1125987737586384568, 0.1148465577180452363, 0.1170943416774520018, 0.1193421256368587813, 0.1215899095962655607, 0.1260854775150790918, 0.1283332614744858713, 0.1305810454338926507, 0.1350766133527061819, 0.1362005053324095716, 0.1373243973121129613, 0.1395721812715197130, 0.1418199652309264924, 0.1429438572106298821, 0.1440677491903332719 ),
 .UNSPECIFIED. ) ;
#3294 = ORIENTED_EDGE ( 'NONE', *, *, #5622, .T. ) ;
#3295 = DIRECTION ( 'NONE',  ( -0.000000000000000000, -1.396592535537253342E-14, 1.000000000000000000 ) ) ;
#3296 = ADVANCED_FACE ( 'NONE', ( #2460 ), #4696, .F. ) ;
#3297 = CARTESIAN_POINT ( 'NONE',  ( 0.000000000000000000, 0.000000000000000000, 0.000000000000000000 ) ) ;
#3298 = ORIENTED_EDGE ( 'NONE', *, *, #6531, .T. ) ;
#3299 = CIRCLE ( 'NONE', #2503, 8.000000000000000000 ) ;
#3300 = ORIENTED_EDGE ( 'NONE', *, *, #4140, .T. ) ;
#3301 = CARTESIAN_POINT ( 'NONE',  ( 21.71510097346743962, 32.93838333495176585, -31.18535540669590134 ) ) ;
#3302 = VERTEX_POINT ( 'NONE', #270 ) ;
#3303 = DIRECTION ( 'NONE',  ( -0.9588197348681928300, -0.2840153447039234780, 0.000000000000000000 ) ) ;
#3304 = CARTESIAN_POINT ( 'NONE',  ( 38.43811293440705867, 5.867700902121765871, 8.990198382905893126 ) ) ;
#3305 = EDGE_CURVE ( 'NONE', #805, #3076, #859, .T. ) ;
#3306 = AXIS2_PLACEMENT_3D ( 'NONE', #9459, #5797, #7319 ) ;
#3307 = CARTESIAN_POINT ( 'NONE',  ( 22.49025827457139570, 26.23754172848021327, -30.62986855466698799 ) ) ;
#3308 = AXIS2_PLACEMENT_3D ( 'NONE', #8584, #6437, #4982 ) ;
#3309 = SURFACE_SIDE_STYLE ('',( #6956 ) ) ;
#3310 = CARTESIAN_POINT ( 'NONE',  ( -14.88612366844755996, 43.88722609478416103, 34.96808867697563272 ) ) ;
#3311 = CARTESIAN_POINT ( 'NONE',  ( -38.00000000000000000, 47.19999999999999574, -4.500000000000012434 ) ) ;
#3312 = DIRECTION ( 'NONE',  ( 0.000000000000000000, 6.982962677686266711E-15, -1.000000000000000000 ) ) ;
#3313 = CIRCLE ( 'NONE', #6817, 3.000000000000002665 ) ;
#3314 = CARTESIAN_POINT ( 'NONE',  ( 34.36931771216880804, 0.000000000000000000, 25.00000000000000711 ) ) ;
#3315 = ORIENTED_EDGE ( 'NONE', *, *, #4629, .F. ) ;
#3316 = COLOUR_RGB ( '',0.7921568627450980005, 0.8196078431372548767, 0.9333333333333333481 ) ;
#3317 = CIRCLE ( 'NONE', #3786, 39.50000000000000000 ) ;
#3318 = CIRCLE ( 'NONE', #5547, 22.50000000000000355 ) ;
#3319 = CARTESIAN_POINT ( 'NONE',  ( -38.89087296526011528, 33.89087296526574278, -455.9999999999995453 ) ) ;
#3320 = AXIS2_PLACEMENT_3D ( 'NONE', #4888, #7052, #4791 ) ;
#3321 = AXIS2_PLACEMENT_3D ( 'NONE', #3360, #4906, #7955 ) ;
#3322 = DIRECTION ( 'NONE',  ( -0.000000000000000000, -1.396592535537253342E-14, 1.000000000000000000 ) ) ;
#3323 = CARTESIAN_POINT ( 'NONE',  ( -22.50000000000000711, 28.52715722998283709, -30.62270399556518896 ) ) ;
#3324 = LINE ( 'NONE', #3418, #1718 ) ;
#3325 = CARTESIAN_POINT ( 'NONE',  ( 37.46939866218120585, 20.27127788529100627, 6.344287846222203875 ) ) ;
#3326 = ORIENTED_EDGE ( 'NONE', *, *, #6288, .T. ) ;
#3327 = VERTEX_POINT ( 'NONE', #4010 ) ;
#3328 = LINE ( 'NONE', #2478, #527 ) ;
#3329 = PRESENTATION_STYLE_ASSIGNMENT (( #7126 ) ) ;
#3330 = CARTESIAN_POINT ( 'NONE',  ( 0.000000000000000000, 1.340640696568205384E-12, -326.9999999999999432 ) ) ;
#3331 = DIRECTION ( 'NONE',  ( 0.000000000000000000, 1.000000000000000000, 6.982962677686265922E-15 ) ) ;
#3332 = ITEM_DEFINED_TRANSFORMATION ( 'NONE', 'NONE', #6830,  #2024 ) ;
#3333 = ORIENTED_EDGE ( 'NONE', *, *, #6950, .F. ) ;
#3334 = ORIENTED_EDGE ( 'NONE', *, *, #775, .T. ) ;
#3335 = CONICAL_SURFACE ( 'NONE', #6025, 14.89999999999999680, 0.7853981633974466137 ) ;
#3336 = ORIENTED_EDGE ( 'NONE', *, *, #3421, .F. ) ;
#3337 = ORIENTED_EDGE ( 'NONE', *, *, #8463, .T. ) ;
#3338 = EDGE_CURVE ( 'NONE', #829, #3115, #4962, .T. ) ;
#3339 = EDGE_CURVE ( 'NONE', #8064, #264, #7359, .T. ) ;
#3340 = DIRECTION ( 'NONE',  ( 0.000000000000000000, 1.000000000000000000, 6.982962677686265922E-15 ) ) ;
#3341 = CARTESIAN_POINT ( 'NONE',  ( 10.10997062533397717, 6.845081678324143937, 36.65712022074829690 ) ) ;
#3342 = DIRECTION ( 'NONE',  ( -0.000000000000000000, 0.000000000000000000, 1.000000000000000000 ) ) ;
#3343 = DIRECTION ( 'NONE',  ( -6.657022640878926797E-17, 7.167079379908848513E-15, 1.000000000000000000 ) ) ;
#3344 = ORIENTED_EDGE ( 'NONE', *, *, #4919, .F. ) ;
#3345 = CARTESIAN_POINT ( 'NONE',  ( -22.49025827457139570, 26.23754172848021327, 30.62986855466698799 ) ) ;
#3346 = ORIENTED_EDGE ( 'NONE', *, *, #7670, .T. ) ;
#3347 = ORIENTED_EDGE ( 'NONE', *, *, #6223, .F. ) ;
#3348 = AXIS2_PLACEMENT_3D ( 'NONE', #8196, #711, #7600 ) ;
#3349 = ORIENTED_EDGE ( 'NONE', *, *, #8461, .T. ) ;
#3350 = CARTESIAN_POINT ( 'NONE',  ( 0.000000000000000000, 0.000000000000000000, 41.00000000000000000 ) ) ;
#3351 = CARTESIAN_POINT ( 'NONE',  ( -29.99999999999998579, -43.99999999999999289, -1.301042606982605321E-15 ) ) ;
#3352 = EDGE_CURVE ( 'NONE', #2746, #3634, #3210, .T. ) ;
#3353 = EDGE_CURVE ( 'NONE', #8459, #9250, #2730, .T. ) ;
#3354 = CARTESIAN_POINT ( 'NONE',  ( 16.89999999999999858, 27.00000000000000000, -42.50000000000000711 ) ) ;
#3355 = FACE_OUTER_BOUND ( 'NONE', #9430, .T. ) ;
#3356 = COLOUR_RGB ( '',0.7921568627450980005, 0.8196078431372548767, 0.9333333333333333481 ) ;
#3357 = DIRECTION ( 'NONE',  ( -0.000000000000000000, 0.000000000000000000, 1.000000000000000000 ) ) ;
#3358 = EDGE_CURVE ( 'NONE', #6023, #634, #9273, .T. ) ;
#3359 = MANIFOLD_SOLID_BREP ( 'Chamfer1', #875 ) ;
#3360 = CARTESIAN_POINT ( 'NONE',  ( 0.000000000000000000, 1.319691808535146862E-12, -324.0000000000000000 ) ) ;
#3361 = CIRCLE ( 'NONE', #7505, 80.00000000000000000 ) ;
#3362 = ORIENTED_EDGE ( 'NONE', *, *, #2362, .T. ) ;
#3363 = VERTEX_POINT ( 'NONE', #6295 ) ;
#3364 = AXIS2_PLACEMENT_3D ( 'NONE', #3591, #3696, #2895 ) ;
#3365 = AXIS2_PLACEMENT_3D ( 'NONE', #4904, #512, #5787 ) ;
#3366 = CARTESIAN_POINT ( 'NONE',  ( -39.00000000000000000, -8.576495761562840348E-23, -11.95826074310141252 ) ) ;
#3367 = CARTESIAN_POINT ( 'NONE',  ( 36.00000000000000000, -201.1999999999999886, -11.95826074310138765 ) ) ;
#3368 = AXIS2_PLACEMENT_3D ( 'NONE', #9560, #5759, #8805 ) ;
#3369 = VECTOR ( 'NONE', #2144, 1000.000000000000000 ) ;
#3370 = CIRCLE ( 'NONE', #6717, 1.000000000000000888 ) ;
#3371 = CARTESIAN_POINT ( 'NONE',  ( 0.000000000000000000, 2.094888803305881906E-14, -99.00000000000002842 ) ) ;
#3372 = CARTESIAN_POINT ( 'NONE',  ( 1.539749897050354256E-14, -43.99999999999707967, -403.0000000000006253 ) ) ;
#3373 = CARTESIAN_POINT ( 'NONE',  ( -38.00000000000000000, -95.70788891204318816, -9.000000000000012434 ) ) ;
#3374 = ORIENTED_EDGE ( 'NONE', *, *, #1782, .F. ) ;
#3375 = ORIENTED_EDGE ( 'NONE', *, *, #305, .T. ) ;
#3376 = AXIS2_PLACEMENT_3D ( 'NONE', #7360, #8671, #8943 ) ;
#3377 = DIRECTION ( 'NONE',  ( 0.000000000000000000, 0.000000000000000000, 1.000000000000000000 ) ) ;
#3378 = CARTESIAN_POINT ( 'NONE',  ( 13.40477602753771436, 37.30648649001559392, 40.33232308428345192 ) ) ;
#3379 = CARTESIAN_POINT ( 'NONE',  ( 24.91987158875422637, -171.1999999999999886, 9.000000000000003553 ) ) ;
#3380 = DIRECTION ( 'NONE',  ( 1.000000000000000000, -1.224646799147353207E-16, -8.551662891793917213E-31 ) ) ;
#3381 = ITEM_DEFINED_TRANSFORMATION ( 'NONE', 'NONE', #2526,  #2024 ) ;
#3382 = DIRECTION ( 'NONE',  ( 0.000000000000000000, -1.000000000000000000, 0.000000000000000000 ) ) ;
#3383 = FACE_OUTER_BOUND ( 'NONE', #2320, .T. ) ;
#3384 = ORIENTED_EDGE ( 'NONE', *, *, #8842, .F. ) ;
#3385 = ORIENTED_EDGE ( 'NONE', *, *, #5352, .F. ) ;
#3386 = ORIENTED_EDGE ( 'NONE', *, *, #1645, .T. ) ;
#3387 = VERTEX_POINT ( 'NONE', #2499 ) ;
#3388 = CARTESIAN_POINT ( 'NONE',  ( 0.000000000000000000, 0.000000000000000000, 53.00000000000000000 ) ) ;
#3389 = CARTESIAN_POINT ( 'NONE',  ( 0.000000000000000000, 0.000000000000000000, 15.00000000000000000 ) ) ;
#3390 = DIRECTION ( 'NONE',  ( -0.000000000000000000, -6.982962677686266711E-15, 1.000000000000000000 ) ) ;
#3391 = DIRECTION ( 'NONE',  ( 0.8349694669777442124, 2.074247725076535824E-16, -0.5502962740332715263 ) ) ;
#3392 = APPLICATION_CONTEXT ( 'automotive_design' ) ;
#3393 = DIRECTION ( 'NONE',  ( 0.000000000000000000, 0.000000000000000000, -1.000000000000000000 ) ) ;
#3394 = CARTESIAN_POINT ( 'NONE',  ( -22.50000000000000355, 0.000000000000000000, 19.00000000000000000 ) ) ;
#3395 = DIRECTION ( 'NONE',  ( 0.000000000000000000, 0.000000000000000000, 1.000000000000000000 ) ) ;
#3396 = VERTEX_POINT ( 'NONE', #5684 ) ;
#3397 = EDGE_CURVE ( 'NONE', #9014, #4907, #1057, .T. ) ;
#3398 = EDGE_CURVE ( 'NONE', #3622, #590, #6408, .T. ) ;
#3399 = VERTEX_POINT ( 'NONE', #3394 ) ;
#3400 = DIRECTION ( 'NONE',  ( -0.000000000000000000, -6.982962677686266711E-15, 1.000000000000000000 ) ) ;
#3401 = CARTESIAN_POINT ( 'NONE',  ( -8.999999999999982236, 1.387778780781443901E-15, -8.000000000000000000 ) ) ;
#3402 = CARTESIAN_POINT ( 'NONE',  ( -34.36931771216880094, 90.00000000000000000, -25.00000000000000000 ) ) ;
#3403 = CARTESIAN_POINT ( 'NONE',  ( -38.00000000000000000, 8.774964387392127918, 8.999999999999989342 ) ) ;
#3404 = LINE ( 'NONE', #7255, #913 ) ;
#3405 = CIRCLE ( 'NONE', #9610, 3.000000000000002665 ) ;
#3406 = MANIFOLD_SOLID_BREP ( 'Fillet1', #6459 ) ;
#3407 = CARTESIAN_POINT ( 'NONE',  ( 35.38612840772156432, -194.4390471473797106, 11.99999999927687888 ) ) ;
#3408 = EDGE_CURVE ( 'NONE', #8224, #9413, #6349, .T. ) ;
#3409 = EDGE_CURVE ( 'NONE', #8824, #6492, #9746, .T. ) ;
#3410 = ORIENTED_EDGE ( 'NONE', *, *, #7866, .F. ) ;
#3411 = EDGE_CURVE ( 'NONE', #7887, #8412, #359, .T. ) ;
#3412 = ORIENTED_EDGE ( 'NONE', *, *, #7982, .F. ) ;
#3413 = CIRCLE ( 'NONE', #8188, 72.00000000000000000 ) ;
#3414 = CARTESIAN_POINT ( 'NONE',  ( 42.04246384666695491, 20.28854475724025264, 6.235652389971083842 ) ) ;
#3415 = CARTESIAN_POINT ( 'NONE',  ( 32.31098884280702777, 15.41602615938555587, -20.00000000000000711 ) ) ;
#3416 = DIRECTION ( 'NONE',  ( 0.000000000000000000, 1.000000000000000000, 0.000000000000000000 ) ) ;
#3417 = CARTESIAN_POINT ( 'NONE',  ( -0.3786736946806478765, 49.49999999999999289, -38.00000000000000000 ) ) ;
#3418 = CARTESIAN_POINT ( 'NONE',  ( 0.000000000000000000, 66.79999999999999716, 39.50000000000000000 ) ) ;
#3419 =( BOUNDED_SURFACE ( )  B_SPLINE_SURFACE ( 3, 2, ( 
 ( #4800, #7158, #3146 ),
 ( #6356, #6247, #5600 ),
 ( #3304, #9295, #1063 ),
 ( #2405, #7008, #6952 ),
 ( #6398, #9343, #5645 ),
 ( #8646, #1013, #1820 ) ),
 .UNSPECIFIED., .F., .F., .T. ) 
 B_SPLINE_SURFACE_WITH_KNOTS ( ( 4, 2, 4 ),
 ( 3, 3 ),
 ( 0.000000000000000000, 0.004411853782887460891, 0.008823707565774921782 ),
 ( 0.000000000000000000, 1.000000000000000000 ),
 .UNSPECIFIED. ) 
 GEOMETRIC_REPRESENTATION_ITEM ( )  RATIONAL_B_SPLINE_SURFACE ( (
 ( 1.000000000000000000, 0.7071067811865475727, 1.000000000000000000),
 ( 1.000000000000000000, 0.7167217121887277109, 1.000000000000000000),
 ( 1.000000000000000000, 0.7239293624828414542, 1.000000000000000000),
 ( 1.000000000000000000, 0.7335575311267906740, 1.000000000000000000),
 ( 1.000000000000000000, 0.7359783963878644419, 1.000000000000000000),
 ( 1.000000000000000000, 0.7359800721939870893, 1.000000000000000000) ) ) 
 REPRESENTATION_ITEM ( '' )  SURFACE ( )  );
#3420 = ORIENTED_EDGE ( 'NONE', *, *, #9252, .F. ) ;
#3421 = EDGE_CURVE ( 'NONE', #6113, #2602, #42, .T. ) ;
#3422 = AXIS2_PLACEMENT_3D ( 'NONE', #8126, #8029, #7388 ) ;
#3423 = EDGE_CURVE ( 'NONE', #1117, #6986, #666, .T. ) ;
#3424 = ORIENTED_EDGE ( 'NONE', *, *, #146, .F. ) ;
#3425 = DIRECTION ( 'NONE',  ( -0.000000000000000000, -0.000000000000000000, -1.000000000000000000 ) ) ;
#3426 = CARTESIAN_POINT ( 'NONE',  ( -35.61464024155681329, -195.7738129368258342, -11.98701582130421350 ) ) ;
#3427 = AXIS2_PLACEMENT_3D ( 'NONE', #2391, #8321, #844 ) ;
#3428 = CARTESIAN_POINT ( 'NONE',  ( 0.000000000000000000, 1.075288114816126795E-12, -289.0000000000000000 ) ) ;
#3429 = CARTESIAN_POINT ( 'NONE',  ( 38.00000000000000000, -192.4250356126078714, -8.999999999999991118 ) ) ;
#3430 = DIRECTION ( 'NONE',  ( 0.000000000000000000, -0.000000000000000000, -1.000000000000000000 ) ) ;
#3431 = ORIENTED_EDGE ( 'NONE', *, *, #6963, .T. ) ;
#3432 = ORIENTED_EDGE ( 'NONE', *, *, #4549, .T. ) ;
#3433 = ORIENTED_EDGE ( 'NONE', *, *, #5833, .F. ) ;
#3434 = DIRECTION ( 'NONE',  ( 1.000000000000000000, 0.000000000000000000, 0.000000000000000000 ) ) ;
#3435 = DIRECTION ( 'NONE',  ( 0.000000000000000000, 0.000000000000000000, -1.000000000000000000 ) ) ;
#3436 = CARTESIAN_POINT ( 'NONE',  ( -34.51751045525492145, 54.22455240934189646, -227.9999999999996305 ) ) ;
#3437 = CARTESIAN_POINT ( 'NONE',  ( 7.649585667045146562E-17, 245.1999999999994202, 433.0000000000000000 ) ) ;
#3438 = EDGE_LOOP ( 'NONE', ( #4843, #3298, #5019, #9566 ) ) ;
#3439 = CARTESIAN_POINT ( 'NONE',  ( -16.89999999999999858, 0.000000000000000000, 19.00000000000000000 ) ) ;
#3440 = ORIENTED_EDGE ( 'NONE', *, *, #146, .T. ) ;
#3441 = VERTEX_POINT ( 'NONE', #5919 ) ;
#3442 = DIRECTION ( 'NONE',  ( 1.000000000000000000, -1.776356839400250859E-15, 0.000000000000000000 ) ) ;
#3443 = CARTESIAN_POINT ( 'NONE',  ( -55.00000000000000000, 5.000000000000467182, -455.9999999999999432 ) ) ;
#3444 = AXIS2_PLACEMENT_3D ( 'NONE', #3720, #9709, #3616 ) ;
#3445 = CARTESIAN_POINT ( 'NONE',  ( 27.00000000000000000, 0.000000000000000000, 19.00000000000000000 ) ) ;
#3446 = CARTESIAN_POINT ( 'NONE',  ( -26.99999999999999645, -201.1999999999999886, -19.00000000000000000 ) ) ;
#3447 = CARTESIAN_POINT ( 'NONE',  ( -26.99999999999998579, -43.99999999999793943, -342.0000000000006253 ) ) ;
#3448 = EDGE_CURVE ( 'NONE', #8632, #744, #5440, .T. ) ;
#3449 = PLANE ( 'NONE',  #8157 ) ;
#3450 = CIRCLE ( 'NONE', #275, 22.50000000000000355 ) ;
#3451 = CARTESIAN_POINT ( 'NONE',  ( 36.00000000000000000, -201.1999999999999886, 11.95826074310140896 ) ) ;
#3452 = VERTEX_POINT ( 'NONE', #640 ) ;
#3453 = CIRCLE ( 'NONE', #8391, 36.00000000000000000 ) ;
#3454 = ORIENTED_EDGE ( 'NONE', *, *, #3409, .F. ) ;
#3455 = CIRCLE ( 'NONE', #4727, 36.00000000000000000 ) ;
#3456 = EDGE_CURVE ( 'NONE', #55, #92, #8916, .T. ) ;
#3457 = EDGE_CURVE ( 'NONE', #6933, #7479, #9174, .T. ) ;
#3458 = CARTESIAN_POINT ( 'NONE',  ( 41.37728875656488015, 19.58012041949303850, 9.743372019524242589 ) ) ;
#3459 = CARTESIAN_POINT ( 'NONE',  ( 1.539749897050354256E-14, 44.00000000000017053, -159.9999999999996874 ) ) ;
#3460 = ADVANCED_FACE ( 'NONE', ( #2136, #7290 ), #8175, .F. ) ;
#3461 = CARTESIAN_POINT ( 'NONE',  ( 7.524007025962989204, 11.85715953169495052, -41.83163319667939817 ) ) ;
#3462 = CARTESIAN_POINT ( 'NONE',  ( -21.70360051738771290, 32.94508323507279357, -31.19241244432474147 ) ) ;
#3463 = CARTESIAN_POINT ( 'NONE',  ( 4.837354856632044663E-15, 71.09999999999999432, -39.50000000000000000 ) ) ;
#3464 =( GEOMETRIC_REPRESENTATION_CONTEXT ( 3 ) GLOBAL_UNCERTAINTY_ASSIGNED_CONTEXT ( ( #8144 ) ) GLOBAL_UNIT_ASSIGNED_CONTEXT ( ( #7576, #6012, #6163 ) ) REPRESENTATION_CONTEXT ( 'NONE', 'WORKASPACE' ) );
#3465 = VECTOR ( 'NONE', #6313, 1000.000000000000000 ) ;
#3466 = ORIENTED_EDGE ( 'NONE', *, *, #3456, .T. ) ;
#3467 = AXIS2_PLACEMENT_3D ( 'NONE', #2416, #8394, #1570 ) ;
#3468 =( GEOMETRIC_REPRESENTATION_CONTEXT ( 3 ) GLOBAL_UNCERTAINTY_ASSIGNED_CONTEXT ( ( #1265 ) ) GLOBAL_UNIT_ASSIGNED_CONTEXT ( ( #556, #7397, #3590 ) ) REPRESENTATION_CONTEXT ( 'NONE', 'WORKASPACE' ) );
#3469 = VECTOR ( 'NONE', #6116, 1000.000000000000227 ) ;
#3470 = CYLINDRICAL_SURFACE ( 'NONE', #4997, 36.00000000000000000 ) ;
#3471 = CARTESIAN_POINT ( 'NONE',  ( 8.000000000000010658, -55.59999999999998010, -5.999999999999999112 ) ) ;
#3472 = EDGE_CURVE ( 'NONE', #3056, #6227, #6729, .T. ) ;
#3473 = CARTESIAN_POINT ( 'NONE',  ( 0.000000000000000000, 0.000000000000000000, 130.0000000000000000 ) ) ;
#3474 = AXIS2_PLACEMENT_3D ( 'NONE', #3280, #249, #9274 ) ;
#3475 = CARTESIAN_POINT ( 'NONE',  ( -16.89999999999999858, 27.00000000000000355, -38.99538434225262051 ) ) ;
#3476 = EDGE_CURVE ( 'NONE', #6298, #2746, #5608, .T. ) ;
#3477 = DIRECTION ( 'NONE',  ( 0.000000000000000000, 1.000000000000000000, 1.387778780781445676E-14 ) ) ;
#3478 = ORIENTED_EDGE ( 'NONE', *, *, #794, .F. ) ;
#3479 = EDGE_LOOP ( 'NONE', ( #7584, #4124, #8435, #3701 ) ) ;
#3480 = CIRCLE ( 'NONE', #8101, 1.000000000000000000 ) ;
#3481 = VERTEX_POINT ( 'NONE', #8072 ) ;
#3482 = DIRECTION ( 'NONE',  ( 0.000000000000000000, 1.000000000000000000, 0.000000000000000000 ) ) ;
#3483 = CARTESIAN_POINT ( 'NONE',  ( 1.539749897050354256E-14, -73.99999999999789679, -345.0000000000010800 ) ) ;
#3484 = FACE_OUTER_BOUND ( 'NONE', #7062, .T. ) ;
#3485 = AXIS2_PLACEMENT_3D ( 'NONE', #1862, #1665, #4694 ) ;
#3486 = EDGE_LOOP ( 'NONE', ( #4589, #5621, #1529, #1460 ) ) ;
#3487 = DIRECTION ( 'NONE',  ( 0.000000000000000000, -1.396592535537253342E-14, 1.000000000000000000 ) ) ;
#3488 = DIRECTION ( 'NONE',  ( -0.000000000000000000, 1.000000000000000000, 0.000000000000000000 ) ) ;
#3489 = ORIENTED_EDGE ( 'NONE', *, *, #1263, .F. ) ;
#3490 = ORIENTED_EDGE ( 'NONE', *, *, #3980, .T. ) ;
#3491 = DIRECTION ( 'NONE',  ( -0.000000000000000000, -0.000000000000000000, -1.000000000000000000 ) ) ;
#3492 = DIRECTION ( 'NONE',  ( 0.000000000000000000, -6.982962677686266711E-15, 1.000000000000000000 ) ) ;
#3493 = AXIS2_PLACEMENT_3D ( 'NONE', #9777, #8370, #8318 ) ;
#3494 = B_SPLINE_CURVE_WITH_KNOTS ( 'NONE', 3,
 ( #5770, #7939, #2550, #5586, #1810, #4836, #9433, #1099, #5681, #5025, #8682, #7194, #9577, #7145, #1947, #1991, #9526, #4981, #308, #7980, #354, #4283, #3341, #2599, #1905, #9478, #6484, #1241, #4936, #5633 ),
 .UNSPECIFIED., .F., .F.,
 ( 4, 2, 2, 2, 2, 2, 2, 2, 2, 2, 2, 2, 2, 2, 4 ),
 ( 0.07210155147355486183, 0.07435165487144675123, 0.07660175826933864063, 0.07772680996828458533, 0.07885186166723053003, 0.08110196506512240555, 0.08335206846301428107, 0.08560217186090615660, 0.09010237865668990764, 0.09235248205458178317, 0.09460258545247365869, 0.09910279224825740974, 0.1013528956461492991, 0.1036029990440411608, 0.1081032058398249118 ),
 .UNSPECIFIED. ) ;
#3495 = DIRECTION ( 'NONE',  ( 0.000000000000000000, 0.000000000000000000, 1.000000000000000000 ) ) ;
#3496 = FACE_OUTER_BOUND ( 'NONE', #204, .T. ) ;
#3497 = CARTESIAN_POINT ( 'NONE',  ( 39.00000000000000000, -8.575233584114486730E-23, 11.95826074310140541 ) ) ;
#3498 = DIRECTION ( 'NONE',  ( -0.000000000000000000, -0.000000000000000000, 1.000000000000000000 ) ) ;
#3499 = CARTESIAN_POINT ( 'NONE',  ( 38.43811293440706578, -195.3322990978667519, 8.990198382905893126 ) ) ;
#3500 = EDGE_LOOP ( 'NONE', ( #7406, #2967, #1297, #7423, #9770 ) ) ;
#3501 = VERTEX_POINT ( 'NONE', #8220 ) ;
#3502 = AXIS2_PLACEMENT_3D ( 'NONE', #2457, #7204, #1062 ) ;
#3503 = CARTESIAN_POINT ( 'NONE',  ( 42.34547809345421143, 20.61079497481700784, -3.649084236565249828 ) ) ;
#3504 = DIRECTION ( 'NONE',  ( 1.000000000000000000, 0.000000000000000000, 0.000000000000000000 ) ) ;
#3505 = CARTESIAN_POINT ( 'NONE',  ( 9.868324743994236314, 40.73043519958516612, -41.34105454906682553 ) ) ;
#3506 = CARTESIAN_POINT ( 'NONE',  ( 5.486135930993412124, 10.97692323495085098, -42.15711273867058395 ) ) ;
#3507 = CARTESIAN_POINT ( 'NONE',  ( 36.00000000000000000, -201.1999999999999886, -11.95826074310139120 ) ) ;
#3508 = DIRECTION ( 'NONE',  ( -0.000000000000000000, 1.000000000000000000, -0.000000000000000000 ) ) ;
#3509 = ORIENTED_EDGE ( 'NONE', *, *, #7326, .T. ) ;
#3510 = CIRCLE ( 'NONE', #490, 80.00000000000000000 ) ;
#3511 = VECTOR ( 'NONE', #2517, 1000.000000000000000 ) ;
#3512 = EDGE_CURVE ( 'NONE', #2602, #6113, #7604, .T. ) ;
#3513 = EDGE_CURVE ( 'NONE', #9774, #9722, #1196, .T. ) ;
#3514 = DIRECTION ( 'NONE',  ( 0.000000000000000000, 1.000000000000000000, 0.000000000000000000 ) ) ;
#3515 = FACE_OUTER_BOUND ( 'NONE', #9568, .T. ) ;
#3516 = VECTOR ( 'NONE', #2392, 1000.000000000000000 ) ;
#3517 = VECTOR ( 'NONE', #1180, 1000.000000000000000 ) ;
#3518 = CARTESIAN_POINT ( 'NONE',  ( -21.93588259989761013, -170.2531712170662672, -9.185314602748560375 ) ) ;
#3519 = CARTESIAN_POINT ( 'NONE',  ( -38.00000000000000711, -201.1999999999999886, 4.499999999999983125 ) ) ;
#3520 = LINE ( 'NONE', #2122, #737 ) ;
#3521 = EDGE_LOOP ( 'NONE', ( #2900, #4182, #7608, #1663, #6212 ) ) ;
#3522 = CARTESIAN_POINT ( 'NONE',  ( 11.56725133866198796, 39.33325314876786649, -40.89757568187336290 ) ) ;
#3523 = AXIS2_PLACEMENT_3D ( 'NONE', #5402, #9799, #3763 ) ;
#3524 = VERTEX_POINT ( 'NONE', #9625 ) ;
#3525 = ORIENTED_EDGE ( 'NONE', *, *, #9441, .F. ) ;
#3526 = EDGE_CURVE ( 'NONE', #9223, #8847, #7434, .T. ) ;
#3527 = EDGE_LOOP ( 'NONE', ( #1690, #8510, #3412, #5370 ) ) ;
#3528 = EDGE_CURVE ( 'NONE', #867, #184, #6652, .T. ) ;
#3529 = TOROIDAL_SURFACE ( 'NONE', #8303, 30.00000000000000000, 3.000000000000000000 ) ;
#3530 = CARTESIAN_POINT ( 'NONE',  ( 31.86681925807073767, 14.97980075783326903, -20.70420291268113999 ) ) ;
#3531 = CARTESIAN_POINT ( 'NONE',  ( 34.72809071374958734, 9.888260814319174585, 24.49934854543381491 ) ) ;
#3532 = CARTESIAN_POINT ( 'NONE',  ( 38.00000000000000000, 0.000000000000000000, 8.123104788713556130E-15 ) ) ;
#3533 = CARTESIAN_POINT ( 'NONE',  ( 8.210624352976759778E-14, 296.5999999999985448, 90.99999999999667466 ) ) ;
#3534 = AXIS2_PLACEMENT_3D ( 'NONE', #9302, #2463, #5502 ) ;
#3535 = DIRECTION ( 'NONE',  ( -0.000000000000000000, 0.000000000000000000, 1.000000000000000000 ) ) ;
#3536 = CARTESIAN_POINT ( 'NONE',  ( -10.60459098999968575, -31.69192769109929841, -8.999999999999998224 ) ) ;
#3537 = CARTESIAN_POINT ( 'NONE',  ( -38.00000000000000000, 47.19999999999998863, -9.000000000000012434 ) ) ;
#3538 = ORIENTED_EDGE ( 'NONE', *, *, #614, .F. ) ;
#3539 = VERTEX_POINT ( 'NONE', #2234 ) ;
#3540 = EDGE_CURVE ( 'NONE', #2056, #9737, #588, .T. ) ;
#3541 = DIRECTION ( 'NONE',  ( -0.000000000000000000, 0.000000000000000000, 1.000000000000000000 ) ) ;
#3542 = DIRECTION ( 'NONE',  ( -0.000000000000000000, 0.000000000000000000, 1.000000000000000000 ) ) ;
#3543 = CARTESIAN_POINT ( 'NONE',  ( 0.000000000000000000, 0.000000000000000000, -41.00000000000000000 ) ) ;
#3544 = CARTESIAN_POINT ( 'NONE',  ( -8.000000000000003553, -145.5999999999999659, 4.999999999999999112 ) ) ;
#3545 = CARTESIAN_POINT ( 'NONE',  ( -31.42648297920984390, 14.47834681900573983, 21.36666458372611288 ) ) ;
#3546 = FACE_OUTER_BOUND ( 'NONE', #3521, .T. ) ;
#3547 = CARTESIAN_POINT ( 'NONE',  ( 1.539749897050354256E-14, -13.99999999999733369, -385.0000000000001705 ) ) ;
#3548 = EDGE_LOOP ( 'NONE', ( #2046, #8738 ) ) ;
#3549 = ORIENTED_EDGE ( 'NONE', *, *, #4629, .T. ) ;
#3550 = VECTOR ( 'NONE', #2588, 1000.000000000000000 ) ;
#3551 = UNCERTAINTY_MEASURE_WITH_UNIT (LENGTH_MEASURE( 1.000000000000000082E-05 ), #8183, 'distance_accuracy_value', 'NONE');
#3552 = CARTESIAN_POINT ( 'NONE',  ( 40.72421531039961451, 18.88325044838210687, 12.28175801635097386 ) ) ;
#3553 = FACE_OUTER_BOUND ( 'NONE', #8523, .T. ) ;
#3554 = LINE ( 'NONE', #6610, #44 ) ;
#3555 = CARTESIAN_POINT ( 'NONE',  ( 16.67715256065096696, 24.20877689285370593, -39.09138967429803557 ) ) ;
#3556 = CARTESIAN_POINT ( 'NONE',  ( 0.000000000000000000, 0.000000000000000000, 19.00000000000000000 ) ) ;
#3557 = DIRECTION ( 'NONE',  ( 1.000000000000000000, -1.423362852083534097E-15, 0.000000000000000000 ) ) ;
#3558 = ORIENTED_EDGE ( 'NONE', *, *, #8609, .T. ) ;
#3559 = AXIS2_PLACEMENT_3D ( 'NONE', #7828, #5573, #4126 ) ;
#3560 = AXIS2_PLACEMENT_3D ( 'NONE', #391, #3430, #1751 ) ;
#3561 = CARTESIAN_POINT ( 'NONE',  ( 0.000000000000000000, 3.449583562777016209E-12, -441.0000000000000000 ) ) ;
#3562 = CARTESIAN_POINT ( 'NONE',  ( 15.16358648504614592, 34.54408947766607696, 39.70552047184718703 ) ) ;
#3563 = DIRECTION ( 'NONE',  ( 0.000000000000000000, 1.396592535537253342E-14, -1.000000000000000000 ) ) ;
#3564 = CARTESIAN_POINT ( 'NONE',  ( -35.07692307692306599, -193.1000328731765023, 8.999999999999976907 ) ) ;
#3565 = VECTOR ( 'NONE', #9012, 1000.000000000000000 ) ;
#3566 = CARTESIAN_POINT ( 'NONE',  ( 35.07508121066764062, 11.13553223319894592, -24.00071350851549568 ) ) ;
#3567 = VERTEX_POINT ( 'NONE', #7 ) ;
#3568 = ORIENTED_EDGE ( 'NONE', *, *, #6073, .F. ) ;
#3569 = VERTEX_POINT ( 'NONE', #5275 ) ;
#3570 = CARTESIAN_POINT ( 'NONE',  ( 4.837354856632043874E-15, 0.000000000000000000, 39.49999999999999289 ) ) ;
#3571 = EDGE_LOOP ( 'NONE', ( #3127, #3336, #328, #842 ) ) ;
#3572 = EDGE_CURVE ( 'NONE', #1330, #4688, #7821, .T. ) ;
#3573 = PRODUCT_DEFINITION_SHAPE ( 'NONE', 'NONE',  #9859 ) ;
#3574 = EDGE_CURVE ( 'NONE', #5314, #2649, #2812, .T. ) ;
#3575 = CARTESIAN_POINT ( 'NONE',  ( 4.411130708436932224, 10.67632163504441145, 42.27386655173701513 ) ) ;
#3576 = FACE_OUTER_BOUND ( 'NONE', #277, .T. ) ;
#3577 = LINE ( 'NONE', #6631, #3136 ) ;
#3578 = ADVANCED_BREP_SHAPE_REPRESENTATION ( '', ( #6547, #2024 ), #2034 ) ;
#3579 = ADVANCED_FACE ( 'NONE', ( #6783 ), #5568, .F. ) ;
#3580 = DIRECTION ( 'NONE',  ( 1.000000000000000000, 2.672861931785069104E-14, -1.403068581316460543E-15 ) ) ;
#3581 = FACE_OUTER_BOUND ( 'NONE', #4674, .T. ) ;
#3582 = DIRECTION ( 'NONE',  ( 0.000000000000000000, 1.000000000000000000, 1.387778780781445676E-14 ) ) ;
#3583 = CARTESIAN_POINT ( 'NONE',  ( -39.00000000000000000, -201.1999999999999886, -11.95826074310141429 ) ) ;
#3584 = VERTEX_POINT ( 'NONE', #983 ) ;
#3585 = AXIS2_PLACEMENT_3D ( 'NONE', #7193, #1191, #8730 ) ;
#3586 = EDGE_LOOP ( 'NONE', ( #9375, #5322, #6444, #5407 ) ) ;
#3587 = DIRECTION ( 'NONE',  ( 0.000000000000000000, 0.000000000000000000, 1.000000000000000000 ) ) ;
#3588 = DIRECTION ( 'NONE',  ( 0.000000000000000000, 1.396592535537253342E-14, -1.000000000000000000 ) ) ;
#3589 = PLANE ( 'NONE',  #9462 ) ;
#3590 =( NAMED_UNIT ( * ) SI_UNIT ( $, .STERADIAN. ) SOLID_ANGLE_UNIT ( ) );
#3591 = CARTESIAN_POINT ( 'NONE',  ( 0.000000000000000000, 3.407685786710898357E-12, -438.0000000000000000 ) ) ;
#3592 = DIRECTION ( 'NONE',  ( 0.000000000000000000, 1.396592535537253342E-14, -1.000000000000000000 ) ) ;
#3593 = EDGE_CURVE ( 'NONE', #6332, #1330, #3609, .T. ) ;
#3594 = CARTESIAN_POINT ( 'NONE',  ( 64.56989347527211009, -47.23059238027864382, -99.00000000000036948 ) ) ;
#3595 = DIRECTION ( 'NONE',  ( 0.000000000000000000, 6.982962677686266711E-15, -1.000000000000000000 ) ) ;
#3596 = VERTEX_POINT ( 'NONE', #3732 ) ;
#3597 = EDGE_CURVE ( 'NONE', #2235, #7263, #9358, .T. ) ;
#3598 = ORIENTED_EDGE ( 'NONE', *, *, #112, .F. ) ;
#3599 = VERTEX_POINT ( 'NONE', #8314 ) ;
#3600 = DIRECTION ( 'NONE',  ( -0.000000000000000000, -0.000000000000000000, -1.000000000000000000 ) ) ;
#3601 = DIRECTION ( 'NONE',  ( 1.000000000000000000, 0.000000000000000000, 0.000000000000000000 ) ) ;
#3602 = DIRECTION ( 'NONE',  ( 0.000000000000000000, 0.000000000000000000, 1.000000000000000000 ) ) ;
#3603 = PLANE ( 'NONE',  #4117 ) ;
#3604 = DIRECTION ( 'NONE',  ( 0.000000000000000000, 0.000000000000000000, -1.000000000000000000 ) ) ;
#3605 = CARTESIAN_POINT ( 'NONE',  ( 191.5194180755570699, 15.41602615938556653, -20.00000000000000355 ) ) ;
#3606 = VERTEX_POINT ( 'NONE', #1440 ) ;
#3607 = AXIS2_PLACEMENT_3D ( 'NONE', #1962, #8831, #1163 ) ;
#3608 = AXIS2_PLACEMENT_3D ( 'NONE', #1068, #413, #4158 ) ;
#3609 = CIRCLE ( 'NONE', #1874, 4.999999999999997335 ) ;
#3610 = DIRECTION ( 'NONE',  ( 0.000000000000000000, -6.982962677686266711E-15, 1.000000000000000000 ) ) ;
#3611 = CARTESIAN_POINT ( 'NONE',  ( 0.000000000000000000, 0.000000000000000000, 19.00000000000000000 ) ) ;
#3612 = CIRCLE ( 'NONE', #9199, 80.00000000000000000 ) ;
#3613 = CARTESIAN_POINT ( 'NONE',  ( -22.48353060487828259, -171.1999999999999886, -9.407652717443276913 ) ) ;
#3614 = AXIS2_PLACEMENT_3D ( 'NONE', #3945, #6855, #3897 ) ;
#3615 = CARTESIAN_POINT ( 'NONE',  ( -35.61183127812028459, -195.7524782914862271, 9.128065913155824163 ) ) ;
#3616 = DIRECTION ( 'NONE',  ( 0.000000000000000000, 0.000000000000000000, 1.000000000000000000 ) ) ;
#3617 = ORIENTED_EDGE ( 'NONE', *, *, #3968, .F. ) ;
#3618 = B_SPLINE_CURVE_WITH_KNOTS ( 'NONE', 3,
 ( #2400, #6083, #1608, #4640, #3746, #3802 ),
 .UNSPECIFIED., .F., .F.,
 ( 4, 2, 4 ),
 ( 0.000000000000000000, 0.001235105069189694135, 0.002470210138379388271 ),
 .UNSPECIFIED. ) ;
#3619 = VECTOR ( 'NONE', #7607, 1000.000000000000227 ) ;
#3620 = ORIENTED_EDGE ( 'NONE', *, *, #6340, .F. ) ;
#3621 = ORIENTED_EDGE ( 'NONE', *, *, #1704, .T. ) ;
#3622 = VERTEX_POINT ( 'NONE', #4026 ) ;
#3623 = AXIS2_PLACEMENT_3D ( 'NONE', #1421, #8199, #8149 ) ;
#3624 = VECTOR ( 'NONE', #2682, 1000.000000000000000 ) ;
#3625 = DIRECTION ( 'NONE',  ( 1.000000000000000000, 1.224646799147353207E-16, 8.551662891793917213E-31 ) ) ;
#3626 = CARTESIAN_POINT ( 'NONE',  ( -38.68750310502052514, -198.2573272148092656, -8.974572379110091092 ) ) ;
#3627 = DIRECTION ( 'NONE',  ( -1.541976423090496126E-16, -1.000000000000000000, 0.000000000000000000 ) ) ;
#3628 = APPLICATION_PROTOCOL_DEFINITION ( 'draft international standard', 'automotive_design', 1998, #5938 ) ;
#3629 = CIRCLE ( 'NONE', #7309, 39.00000000000000000 ) ;
#3630 = ORIENTED_EDGE ( 'NONE', *, *, #9450, .F. ) ;
#3631 = CARTESIAN_POINT ( 'NONE',  ( -21.88943746895912668, 21.78057792359391343, -31.06228183824054057 ) ) ;
#3632 = PLANE ( 'NONE',  #4218 ) ;
#3633 = VERTEX_POINT ( 'NONE', #3032 ) ;
#3634 = VERTEX_POINT ( 'NONE', #5511 ) ;
#3635 = CARTESIAN_POINT ( 'NONE',  ( -16.34809014612340405, 31.42686643124768153, 39.23069102479524872 ) ) ;
#3636 = ADVANCED_FACE ( 'NONE', ( #7120 ), #3132, .F. ) ;
#3637 = CARTESIAN_POINT ( 'NONE',  ( 29.64746461102429720, 11.57626703964773363, 23.77201966113993592 ) ) ;
#3638 = EDGE_CURVE ( 'NONE', #9784, #2716, #5692, .T. ) ;
#3639 = CARTESIAN_POINT ( 'NONE',  ( -37.49999999999997868, 15.41602615938552567, -20.00000000000006750 ) ) ;
#3640 =( NAMED_UNIT ( * ) PLANE_ANGLE_UNIT ( ) SI_UNIT ( $, .RADIAN. ) );
#3641 = CARTESIAN_POINT ( 'NONE',  ( 1.539749897050354256E-14, -43.99999999999733546, -385.0000000000006253 ) ) ;
#3642 = CARTESIAN_POINT ( 'NONE',  ( -28.61817604250836311, 7.701505793815497825, 24.99999999999999645 ) ) ;
#3643 = DIRECTION ( 'NONE',  ( -0.000000000000000000, -0.000000000000000000, -1.000000000000000000 ) ) ;
#3644 = DIRECTION ( 'NONE',  ( -0.000000000000000000, -6.982962677686266711E-15, 1.000000000000000000 ) ) ;
#3645 = ORIENTED_EDGE ( 'NONE', *, *, #2244, .T. ) ;
#3646 = ORIENTED_EDGE ( 'NONE', *, *, #2002, .F. ) ;
#3647 = ADVANCED_FACE ( 'NONE', ( #7029, #2530 ), #4476, .F. ) ;
#3648 = AXIS2_PLACEMENT_3D ( 'NONE', #9764, #9660, #8166 ) ;
#3649 = ADVANCED_FACE ( 'NONE', ( #690, #6016 ), #9068, .F. ) ;
#3650 = ORIENTED_EDGE ( 'NONE', *, *, #2850, .T. ) ;
#3651 = CIRCLE ( 'NONE', #2203, 36.00000000000000000 ) ;
#3652 = CARTESIAN_POINT ( 'NONE',  ( 33.07375552197760982, -30.51436867563304389, -8.999999999999998224 ) ) ;
#3653 = ADVANCED_FACE ( 'NONE', ( #2280, #1538 ), #7632, .T. ) ;
#3654 = DIRECTION ( 'NONE',  ( 0.000000000000000000, 0.000000000000000000, 1.000000000000000000 ) ) ;
#3655 = DIRECTION ( 'NONE',  ( -0.000000000000000000, -1.396592535537253342E-14, 1.000000000000000000 ) ) ;
#3656 = CARTESIAN_POINT ( 'NONE',  ( 0.000000000000000000, 2.066956952595135148E-12, -342.0000000000000000 ) ) ;
#3657 = CARTESIAN_POINT ( 'NONE',  ( 4.837354856632044663E-15, 59.50000000000000000, -39.50000000000000000 ) ) ;
#3658 = DIRECTION ( 'NONE',  ( -0.000000000000000000, 6.982962677686266711E-15, -1.000000000000000000 ) ) ;
#3659 = CYLINDRICAL_SURFACE ( 'NONE', #2042, 10.00000000000000000 ) ;
#3660 = CYLINDRICAL_SURFACE ( 'NONE', #2508, 1.000000000000000000 ) ;
#3661 = VERTEX_POINT ( 'NONE', #193 ) ;
#3662 = CIRCLE ( 'NONE', #7968, 1.000000000000000888 ) ;
#3663 = B_SPLINE_CURVE_WITH_KNOTS ( 'NONE', 3,
 ( #5382, #162, #1602, #4633, #6179, #6235, #7695, #846, #9230, #2393, #6430, #1186, #1985, #3522, #1285, #4914, #3505, #5751, #6562, #2852, #5051, #3771, #9058, #6831, #5315, #8261, #2232, #5144 ),
 .UNSPECIFIED., .F., .F.,
 ( 4, 2, 2, 2, 2, 2, 2, 2, 2, 2, 2, 2, 2, 4 ),
 ( 0.08007741190338370230, 0.08341224753181963880, 0.08507966534603761399, 0.08674708316025558918, 0.08841450097447356438, 0.09008191878869155345, 0.09341675441712753158, 0.09508417223134552065, 0.09675159004556350972, 0.1000864256739994879, 0.1017538434882174769, 0.1034212613024354799, 0.1050886791166534689, 0.1067560969308714580 ),
 .UNSPECIFIED. ) ;
#3664 = ADVANCED_FACE ( 'NONE', ( #4772 ), #3221, .F. ) ;
#3665 = CARTESIAN_POINT ( 'NONE',  ( 0.000000000000000000, 5.236340632789118004E-13, -210.0000000000000000 ) ) ;
#3666 = CARTESIAN_POINT ( 'NONE',  ( -64.56989347527211009, -47.23059238027740747, -274.0000000000003411 ) ) ;
#3667 =( REPRESENTATION_RELATIONSHIP ('NONE','NONE', #4268, #4579 ) REPRESENTATION_RELATIONSHIP_WITH_TRANSFORMATION ( #5576 )SHAPE_REPRESENTATION_RELATIONSHIP( ) );
#3668 = FACE_OUTER_BOUND ( 'NONE', #1381, .T. ) ;
#3669 = CARTESIAN_POINT ( 'NONE',  ( -35.92232950245769985, 2.726233426714127273, 11.96616446274447831 ) ) ;
#3670 = CARTESIAN_POINT ( 'NONE',  ( 35.21097840482691055, 11.52242660349224934, -23.80142751893397346 ) ) ;
#3671 = VERTEX_POINT ( 'NONE', #3463 ) ;
#3672 = ORIENTED_EDGE ( 'NONE', *, *, #1950, .F. ) ;
#3673 = LINE ( 'NONE', #2922, #4448 ) ;
#3674 = ORIENTED_EDGE ( 'NONE', *, *, #7573, .F. ) ;
#3675 = EDGE_LOOP ( 'NONE', ( #8920, #6004 ) ) ;
#3676 = VECTOR ( 'NONE', #8276, 1000.000000000000000 ) ;
#3677 = CIRCLE ( 'NONE', #4320, 29.99999999999999289 ) ;
#3678 = PRODUCT ( '3. Crank Shaft', '3. Crank Shaft', '', ( #885 ) ) ;
#3679 = CARTESIAN_POINT ( 'NONE',  ( 11.15654303526429381, 14.29404561826730991, 41.01185868537986323 ) ) ;
#3680 = CARTESIAN_POINT ( 'NONE',  ( -38.43811293440706578, -195.3322990978667519, -8.990198382905898455 ) ) ;
#3681 = DIRECTION ( 'NONE',  ( 1.000000000000000000, 0.000000000000000000, 0.000000000000000000 ) ) ;
#3682 = CARTESIAN_POINT ( 'NONE',  ( 6.229109347552555966E-14, 218.1999999999985675, 90.99999999999666045 ) ) ;
#3683 = CIRCLE ( 'NONE', #196, 36.00000000000000000 ) ;
#3684 = EDGE_LOOP ( 'NONE', ( #3294, #5516, #7106, #9339, #6687, #7227 ) ) ;
#3685 = DIRECTION ( 'NONE',  ( 0.000000000000000000, -0.000000000000000000, -1.000000000000000000 ) ) ;
#3686 = AXIS2_PLACEMENT_3D ( 'NONE', #7266, #4961, #5794 ) ;
#3687 = CARTESIAN_POINT ( 'NONE',  ( 35.92232950245770695, -198.4737665732858716, 11.96616446274450674 ) ) ;
#3688 = EDGE_LOOP ( 'NONE', ( #8061, #6890, #5234, #6578 ) ) ;
#3689 = EDGE_LOOP ( 'NONE', ( #8855, #9313 ) ) ;
#3690 = CARTESIAN_POINT ( 'NONE',  ( -8.492300989211248208, 41.62178790202741396, 41.64584950345290082 ) ) ;
#3691 = DIRECTION ( 'NONE',  ( 1.000000000000000000, 0.000000000000000000, 0.000000000000000000 ) ) ;
#3692 = PRESENTATION_LAYER_ASSIGNMENT (  '', '', ( #7679 ) ) ;
#3693 = CARTESIAN_POINT ( 'NONE',  ( 38.00000000000000711, -201.1999999999999886, -4.499999999999990230 ) ) ;
#3694 = FILL_AREA_STYLE ('',( #9591 ) ) ;
#3695 = CIRCLE ( 'NONE', #7220, 22.50000000000000355 ) ;
#3696 = DIRECTION ( 'NONE',  ( -0.000000000000000000, -1.396592535537253342E-14, 1.000000000000000000 ) ) ;
#3697 = CARTESIAN_POINT ( 'NONE',  ( 64.56989347527211009, 47.23059238027839513, -61.00000000000000000 ) ) ;
#3698 = DIRECTION ( 'NONE',  ( 0.000000000000000000, 0.000000000000000000, 1.000000000000000000 ) ) ;
#3699 = CARTESIAN_POINT ( 'NONE',  ( -42.25804758262524530, 20.51784375767984869, 4.551125710562125448 ) ) ;
#3700 = EDGE_LOOP ( 'NONE', ( #8740, #693, #3822, #5572 ) ) ;
#3701 = ORIENTED_EDGE ( 'NONE', *, *, #8521, .F. ) ;
#3702 = EDGE_LOOP ( 'NONE', ( #9374, #6762, #6351, #580, #4821, #2509 ) ) ;
#3703 = DIRECTION ( 'NONE',  ( 0.000000000000000000, 0.000000000000000000, -1.000000000000000000 ) ) ;
#3704 = CYLINDRICAL_SURFACE ( 'NONE', #3348, 16.89999999999999858 ) ;
#3705 = DIRECTION ( 'NONE',  ( 0.000000000000000000, -1.000000000000000000, -6.938893903907228378E-15 ) ) ;
#3706 = EDGE_CURVE ( 'NONE', #5896, #6688, #5361, .T. ) ;
#3707 = FACE_BOUND ( 'NONE', #623, .T. ) ;
#3708 = EDGE_CURVE ( 'NONE', #8847, #8615, #6466, .T. ) ;
#3709 = EDGE_CURVE ( 'NONE', #5730, #3098, #7451, .T. ) ;
#3710 = DIRECTION ( 'NONE',  ( -0.000000000000000000, -1.396592535537253342E-14, 1.000000000000000000 ) ) ;
#3711 = CARTESIAN_POINT ( 'NONE',  ( 38.43811293440706578, -195.3322990978667519, -8.990198382905875363 ) ) ;
#3712 = CARTESIAN_POINT ( 'NONE',  ( -16.89999999999999858, 0.000000000000000000, 41.00000000000000000 ) ) ;
#3713 = ORIENTED_EDGE ( 'NONE', *, *, #9061, .T. ) ;
#3714 = AXIS2_PLACEMENT_3D ( 'NONE', #4994, #8791, #4294 ) ;
#3715 = CARTESIAN_POINT ( 'NONE',  ( -38.00000000000000711, -171.1999999999999886, -1.514518439508615673E-14 ) ) ;
#3716 = CARTESIAN_POINT ( 'NONE',  ( 1.539749897050354256E-14, 44.00000000000095923, -273.9999999999997158 ) ) ;
#3717 = EDGE_CURVE ( 'NONE', #3399, #7633, #1223, .T. ) ;
#3718 = AXIS2_PLACEMENT_3D ( 'NONE', #5800, #5900, #524 ) ;
#3719 = CARTESIAN_POINT ( 'NONE',  ( -35.38462345019671318, 6.767470074049351858, 11.99999999999998579 ) ) ;
#3720 = CARTESIAN_POINT ( 'NONE',  ( 38.00000000000000711, -171.1999999999999886, 8.123104788713554552E-15 ) ) ;
#3721 = VERTEX_POINT ( 'NONE', #4864 ) ;
#3722 = EDGE_LOOP ( 'NONE', ( #6047, #6878, #1942, #6409 ) ) ;
#3723 = CYLINDRICAL_SURFACE ( 'NONE', #1584, 42.50000000000000711 ) ;
#3724 = ADVANCED_FACE ( 'NONE', ( #7914, #4309 ), #6515, .F. ) ;
#3725 = VERTEX_POINT ( 'NONE', #4917 ) ;
#3726 = VECTOR ( 'NONE', #7885, 1000.000000000000000 ) ;
#3727 = CARTESIAN_POINT ( 'NONE',  ( 29.46327251676850878, 11.19057916209782810, -24.00514173334029877 ) ) ;
#3728 = FACE_OUTER_BOUND ( 'NONE', #7143, .T. ) ;
#3729 = PLANE ( 'NONE',  #7453 ) ;
#3730 = SHAPE_DEFINITION_REPRESENTATION ( #5974, #3188 ) ;
#3731 = ORIENTED_EDGE ( 'NONE', *, *, #2780, .F. ) ;
#3732 = CARTESIAN_POINT ( 'NONE',  ( -37.50000000000001421, 15.41602615938556120, 20.00000000000000000 ) ) ;
#3733 = CARTESIAN_POINT ( 'NONE',  ( -39.00000000000000000, 0.000000000000000000, -64.00000000000000000 ) ) ;
#3734 = VERTEX_POINT ( 'NONE', #1125 ) ;
#3735 = EDGE_LOOP ( 'NONE', ( #5932, #223, #7688, #4310, #756 ) ) ;
#3736 = CARTESIAN_POINT ( 'NONE',  ( -2.235768284582281940, 43.76091477133893903, 42.44485407103265118 ) ) ;
#3737 = DIRECTION ( 'NONE',  ( 0.000000000000000000, 0.000000000000000000, 1.000000000000000000 ) ) ;
#3738 = ORIENTED_EDGE ( 'NONE', *, *, #7487, .T. ) ;
#3739 = FACE_OUTER_BOUND ( 'NONE', #499, .T. ) ;
#3740 = SURFACE_SIDE_STYLE ('',( #2941 ) ) ;
#3741 = CARTESIAN_POINT ( 'NONE',  ( 1.539749897050354256E-14, 14.00000000000066436, -230.9999999999998863 ) ) ;
#3742 = CARTESIAN_POINT ( 'NONE',  ( -5.207783158331747764, 48.90178664695257282, 37.64868776383102045 ) ) ;
#3743 = CARTESIAN_POINT ( 'NONE',  ( 1.539749897050354256E-14, -43.99999999999793943, -342.0000000000006253 ) ) ;
#3744 = CARTESIAN_POINT ( 'NONE',  ( 1.907143936794559700E-14, 14.00000000000017231, -159.9999999999999432 ) ) ;
#3745 = CARTESIAN_POINT ( 'NONE',  ( 20.50000000000000355, 0.000000000000000000, 55.99999999999999289 ) ) ;
#3746 = CARTESIAN_POINT ( 'NONE',  ( 24.50244656709702440, -171.1999999999999886, 9.000000000000000000 ) ) ;
#3747 = ORIENTED_EDGE ( 'NONE', *, *, #4479, .F. ) ;
#3748 = ORIENTED_EDGE ( 'NONE', *, *, #893, .F. ) ;
#3749 = ORIENTED_EDGE ( 'NONE', *, *, #4197, .T. ) ;
#3750 = DIRECTION ( 'NONE',  ( -0.000000000000000000, 1.000000000000000000, 0.000000000000000000 ) ) ;
#3751 = CARTESIAN_POINT ( 'NONE',  ( 5.204748896376250896E-15, 90.00000000000000000, 42.50000000000000711 ) ) ;
#3752 = FACE_OUTER_BOUND ( 'NONE', #2823, .T. ) ;
#3753 = CARTESIAN_POINT ( 'NONE',  ( 35.92308074463208811, 2.716313340183646563, -11.96609650565749128 ) ) ;
#3754 = DIRECTION ( 'NONE',  ( 0.000000000000000000, 0.000000000000000000, 1.000000000000000000 ) ) ;
#3755 = DIRECTION ( 'NONE',  ( 0.000000000000000000, 1.000000000000000000, 1.110223024625866357E-14 ) ) ;
#3756 = CARTESIAN_POINT ( 'NONE',  ( -34.83584020179642948, 10.32017447555283773, 24.34589812489311811 ) ) ;
#3757 = DIRECTION ( 'NONE',  ( 1.000000000000000000, 0.000000000000000000, 0.000000000000000000 ) ) ;
#3758 = VERTEX_POINT ( 'NONE', #7962 ) ;
#3759 = ADVANCED_FACE ( 'NONE', ( #1218 ), #283, .F. ) ;
#3760 = EDGE_CURVE ( 'NONE', #9437, #287, #3453, .T. ) ;
#3761 = CIRCLE ( 'NONE', #5977, 80.00000000000000000 ) ;
#3762 = EDGE_CURVE ( 'NONE', #7263, #2349, #4172, .T. ) ;
#3763 = DIRECTION ( 'NONE',  ( 0.000000000000000000, 0.000000000000000000, 1.000000000000000000 ) ) ;
#3764 = CARTESIAN_POINT ( 'NONE',  ( 16.89999999999999858, 27.00000000000000000, -19.00000000000000000 ) ) ;
#3765 = CARTESIAN_POINT ( 'NONE',  ( -35.99999999993860911, -199.8304178125996202, 9.198662110062638675 ) ) ;
#3766 = LINE ( 'NONE', #6152, #4063 ) ;
#3767 = ORIENTED_EDGE ( 'NONE', *, *, #2793, .F. ) ;
#3768 = ORIENTED_EDGE ( 'NONE', *, *, #893, .T. ) ;
#3769 = DIRECTION ( 'NONE',  ( -0.000000000000000000, -1.000000000000000000, -0.000000000000000000 ) ) ;
#3770 = AXIS2_PLACEMENT_3D ( 'NONE', #2266, #4358, #570 ) ;
#3771 = CARTESIAN_POINT ( 'NONE',  ( 4.412865299514346695, 43.32310247883329168, -42.27364733786016870 ) ) ;
#3772 = EDGE_CURVE ( 'NONE', #3183, #1082, #9193, .T. ) ;
#3773 = EDGE_CURVE ( 'NONE', #4048, #4149, #2663, .T. ) ;
#3774 = TOROIDAL_SURFACE ( 'NONE', #2815, 39.00000000000000000, 3.000000000000000000 ) ;
#3775 = CIRCLE ( 'NONE', #3614, 4.999999999997103650 ) ;
#3776 = CYLINDRICAL_SURFACE ( 'NONE', #549, 36.00000000000000000 ) ;
#3777 = CARTESIAN_POINT ( 'NONE',  ( -13.42880574233164914, 16.68094246718899853, 40.32786274767679657 ) ) ;
#3778 = EDGE_CURVE ( 'NONE', #6381, #1557, #3324, .T. ) ;
#3779 = SURFACE_STYLE_FILL_AREA ( #1487 ) ;
#3780 = VECTOR ( 'NONE', #5289, 1000.000000000000000 ) ;
#3781 = ITEM_DEFINED_TRANSFORMATION ( 'NONE', 'NONE', #2675,  #2024 ) ;
#3782 = ORIENTED_EDGE ( 'NONE', *, *, #7877, .T. ) ;
#3783 = CARTESIAN_POINT ( 'NONE',  ( 0.000000000000000000, 0.000000000000000000, 17.99999999999999645 ) ) ;
#3784 = EDGE_LOOP ( 'NONE', ( #7840, #1986, #6394, #889, #1622 ) ) ;
#3785 = STYLED_ITEM ( 'NONE', ( #3329 ), #3234 ) ;
#3786 = AXIS2_PLACEMENT_3D ( 'NONE', #6417, #3416, #5660 ) ;
#3787 = VERTEX_POINT ( 'NONE', #1928 ) ;
#3788 = LINE ( 'NONE', #9818, #3469 ) ;
#3789 = CARTESIAN_POINT ( 'NONE',  ( 30.58881743660583297, 13.32857542894197600, 22.54849862006556904 ) ) ;
#3790 = VECTOR ( 'NONE', #8473, 1000.000000000000000 ) ;
#3791 = EDGE_LOOP ( 'NONE', ( #6410, #6975, #317, #7794 ) ) ;
#3792 =( NAMED_UNIT ( * ) SI_UNIT ( $, .STERADIAN. ) SOLID_ANGLE_UNIT ( ) );
#3793 = AXIS2_PLACEMENT_3D ( 'NONE', #356, #8684, #3391 ) ;
#3794 = CARTESIAN_POINT ( 'NONE',  ( -29.18878273068382967, 10.37557696029271348, -24.33246394046443584 ) ) ;
#3795 = AXIS2_PLACEMENT_3D ( 'NONE', #8551, #1730, #4762 ) ;
#3796 = CARTESIAN_POINT ( 'NONE',  ( 27.00000000000001421, -44.00000000000000000, -3.000000000000002665 ) ) ;
#3797 = DIRECTION ( 'NONE',  ( -0.000000000000000000, -1.000000000000000000, -0.000000000000000000 ) ) ;
#3798 = CARTESIAN_POINT ( 'NONE',  ( 16.89999999999999858, 27.00000000000000000, 19.00000000000000000 ) ) ;
#3799 = CARTESIAN_POINT ( 'NONE',  ( 7.999999999999996447, -145.5999999999999659, 4.999999999999999112 ) ) ;
#3800 = AXIS2_PLACEMENT_3D ( 'NONE', #4659, #5354, #8560 ) ;
#3801 = CARTESIAN_POINT ( 'NONE',  ( -64.56989347527211009, 47.23059238028129414, -402.9999999999993747 ) ) ;
#3802 = CARTESIAN_POINT ( 'NONE',  ( 24.91987158875422637, -171.1999999999999886, 9.000000000000003553 ) ) ;
#3803 = ORIENTED_EDGE ( 'NONE', *, *, #723, .T. ) ;
#3804 = ORIENTED_EDGE ( 'NONE', *, *, #8285, .T. ) ;
#3805 = CIRCLE ( 'NONE', #3608, 4.999999999998033573 ) ;
#3806 = EDGE_LOOP ( 'NONE', ( #3300, #1646, #7136, #5847 ) ) ;
#3807 = FILL_AREA_STYLE ('',( #4593 ) ) ;
#3808 = DIRECTION ( 'NONE',  ( 1.000000000000000000, 0.000000000000000000, -0.000000000000000000 ) ) ;
#3809 = CARTESIAN_POINT ( 'NONE',  ( 38.25123110766364931, 7.324355332767233939, -8.999999999999991118 ) ) ;
#3810 = LINE ( 'NONE', #6914, #4644 ) ;
#3811 = CYLINDRICAL_SURFACE ( 'NONE', #3966, 80.00000000000000000 ) ;
#3812 = DIRECTION ( 'NONE',  ( 0.05233595624294396648, -0.9986295347545739443, 0.000000000000000000 ) ) ;
#3813 = FACE_OUTER_BOUND ( 'NONE', #6067, .T. ) ;
#3814 = AXIS2_PLACEMENT_3D ( 'NONE', #5483, #212, #6078 ) ;
#3815 = ORIENTED_EDGE ( 'NONE', *, *, #546, .T. ) ;
#3816 = AXIS2_PLACEMENT_3D ( 'NONE', #2987, #8227, #9072 ) ;
#3817 = CARTESIAN_POINT ( 'NONE',  ( -7.189262450172941135E-16, 49.50000000000001421, -38.00000000000001421 ) ) ;
#3818 = DIRECTION ( 'NONE',  ( 1.000000000000000000, 0.000000000000000000, 0.000000000000000000 ) ) ;
#3819 = DIRECTION ( 'NONE',  ( -0.000000000000000000, 6.982962677686266711E-15, -1.000000000000000000 ) ) ;
#3820 = EDGE_CURVE ( 'NONE', #6529, #8615, #6494, .T. ) ;
#3821 = DIRECTION ( 'NONE',  ( -1.000000000000000000, 0.000000000000000000, 0.000000000000000000 ) ) ;
#3822 = ORIENTED_EDGE ( 'NONE', *, *, #4494, .F. ) ;
#3823 = EDGE_CURVE ( 'NONE', #697, #4340, #6976, .T. ) ;
#3824 = ORIENTED_EDGE ( 'NONE', *, *, #6143, .T. ) ;
#3825 = AXIS2_PLACEMENT_3D ( 'NONE', #1418, #7553, #2302 ) ;
#3826 = CARTESIAN_POINT ( 'NONE',  ( -38.68759559582433383, 2.941038293923107450, -8.974564642706468476 ) ) ;
#3827 = CARTESIAN_POINT ( 'NONE',  ( -16.02389409877567061, 21.51800143777142793, 39.36611529697606215 ) ) ;
#3828 = CONTEXT_DEPENDENT_SHAPE_REPRESENTATION ( #3273, #5191 ) ;
#3829 = EDGE_CURVE ( 'NONE', #2535, #1907, #1175, .T. ) ;
#3830 = DIRECTION ( 'NONE',  ( 0.000000000000000000, 6.982962677686266711E-15, -1.000000000000000000 ) ) ;
#3831 = ADVANCED_FACE ( 'NONE', ( #9504 ), #7287, .F. ) ;
#3832 = ORIENTED_EDGE ( 'NONE', *, *, #1724, .T. ) ;
#3833 = DIRECTION ( 'NONE',  ( 0.000000000000000000, -0.000000000000000000, 1.000000000000000000 ) ) ;
#3834 = EDGE_CURVE ( 'NONE', #6876, #6442, #2179, .T. ) ;
#3835 = ORIENTED_EDGE ( 'NONE', *, *, #9190, .T. ) ;
#3836 = EDGE_LOOP ( 'NONE', ( #3337, #3525, #839, #7474 ) ) ;
#3837 = AXIS2_PLACEMENT_3D ( 'NONE', #6028, #8233, #4585 ) ;
#3838 = CARTESIAN_POINT ( 'NONE',  ( 39.00000000000000000, 4.776122516674677878E-15, -61.00000000000000000 ) ) ;
#3839 = B_SPLINE_CURVE_WITH_KNOTS ( 'NONE', 3,
 ( #2434, #9110, #7777, #3826, #937, #7574 ),
 .UNSPECIFIED., .F., .F.,
 ( 4, 2, 4 ),
 ( 5.204170427930421283E-18, 0.004403506556374454928, 0.008807013112748904651 ),
 .UNSPECIFIED. ) ;
#3840 = CYLINDRICAL_SURFACE ( 'NONE', #2218, 10.00000000000000000 ) ;
#3841 = EDGE_LOOP ( 'NONE', ( #904, #6489, #1260, #7414 ) ) ;
#3842 =( NAMED_UNIT ( * ) SI_UNIT ( $, .STERADIAN. ) SOLID_ANGLE_UNIT ( ) );
#3843 = CIRCLE ( 'NONE', #9738, 42.50000000000000711 ) ;
#3844 = DIRECTION ( 'NONE',  ( 0.000000000000000000, 0.000000000000000000, -1.000000000000000000 ) ) ;
#3845 = DIRECTION ( 'NONE',  ( -1.000000000000000000, 0.000000000000000000, 0.000000000000000000 ) ) ;
#3846 = DIRECTION ( 'NONE',  ( 0.000000000000000000, 1.000000000000000000, 7.116814260417670090E-15 ) ) ;
#3847 = DIRECTION ( 'NONE',  ( 0.000000000000000000, -6.982962677686266711E-15, 1.000000000000000000 ) ) ;
#3848 = CIRCLE ( 'NONE', #8927, 4.499999999999998224 ) ;
#3849 = AXIS2_PLACEMENT_3D ( 'NONE', #2814, #5760, #5666 ) ;
#3850 = CARTESIAN_POINT ( 'NONE',  ( 0.000000000000000000, 78.39999999999999147, 0.000000000000000000 ) ) ;
#3851 = CARTESIAN_POINT ( 'NONE',  ( 28.61817604250837377, 6.755772121541173014, -25.00000000000000000 ) ) ;
#3852 = CARTESIAN_POINT ( 'NONE',  ( -38.00000000000000000, -95.70788891204318816, -1.514518439508615042E-14 ) ) ;
#3853 = ADVANCED_FACE ( 'NONE', ( #1974 ), #8053, .T. ) ;
#3854 = CARTESIAN_POINT ( 'NONE',  ( -14.93529165062007635, 10.11083375687096364, 34.95968398034165148 ) ) ;
#3855 = ORIENTED_EDGE ( 'NONE', *, *, #4128, .T. ) ;
#3856 = ORIENTED_EDGE ( 'NONE', *, *, #7312, .T. ) ;
#3857 = VECTOR ( 'NONE', #9532, 1000.000000000000000 ) ;
#3858 = EDGE_CURVE ( 'NONE', #489, #5628, #7764, .T. ) ;
#3859 = AXIS2_PLACEMENT_3D ( 'NONE', #5985, #4544, #6809 ) ;
#3860 = EDGE_LOOP ( 'NONE', ( #8857, #6 ) ) ;
#3861 = DIRECTION ( 'NONE',  ( 0.000000000000000000, -6.982962677686266711E-15, 1.000000000000000000 ) ) ;
#3862 = CARTESIAN_POINT ( 'NONE',  ( -38.00000000000000000, 8.774964387392122589, -9.000000000000014211 ) ) ;
#3863 = CARTESIAN_POINT ( 'NONE',  ( 0.000000000000000000, 82.69999999999998863, 0.000000000000000000 ) ) ;
#3864 = CARTESIAN_POINT ( 'NONE',  ( 0.000000000000000000, 0.000000000000000000, -61.00000000000000000 ) ) ;
#3865 = CARTESIAN_POINT ( 'NONE',  ( -38.00000000000000000, 8.774964387392120813, -12.00000000000001776 ) ) ;
#3866 = EDGE_LOOP ( 'NONE', ( #1187, #1649 ) ) ;
#3867 = CARTESIAN_POINT ( 'NONE',  ( 7.999999999999996447, -145.5999999999999659, -5.999999999999999112 ) ) ;
#3868 = DIRECTION ( 'NONE',  ( -0.000000000000000000, 1.000000000000000000, -0.000000000000000000 ) ) ;
#3869 = PRODUCT_DEFINITION ( 'UNKNOWN', '', #4730, #4030 ) ;
#3870 = DIRECTION ( 'NONE',  ( 0.000000000000000000, -1.000000000000000000, -7.195889974422310326E-15 ) ) ;
#3871 = LINE ( 'NONE', #6207, #2680 ) ;
#3872 = FACE_OUTER_BOUND ( 'NONE', #9291, .T. ) ;
#3873 = ORIENTED_EDGE ( 'NONE', *, *, #1998, .F. ) ;
#3874 = VERTEX_POINT ( 'NONE', #5108 ) ;
#3875 = ORIENTED_EDGE ( 'NONE', *, *, #7079, .T. ) ;
#3876 = EDGE_CURVE ( 'NONE', #2373, #3758, #8557, .T. ) ;
#3877 = VECTOR ( 'NONE', #2652, 1000.000000000000000 ) ;
#3878 = CARTESIAN_POINT ( 'NONE',  ( 18.27883381693181875, 40.13984293017320937, 33.31812954496264467 ) ) ;
#3879 = CARTESIAN_POINT ( 'NONE',  ( -7.547041311950980713, 11.83757841771009822, 41.83753322414194287 ) ) ;
#3880 = SHAPE_DEFINITION_REPRESENTATION ( #9521, #3255 ) ;
#3881 = LINE ( 'NONE', #8418, #4112 ) ;
#3882 = ORIENTED_EDGE ( 'NONE', *, *, #1220, .T. ) ;
#3883 = VERTEX_POINT ( 'NONE', #7461 ) ;
#3884 = EDGE_LOOP ( 'NONE', ( #6842, #1732 ) ) ;
#3885 = CARTESIAN_POINT ( 'NONE',  ( 0.000000000000000000, -38.99999999999867839, -324.0000000000005684 ) ) ;
#3886 = DIRECTION ( 'NONE',  ( -0.9588197348681928300, 0.2840153447039234780, 1.983268551957697417E-15 ) ) ;
#3887 = VERTEX_POINT ( 'NONE', #522 ) ;
#3888 = EDGE_CURVE ( 'NONE', #789, #7404, #1321, .T. ) ;
#3889 = AXIS2_PLACEMENT_3D ( 'NONE', #1480, #4512, #773 ) ;
#3890 = ADVANCED_FACE ( 'NONE', ( #5156 ), #3660, .F. ) ;
#3891 = ADVANCED_FACE ( 'NONE', ( #6046 ), #5895, .F. ) ;
#3892 = CARTESIAN_POINT ( 'NONE',  ( -28.84508341260874786, 9.073146825426649187, -24.73839438735295460 ) ) ;
#3893 = CYLINDRICAL_SURFACE ( 'NONE', #8629, 22.50000000000000355 ) ;
#3894 = CARTESIAN_POINT ( 'NONE',  ( 46.49956922558554595, 13.77379991454245811, -212.9999999999998863 ) ) ;
#3895 = ORIENTED_EDGE ( 'NONE', *, *, #7682, .F. ) ;
#3896 = LINE ( 'NONE', #3193, #3143 ) ;
#3897 = DIRECTION ( 'NONE',  ( 0.000000000000000000, 1.000000000000000000, 1.110223024625799620E-14 ) ) ;
#3898 = DIRECTION ( 'NONE',  ( 0.000000000000000000, 0.000000000000000000, 1.000000000000000000 ) ) ;
#3899 = AXIS2_PLACEMENT_3D ( 'NONE', #9290, #6184, #2251 ) ;
#3900 = ORIENTED_EDGE ( 'NONE', *, *, #7223, .T. ) ;
#3901 = EDGE_LOOP ( 'NONE', ( #7956, #1336, #658, #5221 ) ) ;
#3902 = APPLICATION_CONTEXT ( 'automotive_design' ) ;
#3903 = ORIENTED_EDGE ( 'NONE', *, *, #3215, .T. ) ;
#3904 = EDGE_CURVE ( 'NONE', #2437, #6823, #8069, .T. ) ;
#3905 = CARTESIAN_POINT ( 'NONE',  ( 16.95757667148822279, -152.9141158547617465, 9.000000000000000000 ) ) ;
#3906 = CLOSED_SHELL ( 'NONE', ( #6642, #7629, #1586, #8156, #2262, #8385, #4612, #9253, #3970, #2623, #1828, #1072, #6269, #5531, #8, #9571, #1666, #5101, #4992, #7191, #6663, #7445, #730, #1034, #4601, #7381 ) ) ;
#3907 = CARTESIAN_POINT ( 'NONE',  ( 1.539749897050354256E-14, 43.99999999999974420, -98.99999999999972999 ) ) ;
#3908 = DIRECTION ( 'NONE',  ( 0.000000000000000000, 0.000000000000000000, 1.000000000000000000 ) ) ;
#3909 = DIRECTION ( 'NONE',  ( 0.000000000000000000, -0.000000000000000000, -1.000000000000000000 ) ) ;
#3910 = EDGE_CURVE ( 'NONE', #8804, #1752, #2112, .T. ) ;
#3911 = CARTESIAN_POINT ( 'NONE',  ( -13.40034012472110980, 16.68764910654403977, -40.33381028573636229 ) ) ;
#3912 = DIRECTION ( 'NONE',  ( 0.2840153447039234225, -0.9588197348681927190, 0.000000000000000000 ) ) ;
#3913 = CARTESIAN_POINT ( 'NONE',  ( 0.000000000000000000, 78.39999999999999147, 39.50000000000000000 ) ) ;
#3914 = EDGE_LOOP ( 'NONE', ( #9155, #7041, #4138, #7353, #8439 ) ) ;
#3915 = CARTESIAN_POINT ( 'NONE',  ( 8.000000000000010658, -55.59999999999997300, -5.999999999999999112 ) ) ;
#3916 = CARTESIAN_POINT ( 'NONE',  ( 7.000000000000011546, -55.59999999999997300, -5.999999999999999112 ) ) ;
#3917 = DIRECTION ( 'NONE',  ( -1.000000000000000000, 0.000000000000000000, 0.000000000000000000 ) ) ;
#3918 = DIRECTION ( 'NONE',  ( 1.000000000000000000, -8.881784197001247393E-16, 0.000000000000000000 ) ) ;
#3919 = CARTESIAN_POINT ( 'NONE',  ( 0.000000000000000000, 85.00000000000000000, -38.00000000000000711 ) ) ;
#3920 = ORIENTED_EDGE ( 'NONE', *, *, #2743, .T. ) ;
#3921 = DIRECTION ( 'NONE',  ( 1.000000000000000000, 0.000000000000000000, 0.000000000000000000 ) ) ;
#3922 = ORIENTED_EDGE ( 'NONE', *, *, #3284, .T. ) ;
#3923 = EDGE_LOOP ( 'NONE', ( #9534, #9531, #7140, #1361 ) ) ;
#3924 = CARTESIAN_POINT ( 'NONE',  ( -36.54387243975109101, 14.19071077861741692, -21.70066375831249061 ) ) ;
#3925 = AXIS2_PLACEMENT_3D ( 'NONE', #8243, #1317, #2952 ) ;
#3926 = CARTESIAN_POINT ( 'NONE',  ( 16.45131171283123805, 42.36609199069593501, 34.25877846799436099 ) ) ;
#3927 = CARTESIAN_POINT ( 'NONE',  ( -9.878788385206343392, 13.27703804462608517, 41.33856610576107471 ) ) ;
#3928 = CARTESIAN_POINT ( 'NONE',  ( -16.95757667148817660, -152.9141158547616897, 9.000000000000000000 ) ) ;
#3929 = ORIENTED_EDGE ( 'NONE', *, *, #259, .F. ) ;
#3930 = EDGE_LOOP ( 'NONE', ( #9522, #4480, #5910, #5809, #1633, #25 ) ) ;
#3931 = EDGE_LOOP ( 'NONE', ( #534, #5204, #3490, #7379 ) ) ;
#3932 = DIRECTION ( 'NONE',  ( -0.000000000000000000, -1.396592535537253342E-14, 1.000000000000000000 ) ) ;
#3933 = CIRCLE ( 'NONE', #2965, 27.00000000000000000 ) ;
#3934 = CARTESIAN_POINT ( 'NONE',  ( -37.21871564217248363, 20.03353598779737865, -7.679067262416110928 ) ) ;
#3935 = PRODUCT_DEFINITION_FORMATION_WITH_SPECIFIED_SOURCE ( 'ANY', '', #4645, .NOT_KNOWN. ) ;
#3936 = EDGE_LOOP ( 'NONE', ( #3478, #6133 ) ) ;
#3937 = AXIS2_PLACEMENT_3D ( 'NONE', #2474, #1790, #8613 ) ;
#3938 = DIRECTION ( 'NONE',  ( -1.000000000000000000, 0.000000000000000000, -0.000000000000000000 ) ) ;
#3939 = CARTESIAN_POINT ( 'NONE',  ( 1.539749897050354256E-14, 43.99999999999987210, -116.9999999999997158 ) ) ;
#3940 = DIRECTION ( 'NONE',  ( -0.000000000000000000, -0.000000000000000000, 1.000000000000000000 ) ) ;
#3941 =( GEOMETRIC_REPRESENTATION_CONTEXT ( 3 ) GLOBAL_UNCERTAINTY_ASSIGNED_CONTEXT ( ( #4352 ) ) GLOBAL_UNIT_ASSIGNED_CONTEXT ( ( #5367, #833, #8416 ) ) REPRESENTATION_CONTEXT ( 'NONE', 'WORKASPACE' ) );
#3942 = AXIS2_PLACEMENT_3D ( 'NONE', #7869, #3168, #6206 ) ;
#3943 = VERTEX_POINT ( 'NONE', #9649 ) ;
#3944 = DIRECTION ( 'NONE',  ( 0.000000000000000000, -1.000000000000000000, -6.982962677686266711E-15 ) ) ;
#3945 = CARTESIAN_POINT ( 'NONE',  ( -38.89087296526011528, -38.89087296525666915, -441.0000000000005684 ) ) ;
#3946 = CARTESIAN_POINT ( 'NONE',  ( -1.527021992105831671, 4.499999999999995559, 38.00000000000001421 ) ) ;
#3947 = ORIENTED_EDGE ( 'NONE', *, *, #6283, .F. ) ;
#3948 = EDGE_CURVE ( 'NONE', #9162, #4054, #7297, .T. ) ;
#3949 = VERTEX_POINT ( 'NONE', #4502 ) ;
#3950 = AXIS2_PLACEMENT_3D ( 'NONE', #126, #7068, #9145 ) ;
#3951 = EDGE_CURVE ( 'NONE', #3302, #6868, #622, .T. ) ;
#3952 = ORIENTED_EDGE ( 'NONE', *, *, #1386, .F. ) ;
#3953 = DIRECTION ( 'NONE',  ( 0.7808688094430303872, 0.6246950475544242876, 8.911785890782135917E-17 ) ) ;
#3954 = DIRECTION ( 'NONE',  ( 0.000000000000000000, 0.000000000000000000, 1.000000000000000000 ) ) ;
#3955 = ORIENTED_EDGE ( 'NONE', *, *, #2310, .F. ) ;
#3956 = AXIS2_PLACEMENT_3D ( 'NONE', #4239, #9677, #2840 ) ;
#3957 = CARTESIAN_POINT ( 'NONE',  ( 17.85219876321209398, 13.28608188554403391, -33.54944114067525618 ) ) ;
#3958 = CARTESIAN_POINT ( 'NONE',  ( -38.25123110766364931, 7.324355332767233939, -9.000000000000014211 ) ) ;
#3959 = VECTOR ( 'NONE', #3830, 1000.000000000000000 ) ;
#3960 = CARTESIAN_POINT ( 'NONE',  ( -20.50000000000000355, 2.510525938252074481E-15, 52.99999999999999289 ) ) ;
#3961 = CARTESIAN_POINT ( 'NONE',  ( 46.49956922558554595, 13.77379991454219343, -174.9999999999999432 ) ) ;
#3962 = CYLINDRICAL_SURFACE ( 'NONE', #1736, 16.89999999999999858 ) ;
#3963 = CYLINDRICAL_SURFACE ( 'NONE', #612, 16.89999999999999858 ) ;
#3964 = CARTESIAN_POINT ( 'NONE',  ( 30.00000000000001421, -43.99999999999999289, -46.00000000000000000 ) ) ;
#3965 = EDGE_CURVE ( 'NONE', #5564, #8333, #6812, .T. ) ;
#3966 = AXIS2_PLACEMENT_3D ( 'NONE', #9143, #124, #8500 ) ;
#3967 = ORIENTED_EDGE ( 'NONE', *, *, #367, .F. ) ;
#3968 = EDGE_CURVE ( 'NONE', #2502, #6480, #2909, .T. ) ;
#3969 = EDGE_CURVE ( 'NONE', #634, #5479, #5368, .T. ) ;
#3970 = ADVANCED_FACE ( 'NONE', ( #5845 ), #5941, .F. ) ;
#3971 = DIRECTION ( 'NONE',  ( 0.000000000000000000, 0.000000000000000000, 1.000000000000000000 ) ) ;
#3972 = AXIS2_PLACEMENT_3D ( 'NONE', #1334, #5171, #4420 ) ;
#3973 = DIRECTION ( 'NONE',  ( 0.000000000000000000, -1.000000000000000000, -1.110223024625593254E-14 ) ) ;
#3974 = DIRECTION ( 'NONE',  ( -0.000000000000000000, -0.000000000000000000, 1.000000000000000000 ) ) ;
#3975 = CARTESIAN_POINT ( 'NONE',  ( 7.999999999999996447, -145.5999999999999659, -8.000000000000000000 ) ) ;
#3976 = VERTEX_POINT ( 'NONE', #8896 ) ;
#3977 = CARTESIAN_POINT ( 'NONE',  ( 1.539749897050354256E-14, 16.99999999999987210, -116.9999999999999147 ) ) ;
#3978 = EDGE_CURVE ( 'NONE', #9215, #6388, #1883, .T. ) ;
#3979 = CIRCLE ( 'NONE', #624, 42.50000000000000711 ) ;
#3980 = EDGE_CURVE ( 'NONE', #6392, #8836, #671, .T. ) ;
#3981 = ORIENTED_EDGE ( 'NONE', *, *, #1023, .T. ) ;
#3982 = TOROIDAL_SURFACE ( 'NONE', #9707, 14.50000000000000533, 3.000000000000000000 ) ;
#3983 = DIRECTION ( 'NONE',  ( 0.000000000000000000, 6.982962677686266711E-15, -1.000000000000000000 ) ) ;
#3984 = CARTESIAN_POINT ( 'NONE',  ( -8.919190210719644796, 0.4674349519468558034, -9.000000000000000000 ) ) ;
#3985 = DIRECTION ( 'NONE',  ( -0.000000000000000000, -6.982962677686266711E-15, 1.000000000000000000 ) ) ;
#3986 = DIRECTION ( 'NONE',  ( 0.000000000000000000, 0.000000000000000000, 1.000000000000000000 ) ) ;
#3987 = CARTESIAN_POINT ( 'NONE',  ( -11.17147012251403382, 39.69291911429233011, -41.00780864617958343 ) ) ;
#3988 = ORIENTED_EDGE ( 'NONE', *, *, #1720, .T. ) ;
#3989 = ORIENTED_EDGE ( 'NONE', *, *, #9451, .F. ) ;
#3990 = ORIENTED_EDGE ( 'NONE', *, *, #3528, .T. ) ;
#3991 = CARTESIAN_POINT ( 'NONE',  ( -16.89999999999999858, 0.000000000000000000, 38.99999999999999289 ) ) ;
#3992 = CARTESIAN_POINT ( 'NONE',  ( -35.96935747195003330, 18.85084205891912745, -12.38119851413849126 ) ) ;
#3993 = ORIENTED_EDGE ( 'NONE', *, *, #1944, .F. ) ;
#3994 = AXIS2_PLACEMENT_3D ( 'NONE', #9342, #7855, #2607 ) ;
#3995 = CARTESIAN_POINT ( 'NONE',  ( -1.910329801890210577E-19, 10.09999999999999964, -42.50000000000000711 ) ) ;
#3996 = CARTESIAN_POINT ( 'NONE',  ( -38.89087296526011528, 33.89087296526553672, -440.9999999999994884 ) ) ;
#3997 = DIRECTION ( 'NONE',  ( 0.000000000000000000, 0.000000000000000000, -1.000000000000000000 ) ) ;
#3998 = DIRECTION ( 'NONE',  ( 0.9820818503191364179, 2.775557561562891351E-17, -0.1884548733085492089 ) ) ;
#3999 = ORIENTED_EDGE ( 'NONE', *, *, #5187, .F. ) ;
#4000 = CIRCLE ( 'NONE', #9573, 39.49999999999999289 ) ;
#4002 = DIRECTION ( 'NONE',  ( 0.000000000000000000, -6.982962677686266711E-15, 1.000000000000000000 ) ) ;
#4001 = VECTOR ( 'NONE', #2753, 1000.000000000000000 ) ;
#4003 = PLANE ( 'NONE',  #8665 ) ;
#4004 = ORIENTED_EDGE ( 'NONE', *, *, #7515, .F. ) ;
#4005 = ORIENTED_EDGE ( 'NONE', *, *, #62, .T. ) ;
#4006 = ORIENTED_EDGE ( 'NONE', *, *, #7271, .F. ) ;
#4007 = FACE_OUTER_BOUND ( 'NONE', #361, .T. ) ;
#4008 = FACE_OUTER_BOUND ( 'NONE', #8018, .T. ) ;
#4009 = ORIENTED_EDGE ( 'NONE', *, *, #1967, .T. ) ;
#4010 = CARTESIAN_POINT ( 'NONE',  ( -38.00000000000000000, -171.1999999999999886, -9.000000000000010658 ) ) ;
#4011 = DIRECTION ( 'NONE',  ( -0.000000000000000000, -1.000000000000000000, -0.000000000000000000 ) ) ;
#4012 = CARTESIAN_POINT ( 'NONE',  ( 27.00000000000001421, -44.00000000000000000, -46.00000000000000000 ) ) ;
#4013 = CARTESIAN_POINT ( 'NONE',  ( -16.76033865791439581, 24.76008679572012383, -39.05566225493212329 ) ) ;
#4014 = TOROIDAL_SURFACE ( 'NONE', #4316, 39.00000000000000000, 3.000000000000000000 ) ;
#4015 = DIRECTION ( 'NONE',  ( -0.000000000000000000, 1.000000000000000000, -0.000000000000000000 ) ) ;
#4016 = PLANE ( 'NONE',  #3950 ) ;
#4017 = ORIENTED_EDGE ( 'NONE', *, *, #7865, .T. ) ;
#4018 = VECTOR ( 'NONE', #9421, 1000.000000000000000 ) ;
#4019 = ADVANCED_FACE ( 'NONE', ( #1473 ), #6761, .F. ) ;
#4020 = EDGE_CURVE ( 'NONE', #8256, #1303, #6140, .T. ) ;
#4021 = FACE_OUTER_BOUND ( 'NONE', #5506, .T. ) ;
#4022 = EDGE_CURVE ( 'NONE', #1082, #4957, #1728, .T. ) ;
#4023 = CIRCLE ( 'NONE', #2238, 4.999999999998790301 ) ;
#4024 = CARTESIAN_POINT ( 'NONE',  ( 34.51751045525493566, -54.22455240933938114, -327.0000000000007958 ) ) ;
#4025 = DIRECTION ( 'NONE',  ( 0.000000000000000000, 0.000000000000000000, -1.000000000000000000 ) ) ;
#4026 = CARTESIAN_POINT ( 'NONE',  ( -7.999999999999989342, -55.60000000000000853, 8.000000000000000000 ) ) ;
#4027 = CARTESIAN_POINT ( 'NONE',  ( 35.96935747195003330, 18.85084205891912745, 12.38119851413849126 ) ) ;
#4028 = ORIENTED_EDGE ( 'NONE', *, *, #9015, .F. ) ;
#4029 = ORIENTED_EDGE ( 'NONE', *, *, #5785, .F. ) ;
#4030 = PRODUCT_DEFINITION_CONTEXT ( 'detailed design', #1681, 'design' ) ;
#4031 = DIRECTION ( 'NONE',  ( -0.000000000000000000, 0.000000000000000000, 1.000000000000000000 ) ) ;
#4032 = ADVANCED_FACE ( 'NONE', ( #9351 ), #5451, .T. ) ;
#4033 = CARTESIAN_POINT ( 'NONE',  ( 1.539749897050354256E-14, 43.99999999999985079, -113.9999999999997158 ) ) ;
#4034 = PRESENTATION_STYLE_ASSIGNMENT (( #994 ) ) ;
#4035 = DIRECTION ( 'NONE',  ( 0.2840153447039234225, -0.9588197348681927190, 0.000000000000000000 ) ) ;
#4036 = ADVANCED_FACE ( 'NONE', ( #919 ), #4016, .F. ) ;
#4037 = DIRECTION ( 'NONE',  ( 0.000000000000000000, -6.982962677686266711E-15, 1.000000000000000000 ) ) ;
#4038 = EDGE_LOOP ( 'NONE', ( #4478, #8420, #7620, #7332 ) ) ;
#4039 = ORIENTED_EDGE ( 'NONE', *, *, #189, .F. ) ;
#4040 = ORIENTED_EDGE ( 'NONE', *, *, #2862, .T. ) ;
#4041 = FACE_OUTER_BOUND ( 'NONE', #3438, .T. ) ;
#4042 = ORIENTED_EDGE ( 'NONE', *, *, #3965, .F. ) ;
#4043 = CIRCLE ( 'NONE', #2275, 14.50000000000000533 ) ;
#4044 = CARTESIAN_POINT ( 'NONE',  ( 7.000000000000010658, -55.59999999999997300, 5.999999999999999112 ) ) ;
#4045 = LINE ( 'NONE', #5381, #4319 ) ;
#4046 = DIRECTION ( 'NONE',  ( 0.000000000000000000, 1.000000000000000000, 0.000000000000000000 ) ) ;
#4047 = DIRECTION ( 'NONE',  ( 1.000000000000000000, 0.000000000000000000, 0.000000000000000000 ) ) ;
#4048 = VERTEX_POINT ( 'NONE', #8605 ) ;
#4049 = FILL_AREA_STYLE ('',( #2646 ) ) ;
#4050 = CIRCLE ( 'NONE', #1976, 39.00000000000000000 ) ;
#4051 = CARTESIAN_POINT ( 'NONE',  ( -22.50000000000000355, 27.00000000000000000, 30.62270399556512501 ) ) ;
#4052 = ORIENTED_EDGE ( 'NONE', *, *, #3411, .F. ) ;
#4053 = ORIENTED_EDGE ( 'NONE', *, *, #7082, .F. ) ;
#4054 = VERTEX_POINT ( 'NONE', #3964 ) ;
#4055 = FACE_OUTER_BOUND ( 'NONE', #59, .T. ) ;
#4056 = CARTESIAN_POINT ( 'NONE',  ( 34.51751045525493566, 54.22455240934231568, -288.9999999999996021 ) ) ;
#4057 = DIRECTION ( 'NONE',  ( 0.000000000000000000, -1.000000000000000000, -6.982962677686266711E-15 ) ) ;
#4058 = AXIS2_PLACEMENT_3D ( 'NONE', #5129, #5225, #2828 ) ;
#4059 = CARTESIAN_POINT ( 'NONE',  ( -36.00000000000000000, -2.443503911417168552E-15, -11.95826074310141607 ) ) ;
#4060 = DIRECTION ( 'NONE',  ( 0.000000000000000000, 1.000000000000000000, 0.000000000000000000 ) ) ;
#4061 = CARTESIAN_POINT ( 'NONE',  ( -29.00000000000000711, 54.40000000000000568, 4.499999999999984013 ) ) ;
#4062 = DIRECTION ( 'NONE',  ( 0.000000000000000000, -1.000000000000000000, -6.938893903907228378E-15 ) ) ;
#4063 = VECTOR ( 'NONE', #4556, 1000.000000000000227 ) ;
#4064 = DIRECTION ( 'NONE',  ( -1.000000000000000000, 0.000000000000000000, 0.000000000000000000 ) ) ;
#4065 = CYLINDRICAL_SURFACE ( 'NONE', #5993, 22.50000000000000355 ) ;
#4066 = VERTEX_POINT ( 'NONE', #230 ) ;
#4067 = DIRECTION ( 'NONE',  ( 1.000000000000000000, 0.000000000000000000, 0.000000000000000000 ) ) ;
#4068 = DIRECTION ( 'NONE',  ( -0.000000000000000000, -0.000000000000000000, -1.000000000000000000 ) ) ;
#4069 = CARTESIAN_POINT ( 'NONE',  ( 0.000000000000000000, 27.00000000000000000, 19.00000000000000000 ) ) ;
#4070 = DIRECTION ( 'NONE',  ( 0.000000000000000000, 1.000000000000000000, 7.195889974422311904E-15 ) ) ;
#4071 = AXIS2_PLACEMENT_3D ( 'NONE', #9525, #8023, #5632 ) ;
#4072 = CARTESIAN_POINT ( 'NONE',  ( -36.00000000000000000, 0.000000000000000000, 11.95826074310138409 ) ) ;
#4073 = EDGE_LOOP ( 'NONE', ( #2741, #4386, #4571, #8238 ) ) ;
#4074 = EDGE_CURVE ( 'NONE', #3441, #6782, #9485, .T. ) ;
#4075 = EDGE_CURVE ( 'NONE', #6104, #2078, #1621, .T. ) ;
#4076 = ORIENTED_EDGE ( 'NONE', *, *, #3888, .F. ) ;
#4077 = CARTESIAN_POINT ( 'NONE',  ( -38.00000000000000711, -201.1999999999999886, -1.514518439508615673E-14 ) ) ;
#4078 = SURFACE_SIDE_STYLE ('',( #6074 ) ) ;
#4079 = DIRECTION ( 'NONE',  ( 1.000000000000000000, 0.000000000000000000, 0.000000000000000000 ) ) ;
#4080 = CARTESIAN_POINT ( 'NONE',  ( 1.907143936794560016E-14, -13.99999999999789679, -345.0000000000001705 ) ) ;
#4081 = DIRECTION ( 'NONE',  ( 0.000000000000000000, 0.000000000000000000, 1.000000000000000000 ) ) ;
#4082 = CARTESIAN_POINT ( 'NONE',  ( -38.00000000000000000, -192.4250356126078714, -9.000000000000010658 ) ) ;
#4083 = ORIENTED_EDGE ( 'NONE', *, *, #3041, .T. ) ;
#4084 = ORIENTED_EDGE ( 'NONE', *, *, #8609, .F. ) ;
#4085 = ADVANCED_FACE ( 'NONE', ( #765 ), #4654, .F. ) ;
#4086 = ORIENTED_EDGE ( 'NONE', *, *, #2729, .F. ) ;
#4087 = ADVANCED_FACE ( 'NONE', ( #3212, #3813 ), #183, .F. ) ;
#4088 = ORIENTED_EDGE ( 'NONE', *, *, #7670, .F. ) ;
#4089 = CIRCLE ( 'NONE', #2490, 40.00000000000000000 ) ;
#4090 = ADVANCED_FACE ( 'NONE', ( #3063 ), #6096, .T. ) ;
#4091 = CARTESIAN_POINT ( 'NONE',  ( 0.000000000000000000, 1.096237002849186125E-12, -292.0000000000000000 ) ) ;
#4092 = FACE_OUTER_BOUND ( 'NONE', #8313, .T. ) ;
#4093 = FACE_BOUND ( 'NONE', #5389, .T. ) ;
#4094 = DIRECTION ( 'NONE',  ( 1.000000000000000000, 0.000000000000000000, 0.000000000000000000 ) ) ;
#4095 = ORIENTED_EDGE ( 'NONE', *, *, #3638, .F. ) ;
#4096 = FILL_AREA_STYLE_COLOUR ( '', #352 ) ;
#4097 = DIRECTION ( 'NONE',  ( 1.000000000000000000, 0.000000000000000000, 0.000000000000000000 ) ) ;
#4098 = VERTEX_POINT ( 'NONE', #3913 ) ;
#4099 = AXIS2_PLACEMENT_3D ( 'NONE', #9125, #7051, #3245 ) ;
#4100 = VERTEX_POINT ( 'NONE', #1731 ) ;
#4101 = EDGE_LOOP ( 'NONE', ( #8020, #6751, #466 ) ) ;
#4102 = CARTESIAN_POINT ( 'NONE',  ( 0.000000000000000000, 90.00000000000000000, -42.50000000000000711 ) ) ;
#4103 = LINE ( 'NONE', #6188, #9547 ) ;
#4104 = AXIS2_PLACEMENT_3D ( 'NONE', #2932, #736, #2980 ) ;
#4105 = DIRECTION ( 'NONE',  ( -0.000000000000000000, -6.982962677686266711E-15, 1.000000000000000000 ) ) ;
#4106 = COLOUR_RGB ( '',0.7921568627450980005, 0.8196078431372548767, 0.9333333333333333481 ) ;
#4107 = AXIS2_PLACEMENT_3D ( 'NONE', #5193, #9081, #2055 ) ;
#4108 = DIRECTION ( 'NONE',  ( 0.000000000000000000, -1.000000000000000000, 0.000000000000000000 ) ) ;
#4109 = CARTESIAN_POINT ( 'NONE',  ( 0.000000000000000000, -201.1999999999999886, 12.00000000000000000 ) ) ;
#4110 = CARTESIAN_POINT ( 'NONE',  ( -21.93588259989761369, -170.2531712170662388, 9.185314602748563928 ) ) ;
#4111 = B_SPLINE_CURVE_WITH_KNOTS ( 'NONE', 3,
 ( #1955, #1153, #4795, #265, #5592, #401 ),
 .UNSPECIFIED., .F., .F.,
 ( 4, 2, 4 ),
 ( 0.000000000000000000, 0.004403506556374454060, 0.008807013112748908121 ),
 .UNSPECIFIED. ) ;
#4112 = VECTOR ( 'NONE', #4035, 1000.000000000000114 ) ;
#4113 = CARTESIAN_POINT ( 'NONE',  ( 38.89087296526011528, -33.89087296525572413, -441.0000000000005116 ) ) ;
#4114 = ORIENTED_EDGE ( 'NONE', *, *, #6881, .T. ) ;
#4115 = VERTEX_POINT ( 'NONE', #2467 ) ;
#4116 =( GEOMETRIC_REPRESENTATION_CONTEXT ( 3 ) GLOBAL_UNCERTAINTY_ASSIGNED_CONTEXT ( ( #2059 ) ) GLOBAL_UNIT_ASSIGNED_CONTEXT ( ( #7692, #795, #9168 ) ) REPRESENTATION_CONTEXT ( 'NONE', 'WORKASPACE' ) );
#4117 = AXIS2_PLACEMENT_3D ( 'NONE', #6664, #568, #763 ) ;
#4118 = AXIS2_PLACEMENT_3D ( 'NONE', #4511, #8304, #9708 ) ;
#4119 = CYLINDRICAL_SURFACE ( 'NONE', #6237, 36.00000000000000000 ) ;
#4120 = TOROIDAL_SURFACE ( 'NONE', #767, 39.00000000000000000, 3.000000000000000000 ) ;
#4121 = CARTESIAN_POINT ( 'NONE',  ( -26.99999999999999645, -201.1999999999999886, 19.00000000000000000 ) ) ;
#4122 = FACE_OUTER_BOUND ( 'NONE', #8266, .T. ) ;
#4123 = CARTESIAN_POINT ( 'NONE',  ( 0.000000000000000000, 1.096237002849186125E-12, -292.0000000000000000 ) ) ;
#4124 = ORIENTED_EDGE ( 'NONE', *, *, #2903, .T. ) ;
#4125 = ORIENTED_EDGE ( 'NONE', *, *, #363, .T. ) ;
#4126 = DIRECTION ( 'NONE',  ( 0.000000000000000000, 0.000000000000000000, 1.000000000000000000 ) ) ;
#4127 = CARTESIAN_POINT ( 'NONE',  ( 12.33518032288893629, 38.56517729689147700, 40.67254922796379191 ) ) ;
#4128 = EDGE_CURVE ( 'NONE', #7722, #5553, #6502, .T. ) ;
#4129 = LINE ( 'NONE', #2633, #26 ) ;
#4130 = DIRECTION ( 'NONE',  ( 0.000000000000000000, 1.000000000000000000, 0.000000000000000000 ) ) ;
#4131 = EDGE_CURVE ( 'NONE', #9, #9306, #1081, .T. ) ;
#4132 = ITEM_DEFINED_TRANSFORMATION ( 'NONE', 'NONE', #1571,  #2024 ) ;
#4133 = DIRECTION ( 'NONE',  ( 0.000000000000000000, -6.982962677686266711E-15, 1.000000000000000000 ) ) ;
#4134 = CARTESIAN_POINT ( 'NONE',  ( 0.000000000000000000, 0.000000000000000000, 15.00000000000000000 ) ) ;
#4135 = EDGE_LOOP ( 'NONE', ( #6504, #4380 ) ) ;
#4136 = ORIENTED_EDGE ( 'NONE', *, *, #2166, .T. ) ;
#4137 = VERTEX_POINT ( 'NONE', #5346 ) ;
#4138 = ORIENTED_EDGE ( 'NONE', *, *, #9795, .T. ) ;
#4139 = EDGE_CURVE ( 'NONE', #9326, #8836, #9032, .T. ) ;
#4140 = EDGE_CURVE ( 'NONE', #8425, #4137, #6917, .T. ) ;
#4141 = DIRECTION ( 'NONE',  ( -0.000000000000000000, -0.000000000000000000, -1.000000000000000000 ) ) ;
#4142 = DIRECTION ( 'NONE',  ( -1.000000000000000000, 0.000000000000000000, 0.000000000000000000 ) ) ;
#4143 = CARTESIAN_POINT ( 'NONE',  ( -36.00000000000000000, 0.000000000000000000, 17.99999999999999645 ) ) ;
#4144 = ADVANCED_FACE ( 'NONE', ( #817 ), #9039, .F. ) ;
#4145 = DIRECTION ( 'NONE',  ( 0.000000000000000000, 0.000000000000000000, 1.000000000000000000 ) ) ;
#4146 = FACE_OUTER_BOUND ( 'NONE', #7005, .T. ) ;
#4147 = ORIENTED_EDGE ( 'NONE', *, *, #3284, .F. ) ;
#4148 = VECTOR ( 'NONE', #1755, 1000.000000000000000 ) ;
#4149 = VERTEX_POINT ( 'NONE', #84 ) ;
#4150 = CARTESIAN_POINT ( 'NONE',  ( 1.657975655542604885E-14, -145.5999999999999943, 5.999999999999999112 ) ) ;
#4151 = LINE ( 'NONE', #7205, #5571 ) ;
#4152 = FACE_OUTER_BOUND ( 'NONE', #7703, .T. ) ;
#4153 = DIRECTION ( 'NONE',  ( -0.000000000000000000, 6.982962677686266711E-15, -1.000000000000000000 ) ) ;
#4154 = LINE ( 'NONE', #3447, #5355 ) ;
#4155 = CIRCLE ( 'NONE', #8919, 22.50000000000000355 ) ;
#4156 = ADVANCED_FACE ( 'NONE', ( #1779 ), #4065, .T. ) ;
#4157 = DIRECTION ( 'NONE',  ( 0.000000000000000000, 1.396592535537253342E-14, -1.000000000000000000 ) ) ;
#4158 = DIRECTION ( 'NONE',  ( 0.000000000000000000, 1.000000000000000000, 1.110223024625593254E-14 ) ) ;
#4159 = CIRCLE ( 'NONE', #1128, 36.00000000000000000 ) ;
#4160 = ORIENTED_EDGE ( 'NONE', *, *, #4805, .T. ) ;
#4161 = ADVANCED_FACE ( 'NONE', ( #5385 ), #9201, .F. ) ;
#4162 = ORIENTED_EDGE ( 'NONE', *, *, #8816, .T. ) ;
#4163 = CIRCLE ( 'NONE', #4622, 36.00000000000000000 ) ;
#4164 = CIRCLE ( 'NONE', #5262, 29.99999999999999289 ) ;
#4165 = FACE_OUTER_BOUND ( 'NONE', #5541, .T. ) ;
#4166 = CARTESIAN_POINT ( 'NONE',  ( -16.89999999999999858, 27.00000000000000355, 38.99538434225261341 ) ) ;
#4167 = VECTOR ( 'NONE', #2950, 1000.000000000000000 ) ;
#4168 = AXIS2_PLACEMENT_3D ( 'NONE', #2857, #7086, #2062 ) ;
#4169 = CIRCLE ( 'NONE', #8781, 14.50000000000000533 ) ;
#4170 = CARTESIAN_POINT ( 'NONE',  ( 56.00000000000000000, 32.79999999999998295, 9.000000000000007105 ) ) ;
#4171 = CARTESIAN_POINT ( 'NONE',  ( -21.27062162306075876, 34.37323583772593594, -31.49018998018378213 ) ) ;
#4172 = LINE ( 'NONE', #7173, #1391 ) ;
#4173 = EDGE_LOOP ( 'NONE', ( #3873, #5173, #7705, #6918 ) ) ;
#4174 = MECHANICAL_DESIGN_GEOMETRIC_PRESENTATION_REPRESENTATION (  '', ( #8472 ), #2584 ) ;
#4175 = VERTEX_POINT ( 'NONE', #166 ) ;
#4176 = AXIS2_PLACEMENT_3D ( 'NONE', #9094, #9790, #2156 ) ;
#4177 = FACE_OUTER_BOUND ( 'NONE', #385, .T. ) ;
#4178 = FACE_OUTER_BOUND ( 'NONE', #1080, .T. ) ;
#4179 = CARTESIAN_POINT ( 'NONE',  ( -38.43829896936482271, -195.3339319716639011, 8.990188665593578321 ) ) ;
#4180 = CARTESIAN_POINT ( 'NONE',  ( -16.46227210155530329, 30.86195929424839335, -39.18236484632328143 ) ) ;
#4181 = PLANE ( 'NONE',  #1340 ) ;
#4182 = ORIENTED_EDGE ( 'NONE', *, *, #5118, .F. ) ;
#4183 = ORIENTED_EDGE ( 'NONE', *, *, #4882, .F. ) ;
#4184 = ORIENTED_EDGE ( 'NONE', *, *, #1727, .F. ) ;
#4185 = EDGE_LOOP ( 'NONE', ( #49, #73, #9794, #5595 ) ) ;
#4186 = DIRECTION ( 'NONE',  ( 0.000000000000000000, 0.000000000000000000, 1.000000000000000000 ) ) ;
#4187 = DIRECTION ( 'NONE',  ( 0.000000000000000000, 6.982962677686266711E-15, -1.000000000000000000 ) ) ;
#4188 = DIRECTION ( 'NONE',  ( 0.000000000000000000, 0.000000000000000000, -1.000000000000000000 ) ) ;
#4189 = DIRECTION ( 'NONE',  ( 0.9845778855780491501, 2.134063909670278128E-16, -0.1749468125764460369 ) ) ;
#4190 = VERTEX_POINT ( 'NONE', #3851 ) ;
#4191 = CARTESIAN_POINT ( 'NONE',  ( 0.000000000000000000, 66.79999999999999716, 0.000000000000000000 ) ) ;
#4192 = CARTESIAN_POINT ( 'NONE',  ( -22.42333047020683523, 25.10659645407466201, 30.67892497752260894 ) ) ;
#4193 = ORIENTED_EDGE ( 'NONE', *, *, #4074, .T. ) ;
#4194 = ORIENTED_EDGE ( 'NONE', *, *, #2257, .F. ) ;
#4195 = EDGE_CURVE ( 'NONE', #5179, #9676, #7745, .T. ) ;
#4196 = DIRECTION ( 'NONE',  ( 0.2840153447039234225, -0.9588197348681927190, 0.000000000000000000 ) ) ;
#4197 = EDGE_CURVE ( 'NONE', #6213, #1595, #8080, .T. ) ;
#4198 = CYLINDRICAL_SURFACE ( 'NONE', #8606, 36.00000000000000000 ) ;
#4199 = EDGE_CURVE ( 'NONE', #1289, #8165, #6984, .T. ) ;
#4200 = DIRECTION ( 'NONE',  ( -0.000000000000000000, 1.000000000000000000, -0.000000000000000000 ) ) ;
#4201 = CARTESIAN_POINT ( 'NONE',  ( -64.56989347527211009, 47.23059238028023543, -326.9999999999993747 ) ) ;
#4202 = LINE ( 'NONE', #5041, #741 ) ;
#4203 = AXIS2_PLACEMENT_3D ( 'NONE', #5646, #8876, #1203 ) ;
#4204 = DIRECTION ( 'NONE',  ( 0.9588197348681928300, 0.2840153447039234780, -0.000000000000000000 ) ) ;
#4205 = CARTESIAN_POINT ( 'NONE',  ( 35.07692307692307310, -193.1000328731765023, 12.00000000000000888 ) ) ;
#4206 = EDGE_LOOP ( 'NONE', ( #8319, #8219, #2388, #7748, #6977, #6476 ) ) ;
#4207 = ORIENTED_EDGE ( 'NONE', *, *, #599, .T. ) ;
#4208 = EDGE_CURVE ( 'NONE', #6888, #4536, #3896, .T. ) ;
#4209 = VECTOR ( 'NONE', #7279, 1000.000000000000000 ) ;
#4210 = EDGE_CURVE ( 'NONE', #1289, #8735, #7000, .T. ) ;
#4211 = CARTESIAN_POINT ( 'NONE',  ( 8.962114454244419548, 41.33849268997415294, 41.54695376217366487 ) ) ;
#4212 = DIRECTION ( 'NONE',  ( 1.000000000000000000, 0.000000000000000000, 0.000000000000000000 ) ) ;
#4213 = CARTESIAN_POINT ( 'NONE',  ( -1.910329801890210577E-19, 10.09999999999999964, -42.50000000000000711 ) ) ;
#4214 = CARTESIAN_POINT ( 'NONE',  ( -21.97319628634809874, 31.85474263041061960, -31.00301655737916917 ) ) ;
#4215 = DIRECTION ( 'NONE',  ( -1.000000000000000000, 2.081668171172168908E-15, -1.734723475976807341E-16 ) ) ;
#4216 = B_SPLINE_CURVE_WITH_KNOTS ( 'NONE', 3,
 ( #9218, #1640, #8361, #3229, #5468, #8415, #4669, #3879, #883, #3927, #6274, #3179, #6219, #1534, #3777, #9270, #4565, #7628, #832, #3827, #4617, #6883, #51, #8519, #1694, #7778 ),
 .UNSPECIFIED., .F., .F.,
 ( 4, 2, 2, 2, 2, 2, 2, 2, 2, 2, 2, 2, 4 ),
 ( 0.02670478826701190925, 0.02837275643092879163, 0.03004072459484567054, 0.03337666092267943529, 0.03671259725051319311, 0.03838056541443007202, 0.04004853357834695093, 0.04338446990618070875, 0.04505243807009758766, 0.04672040623401445963, 0.05005634256184820358, 0.05172431072576508249, 0.05339227888968196833 ),
 .UNSPECIFIED. ) ;
#4217 = ORIENTED_EDGE ( 'NONE', *, *, #7311, .F. ) ;
#4218 = AXIS2_PLACEMENT_3D ( 'NONE', #5181, #3488, #6686 ) ;
#4219 = PRODUCT_DEFINITION_SHAPE ( 'NONE', 'NONE',  #9843 ) ;
#4220 = VERTEX_POINT ( 'NONE', #1605 ) ;
#4221 = CYLINDRICAL_SURFACE ( 'NONE', #1338, 36.00000000000000000 ) ;
#4222 = FACE_OUTER_BOUND ( 'NONE', #3266, .T. ) ;
#4223 = TOROIDAL_SURFACE ( 'NONE', #6775, 20.50000000000000355, 3.000000000000000000 ) ;
#4224 = CARTESIAN_POINT ( 'NONE',  ( -26.99999999999998579, -43.99999999999761258, -385.0000000000006253 ) ) ;
#4225 = DIRECTION ( 'NONE',  ( 0.000000000000000000, -6.982962677686266711E-15, 1.000000000000000000 ) ) ;
#4226 = CARTESIAN_POINT ( 'NONE',  ( 35.38462345019671318, 6.767470074049351858, -11.99999999999999112 ) ) ;
#4227 = VERTEX_POINT ( 'NONE', #1457 ) ;
#4228 = VERTEX_POINT ( 'NONE', #3744 ) ;
#4229 = ORIENTED_EDGE ( 'NONE', *, *, #6940, .F. ) ;
#4230 = CARTESIAN_POINT ( 'NONE',  ( 26.99999999999999645, -201.1999999999999886, 19.00000000000000000 ) ) ;
#4231 = CARTESIAN_POINT ( 'NONE',  ( -26.99999999999998579, 44.00000000000080291, -230.9999999999996874 ) ) ;
#4232 = APPLICATION_CONTEXT ( 'automotive_design' ) ;
#4233 = CARTESIAN_POINT ( 'NONE',  ( 24.73913988196212088, 57.80868809443030898, 8.999999999999998224 ) ) ;
#4234 = CYLINDRICAL_SURFACE ( 'NONE', #1040, 8.000000000000000000 ) ;
#4235 = CARTESIAN_POINT ( 'NONE',  ( -21.60166559828553190, 20.69467435522025411, -31.26317272851378348 ) ) ;
#4236 = CARTESIAN_POINT ( 'NONE',  ( 0.000000000000000000, 0.000000000000000000, -39.49999999999999289 ) ) ;
#4237 = ORIENTED_EDGE ( 'NONE', *, *, #1516, .T. ) ;
#4238 = ORIENTED_EDGE ( 'NONE', *, *, #3226, .T. ) ;
#4239 = CARTESIAN_POINT ( 'NONE',  ( 0.000000000000000000, 0.000000000000000000, 0.000000000000000000 ) ) ;
#4240 = AXIS2_PLACEMENT_3D ( 'NONE', #8939, #8289, #3808 ) ;
#4241 = DIRECTION ( 'NONE',  ( 0.000000000000000000, 1.000000000000000000, 0.000000000000000000 ) ) ;
#4242 = CARTESIAN_POINT ( 'NONE',  ( 46.99999999999999289, 40.00000000000000000, -4.499999999999989342 ) ) ;
#4243 = DIRECTION ( 'NONE',  ( -0.000000000000000000, -0.000000000000000000, 1.000000000000000000 ) ) ;
#4244 = CARTESIAN_POINT ( 'NONE',  ( -20.16553298119650250, 37.08696644785207042, 32.21508926301953579 ) ) ;
#4245 = CARTESIAN_POINT ( 'NONE',  ( 1.539749897050354256E-14, 44.00000000000093792, -270.9999999999996589 ) ) ;
#4246 = ADVANCED_FACE ( 'NONE', ( #9127 ), #4489, .T. ) ;
#4247 = EDGE_CURVE ( 'NONE', #8628, #4048, #6030, .T. ) ;
#4248 = CARTESIAN_POINT ( 'NONE',  ( -1.111220732892728602, 10.12736056478121327, -42.48909760313316042 ) ) ;
#4249 = ORIENTED_EDGE ( 'NONE', *, *, #3046, .F. ) ;
#4250 = AXIS2_PLACEMENT_3D ( 'NONE', #5992, #2069, #3557 ) ;
#4251 = ORIENTED_EDGE ( 'NONE', *, *, #4550, .T. ) ;
#4252 = CIRCLE ( 'NONE', #4561, 42.50000000000000711 ) ;
#4253 = AXIS2_PLACEMENT_3D ( 'NONE', #2500, #8588, #5543 ) ;
#4254 = CARTESIAN_POINT ( 'NONE',  ( 38.94869322905375952, 16.98010561487541281, -17.09184633292326438 ) ) ;
#4255 = AXIS2_PLACEMENT_3D ( 'NONE', #8989, #8295, #9097 ) ;
#4256 = CARTESIAN_POINT ( 'NONE',  ( 1.539749897050354256E-14, -44.00000000000000000, 15.00000000000000000 ) ) ;
#4257 = DIRECTION ( 'NONE',  ( 0.000000000000000000, 1.000000000000000000, 1.396592535537253342E-14 ) ) ;
#4258 = EDGE_CURVE ( 'NONE', #1126, #6266, #3313, .T. ) ;
#4259 = EDGE_CURVE ( 'NONE', #169, #24, #6126, .T. ) ;
#4260 = DIRECTION ( 'NONE',  ( -0.000000000000000000, -1.000000000000000000, -0.000000000000000000 ) ) ;
#4261 = CARTESIAN_POINT ( 'NONE',  ( -26.99999999999998579, -44.00000000000000000, -3.000000000000002665 ) ) ;
#4262 = CARTESIAN_POINT ( 'NONE',  ( 0.000000000000000000, 78.39999999999999147, 0.000000000000000000 ) ) ;
#4263 =( GEOMETRIC_REPRESENTATION_CONTEXT ( 3 ) GLOBAL_UNCERTAINTY_ASSIGNED_CONTEXT ( ( #5837 ) ) GLOBAL_UNIT_ASSIGNED_CONTEXT ( ( #8230, #6692, #5039 ) ) REPRESENTATION_CONTEXT ( 'NONE', 'WORKASPACE' ) );
#4264 = CIRCLE ( 'NONE', #3623, 36.00000000000000000 ) ;
#4265 = ORIENTED_EDGE ( 'NONE', *, *, #2053, .F. ) ;
#4266 = B_SPLINE_CURVE_WITH_KNOTS ( 'NONE', 3,
 ( #4416, #7421, #6675, #5762, #8113, #2870, #9761, #3670, #3566, #5215, #5906, #4323, #5805, #1430, #8956, #2727 ),
 .UNSPECIFIED., .F., .F.,
 ( 4, 2, 2, 2, 2, 2, 2, 4 ),
 ( 3.878959614448864246E-18, 0.002744704184498291798, 0.004117056276747433144, 0.005489408368996575791, 0.006861760461245717570, 0.007547936507370287158, 0.008234112553494855880, 0.01097881673799313076 ),
 .UNSPECIFIED. ) ;
#4267 = AXIS2_PLACEMENT_3D ( 'NONE', #3113, #139, #6053 ) ;
#4268 = SHAPE_REPRESENTATION ( '4 Cylinder Engine', ( #2333, #6988, #2675, #8248, #9529, #4269, #1244, #2832, #3320, #2041, #7623, #8889, #3793, #5688, #4580, #5551, #6830, #6357, #301, #2526, #5849, #8410, #1571, #8092, #7160, #9376, #766, #8576, #5069, #6336 ), #6649 ) ;
#4269 = AXIS2_PLACEMENT_3D ( 'NONE', #7941, #953, #5538 ) ;
#4270 = CARTESIAN_POINT ( 'NONE',  ( -35.99999999999999289, 1.367562764689254751, -11.95826074310141252 ) ) ;
#4271 = CARTESIAN_POINT ( 'NONE',  ( -8.999999999999991118, -55.60000000000000853, -8.000000000000000000 ) ) ;
#4272 = CARTESIAN_POINT ( 'NONE',  ( -21.16049240559684463, -168.7874508811446788, -9.000000000000000000 ) ) ;
#4273 = AXIS2_PLACEMENT_3D ( 'NONE', #8008, #2529, #5567 ) ;
#4274 = EDGE_CURVE ( 'NONE', #3363, #55, #5057, .T. ) ;
#4275 = DIRECTION ( 'NONE',  ( 0.000000000000000000, 0.000000000000000000, 1.000000000000000000 ) ) ;
#4276 = CARTESIAN_POINT ( 'NONE',  ( 1.539749897050354256E-14, 44.00000000000017053, -159.9999999999997158 ) ) ;
#4277 = EDGE_LOOP ( 'NONE', ( #660, #3749 ) ) ;
#4278 = ORIENTED_EDGE ( 'NONE', *, *, #6757, .T. ) ;
#4279 = EDGE_LOOP ( 'NONE', ( #8271, #5623, #9395, #1714, #957 ) ) ;
#4280 = VECTOR ( 'NONE', #3595, 1000.000000000000000 ) ;
#4281 = EDGE_LOOP ( 'NONE', ( #300, #5127, #6382, #5065, #7116 ) ) ;
#4282 = CARTESIAN_POINT ( 'NONE',  ( 13.72867865038630519, 17.12902064780755040, 40.22286486063308075 ) ) ;
#4283 = CARTESIAN_POINT ( 'NONE',  ( 11.38463148945828074, 7.539107960873392855, 36.27672130763452429 ) ) ;
#4284 = CARTESIAN_POINT ( 'NONE',  ( 1.539749897050354256E-14, -44.00000000000000000, -61.00000000000000000 ) ) ;
#4285 = CARTESIAN_POINT ( 'NONE',  ( -1.016948198498635234E-11, 157.2000000000032003, 204.9999999999988916 ) ) ;
#4286 = ORIENTED_EDGE ( 'NONE', *, *, #5622, .F. ) ;
#4287 = DIRECTION ( 'NONE',  ( 1.000000000000000000, 0.000000000000000000, 0.000000000000000000 ) ) ;
#4288 = CARTESIAN_POINT ( 'NONE',  ( 1.907143936794560016E-14, -13.99999999999793765, -342.0000000000001705 ) ) ;
#4289 = EDGE_LOOP ( 'NONE', ( #959, #4976, #2031, #6300 ) ) ;
#4290 = ORIENTED_EDGE ( 'NONE', *, *, #9695, .T. ) ;
#4291 = LINE ( 'NONE', #1252, #5372 ) ;
#4292 = CARTESIAN_POINT ( 'NONE',  ( 34.36931771216880094, 90.00000000000000000, -25.00000000000000000 ) ) ;
#4293 = AXIS2_PLACEMENT_3D ( 'NONE', #2651, #4241, #1912 ) ;
#4294 = DIRECTION ( 'NONE',  ( 0.000000000000000000, 0.000000000000000000, 1.000000000000000000 ) ) ;
#4295 = VECTOR ( 'NONE', #2164, 1000.000000000000000 ) ;
#4296 = PRODUCT_DEFINITION ( 'UNKNOWN', '', #1229, #7264 ) ;
#4297 = DIRECTION ( 'NONE',  ( -0.000000000000000000, -0.000000000000000000, 1.000000000000000000 ) ) ;
#4298 = CARTESIAN_POINT ( 'NONE',  ( -31.20919935692044689, 14.20696390824577371, 21.68222067966054212 ) ) ;
#4299 = CARTESIAN_POINT ( 'NONE',  ( 38.89087296526011528, -38.89087296525666915, -441.0000000000005684 ) ) ;
#4300 = LINE ( 'NONE', #5096, #9523 ) ;
#4301 = ORIENTED_EDGE ( 'NONE', *, *, #6825, .F. ) ;
#4302 = VERTEX_POINT ( 'NONE', #1501 ) ;
#4303 = AXIS2_PLACEMENT_3D ( 'NONE', #664, #3654, #32 ) ;
#4304 = CARTESIAN_POINT ( 'NONE',  ( 41.82328895880190345, 20.05526521081599256, 7.567150892993743660 ) ) ;
#4305 = DIRECTION ( 'NONE',  ( 0.000000000000000000, -0.000000000000000000, -1.000000000000000000 ) ) ;
#4306 = LINE ( 'NONE', #341, #2587 ) ;
#4307 = CARTESIAN_POINT ( 'NONE',  ( 5.204748896376251685E-15, 4.299999999999999822, 42.50000000000001421 ) ) ;
#4308 = CARTESIAN_POINT ( 'NONE',  ( 0.000000000000000000, 3.449583562777016209E-12, -441.0000000000000000 ) ) ;
#4309 = FACE_OUTER_BOUND ( 'NONE', #1795, .T. ) ;
#4310 = ORIENTED_EDGE ( 'NONE', *, *, #5891, .T. ) ;
#4311 = CIRCLE ( 'NONE', #6216, 39.50000000000000000 ) ;
#4312 = CIRCLE ( 'NONE', #1291, 42.50000000000000711 ) ;
#4313 = ADVANCED_FACE ( 'NONE', ( #4586 ), #4532, .T. ) ;
#4314 = EDGE_CURVE ( 'NONE', #7549, #7887, #5331, .T. ) ;
#4315 = EDGE_CURVE ( 'NONE', #1488, #24, #4418, .T. ) ;
#4316 = AXIS2_PLACEMENT_3D ( 'NONE', #871, #3065, #4603 ) ;
#4317 = CARTESIAN_POINT ( 'NONE',  ( -35.38462345019672028, 6.767470074049351858, -12.00000000000001776 ) ) ;
#4318 = FACE_OUTER_BOUND ( 'NONE', #6019, .T. ) ;
#4319 = VECTOR ( 'NONE', #6178, 1000.000000000000000 ) ;
#4320 = AXIS2_PLACEMENT_3D ( 'NONE', #3716, #6819, #2314 ) ;
#4321 = DIRECTION ( 'NONE',  ( -0.000000000000000000, -6.982962677686266711E-15, 1.000000000000000000 ) ) ;
#4322 = CYLINDRICAL_SURFACE ( 'NONE', #455, 1.000000000000000000 ) ;
#4323 = CARTESIAN_POINT ( 'NONE',  ( 34.72977256839797633, 9.895578596590389964, -24.49696747395734420 ) ) ;
#4324 = VERTEX_POINT ( 'NONE', #2342 ) ;
#4325 = AXIS2_PLACEMENT_3D ( 'NONE', #5775, #5180, #3582 ) ;
#4326 = VERTEX_POINT ( 'NONE', #4638 ) ;
#4327 = EDGE_LOOP ( 'NONE', ( #905, #8969 ) ) ;
#4328 = ORIENTED_EDGE ( 'NONE', *, *, #4540, .T. ) ;
#4329 = AXIS2_PLACEMENT_3D ( 'NONE', #6958, #3312, #4760 ) ;
#4330 = EDGE_CURVE ( 'NONE', #5564, #1286, #7699, .T. ) ;
#4331 = CARTESIAN_POINT ( 'NONE',  ( 7.520846655159848737, 11.82573347327847735, 41.84188847719251925 ) ) ;
#4332 = CARTESIAN_POINT ( 'NONE',  ( 36.73243031067841002, 14.46713570837791174, 21.38052015231716041 ) ) ;
#4333 = EDGE_CURVE ( 'NONE', #4227, #7704, #6182, .T. ) ;
#4334 = DIRECTION ( 'NONE',  ( 1.000000000000000000, 0.000000000000000000, 0.000000000000000000 ) ) ;
#4335 = APPLICATION_PROTOCOL_DEFINITION ( 'draft international standard', 'automotive_design', 1998, #7306 ) ;
#4336 = VECTOR ( 'NONE', #7265, 1000.000000000000227 ) ;
#4337 = ORIENTED_EDGE ( 'NONE', *, *, #6825, .T. ) ;
#4338 = DIRECTION ( 'NONE',  ( -0.000000000000000000, 1.000000000000000000, -0.000000000000000000 ) ) ;
#4339 = CARTESIAN_POINT ( 'NONE',  ( 38.00000000000000000, 60.00000000000000000, 4.500000000000005329 ) ) ;
#4340 = VERTEX_POINT ( 'NONE', #4685 ) ;
#4341 = ORIENTED_EDGE ( 'NONE', *, *, #8274, .F. ) ;
#4342 = CARTESIAN_POINT ( 'NONE',  ( 38.00000000000000000, -296.9078889120432336, 8.999999999999996447 ) ) ;
#4343 = CARTESIAN_POINT ( 'NONE',  ( -38.00000000000000000, 47.19999999999998863, -9.000000000000012434 ) ) ;
#4344 = LINE ( 'NONE', #3354, #1660 ) ;
#4345 = CARTESIAN_POINT ( 'NONE',  ( 0.000000000000000000, 0.000000000000000000, -19.00000000000000000 ) ) ;
#4346 = CARTESIAN_POINT ( 'NONE',  ( 17.50000000000000355, 2.143131898507868643E-15, 55.99999999999999289 ) ) ;
#4347 = CARTESIAN_POINT ( 'NONE',  ( 20.91567205257160467, -168.2829123009146315, 9.000000000000000000 ) ) ;
#4348 = CARTESIAN_POINT ( 'NONE',  ( -41.37728875656488015, 19.58012041949303850, -9.743372019524244365 ) ) ;
#4349 = ORIENTED_EDGE ( 'NONE', *, *, #5560, .T. ) ;
#4350 = ORIENTED_EDGE ( 'NONE', *, *, #9797, .T. ) ;
#4351 = AXIS2_PLACEMENT_3D ( 'NONE', #1908, #4942, #956 ) ;
#4352 = UNCERTAINTY_MEASURE_WITH_UNIT (LENGTH_MEASURE( 1.000000000000000082E-05 ), #5367, 'distance_accuracy_value', 'NONE');
#4353 = CARTESIAN_POINT ( 'NONE',  ( 46.49956922558554595, -13.77379991453984864, -342.0000000000001705 ) ) ;
#4354 = PLANE ( 'NONE',  #4240 ) ;
#4355 = DIRECTION ( 'NONE',  ( -0.000000000000000000, -0.000000000000000000, -1.000000000000000000 ) ) ;
#4356 = LINE ( 'NONE', #8944, #1561 ) ;
#4357 = DIRECTION ( 'NONE',  ( -0.000000000000000000, -0.000000000000000000, 1.000000000000000000 ) ) ;
#4358 = DIRECTION ( 'NONE',  ( -0.000000000000000000, -1.396592535537253342E-14, 1.000000000000000000 ) ) ;
#4359 = ORIENTED_EDGE ( 'NONE', *, *, #3421, .T. ) ;
#4360 = AXIS2_PLACEMENT_3D ( 'NONE', #7776, #7920, #1085 ) ;
#4361 = AXIS2_PLACEMENT_3D ( 'NONE', #680, #6771, #8809 ) ;
#4362 = PLANE ( 'NONE',  #3718 ) ;
#4363 = CARTESIAN_POINT ( 'NONE',  ( 10.60459098999969108, -31.69192769109928420, 9.000000000000000000 ) ) ;
#4364 = DIRECTION ( 'NONE',  ( -0.000000000000000000, -1.396592535537253342E-14, 1.000000000000000000 ) ) ;
#4365 = AXIS2_PLACEMENT_3D ( 'NONE', #2229, #4564, #1485 ) ;
#4366 = DIRECTION ( 'NONE',  ( 0.000000000000000000, 0.000000000000000000, 1.000000000000000000 ) ) ;
#4367 = AXIS2_PLACEMENT_3D ( 'NONE', #7721, #878, #9261 ) ;
#4368 = EDGE_CURVE ( 'NONE', #6843, #8823, #3881, .T. ) ;
#4369 = CARTESIAN_POINT ( 'NONE',  ( 1.539749897050354256E-14, -73.99999999999792522, -342.0000000000010800 ) ) ;
#4370 = ORIENTED_EDGE ( 'NONE', *, *, #3528, .F. ) ;
#4371 = EDGE_CURVE ( 'NONE', #8566, #7188, #7039, .T. ) ;
#4372 = ORIENTED_EDGE ( 'NONE', *, *, #4540, .F. ) ;
#4373 = ORIENTED_EDGE ( 'NONE', *, *, #2495, .F. ) ;
#4374 = ORIENTED_EDGE ( 'NONE', *, *, #8937, .F. ) ;
#4375 = CARTESIAN_POINT ( 'NONE',  ( 16.46026003137248139, 23.12989171235002672, 39.18320945840904557 ) ) ;
#4376 = CARTESIAN_POINT ( 'NONE',  ( 37.49999999999997868, 15.41602615938552390, 20.00000000000006395 ) ) ;
#4377 = FACE_OUTER_BOUND ( 'NONE', #9059, .T. ) ;
#4378 = PRODUCT_CONTEXT ( 'NONE', #7488, 'mechanical' ) ;
#4379 = EDGE_CURVE ( 'NONE', #4175, #171, #9680, .T. ) ;
#4380 = ORIENTED_EDGE ( 'NONE', *, *, #2743, .F. ) ;
#4381 = CARTESIAN_POINT ( 'NONE',  ( -19.44014712769683229, 15.64835886370031659, -32.65341035545828419 ) ) ;
#4382 = ADVANCED_FACE ( 'NONE', ( #6932 ), #2346, .F. ) ;
#4383 = DIRECTION ( 'NONE',  ( 0.000000000000000000, 0.000000000000000000, 1.000000000000000000 ) ) ;
#4384 = ORIENTED_EDGE ( 'NONE', *, *, #6412, .F. ) ;
#4385 = CIRCLE ( 'NONE', #8358, 27.00000000000000355 ) ;
#4386 = ORIENTED_EDGE ( 'NONE', *, *, #8658, .T. ) ;
#4387 = CARTESIAN_POINT ( 'NONE',  ( 0.000000000000000000, 3.407685786710898357E-12, -438.0000000000000000 ) ) ;
#4388 = CARTESIAN_POINT ( 'NONE',  ( 1.106884595926295456E-14, -55.59999999999998010, 8.000000000000000000 ) ) ;
#4389 = ADVANCED_FACE ( 'NONE', ( #886 ), #6112, .F. ) ;
#4390 = DIRECTION ( 'NONE',  ( 0.000000000000000000, -1.000000000000000000, 0.000000000000000000 ) ) ;
#4391 = DIRECTION ( 'NONE',  ( 0.000000000000000000, 0.000000000000000000, 1.000000000000000000 ) ) ;
#4392 = DIRECTION ( 'NONE',  ( -0.000000000000000000, -1.396592535537253342E-14, 1.000000000000000000 ) ) ;
#4393 = CARTESIAN_POINT ( 'NONE',  ( 191.5194180755570699, 0.000000000000000000, -25.00000000000000000 ) ) ;
#4394 = DIRECTION ( 'NONE',  ( -0.7808688094430303872, -0.6246950475544242876, -8.911785890782135917E-17 ) ) ;
#4395 = ORIENTED_EDGE ( 'NONE', *, *, #778, .F. ) ;
#4396 = ORIENTED_EDGE ( 'NONE', *, *, #4491, .F. ) ;
#4397 = AXIS2_PLACEMENT_3D ( 'NONE', #4276, #7327, #1329 ) ;
#4398 = ORIENTED_EDGE ( 'NONE', *, *, #614, .T. ) ;
#4399 = CARTESIAN_POINT ( 'NONE',  ( 35.07692307692307310, 8.099967126823496955, 11.99999999999999645 ) ) ;
#4400 = AXIS2_PLACEMENT_3D ( 'NONE', #5841, #8892, #5103 ) ;
#4401 = CARTESIAN_POINT ( 'NONE',  ( -36.00000000000000000, 0.000000000000000000, 53.00000000000000000 ) ) ;
#4402 = CARTESIAN_POINT ( 'NONE',  ( -6.735557395310464703E-15, -54.99999999999634070, -456.0000000000007958 ) ) ;
#4403 = DIRECTION ( 'NONE',  ( 0.000000000000000000, 1.000000000000000000, 0.000000000000000000 ) ) ;
#4404 = DIRECTION ( 'NONE',  ( 0.000000000000000000, 1.396592535537253342E-14, -1.000000000000000000 ) ) ;
#4405 = DIRECTION ( 'NONE',  ( 0.000000000000000000, 1.000000000000000000, 6.982962677686266711E-15 ) ) ;
#4406 = DIRECTION ( 'NONE',  ( 1.000000000000000000, -0.000000000000000000, -0.000000000000000000 ) ) ;
#4407 = APPLICATION_CONTEXT ( 'automotive_design' ) ;
#4408 = EDGE_LOOP ( 'NONE', ( #144, #8856, #6614, #7637, #5637 ) ) ;
#4409 = CIRCLE ( 'NONE', #4715, 39.00000000000000000 ) ;
#4410 = AXIS2_PLACEMENT_3D ( 'NONE', #1739, #787, #3833 ) ;
#4411 = LINE ( 'NONE', #2071, #8022 ) ;
#4412 = DIRECTION ( 'NONE',  ( 1.000000000000000000, 0.000000000000000000, 0.000000000000000000 ) ) ;
#4413 = DIRECTION ( 'NONE',  ( 1.000000000000000000, 0.000000000000000000, 0.000000000000000000 ) ) ;
#4414 = VECTOR ( 'NONE', #3140, 1000.000000000000227 ) ;
#4415 = CARTESIAN_POINT ( 'NONE',  ( 6.999999999999996447, -145.5999999999999943, 5.999999999999999112 ) ) ;
#4416 = CARTESIAN_POINT ( 'NONE',  ( 37.50000000000001421, 15.41602615938555765, -19.99999999999999645 ) ) ;
#4417 = VERTEX_POINT ( 'NONE', #9372 ) ;
#4418 = CIRCLE ( 'NONE', #133, 8.000000000000000000 ) ;
#4419 = EDGE_LOOP ( 'NONE', ( #6740, #2151, #5675, #8010 ) ) ;
#4420 = DIRECTION ( 'NONE',  ( 0.000000000000000000, 1.000000000000000000, 1.110223024624657980E-14 ) ) ;
#4421 = ORIENTED_EDGE ( 'NONE', *, *, #1945, .T. ) ;
#4422 = AXIS2_PLACEMENT_3D ( 'NONE', #1999, #3541, #6545 ) ;
#4423 = VECTOR ( 'NONE', #9611, 1000.000000000000000 ) ;
#4424 = ADVANCED_FACE ( 'NONE', ( #7087 ), #9220, .T. ) ;
#4425 = CARTESIAN_POINT ( 'NONE',  ( 5.997028898465817548, 11.19023975040834529, 42.07790198938189974 ) ) ;
#4426 = DIRECTION ( 'NONE',  ( -0.000000000000000000, -0.000000000000000000, -1.000000000000000000 ) ) ;
#4427 = CARTESIAN_POINT ( 'NONE',  ( 0.000000000000000000, 71.09999999999999432, 0.000000000000000000 ) ) ;
#4428 = AXIS2_PLACEMENT_3D ( 'NONE', #1422, #9043, #569 ) ;
#4429 = EDGE_LOOP ( 'NONE', ( #8190, #6130 ) ) ;
#4430 = DIRECTION ( 'NONE',  ( 0.000000000000000000, 0.000000000000000000, 1.000000000000000000 ) ) ;
#4431 = CYLINDRICAL_SURFACE ( 'NONE', #2129, 4.999999999998790301 ) ;
#4432 = VERTEX_POINT ( 'NONE', #9161 ) ;
#4433 =( BOUNDED_SURFACE ( )  B_SPLINE_SURFACE ( 3, 2, ( 
 ( #2625, #9410, #5661 ),
 ( #4916, #9604, #2764 ),
 ( #8946, #5796, #3711 ),
 ( #2808, #2956, #5202 ),
 ( #4456, #2214, #5255 ),
 ( #3507, #6567, #5988 ) ),
 .UNSPECIFIED., .F., .F., .T. ) 
 B_SPLINE_SURFACE_WITH_KNOTS ( ( 4, 2, 4 ),
 ( 3, 3 ),
 ( 0.000000000000000000, 0.004411853782887461758, 0.008823707565774923517 ),
 ( 0.000000000000000000, 1.000000000000000000 ),
 .UNSPECIFIED. ) 
 GEOMETRIC_REPRESENTATION_ITEM ( )  RATIONAL_B_SPLINE_SURFACE ( (
 ( 1.000000000000000000, 0.7071067811865467956, 1.000000000000000000),
 ( 1.000000000000000000, 0.7167217121882988318, 1.000000000000000000),
 ( 1.000000000000000000, 0.7239293624834124419, 1.000000000000000000),
 ( 1.000000000000000000, 0.7335575311262179099, 1.000000000000000000),
 ( 1.000000000000000000, 0.7359783963882939872, 1.000000000000000000),
 ( 1.000000000000000000, 0.7359800721939872004, 1.000000000000000000) ) ) 
 REPRESENTATION_ITEM ( '' )  SURFACE ( )  );
#4434 = ORIENTED_EDGE ( 'NONE', *, *, #775, .F. ) ;
#4435 = CARTESIAN_POINT ( 'NONE',  ( -11.16796338886535622, 39.73192069329706300, 41.01446833225437416 ) ) ;
#4436 = DIRECTION ( 'NONE',  ( 1.000000000000000000, 0.000000000000000000, 0.000000000000000000 ) ) ;
#4437 = EDGE_CURVE ( 'NONE', #1047, #9774, #6669, .T. ) ;
#4438 = ADVANCED_FACE ( 'NONE', ( #784 ), #3074, .T. ) ;
#4439 = EDGE_CURVE ( 'NONE', #1049, #1594, #6221, .T. ) ;
#4440 = CYLINDRICAL_SURFACE ( 'NONE', #7238, 40.00000000000000711 ) ;
#4441 = SHAPE_REPRESENTATION_RELATIONSHIP ( 'NONE' , 'NONE' ,  #8339, #3578 ) ;
#4442 = CARTESIAN_POINT ( 'NONE',  ( 61.36970190831377892, 28.50423847334897332, -9.000000000000001776 ) ) ;
#4443 = CYLINDRICAL_SURFACE ( 'NONE', #1384, 27.00000000000000000 ) ;
#4444 = CARTESIAN_POINT ( 'NONE',  ( 16.89999999999999858, 27.00000000000000000, 38.99538434225262051 ) ) ;
#4445 = CARTESIAN_POINT ( 'NONE',  ( -34.51751045525492145, 54.22455240934178988, -212.9999999999996021 ) ) ;
#4446 = VERTEX_POINT ( 'NONE', #7780 ) ;
#4447 = ORIENTED_EDGE ( 'NONE', *, *, #4368, .T. ) ;
#4448 = VECTOR ( 'NONE', #5955, 1000.000000000000000 ) ;
#4449 = ORIENTED_EDGE ( 'NONE', *, *, #8887, .T. ) ;
#4450 = EDGE_CURVE ( 'NONE', #3199, #5334, #6887, .T. ) ;
#4451 = CARTESIAN_POINT ( 'NONE',  ( 35.38462345019672028, 6.767470074049351858, 12.00000000000001243 ) ) ;
#4452 = FACE_OUTER_BOUND ( 'NONE', #5570, .T. ) ;
#4453 = CARTESIAN_POINT ( 'NONE',  ( -39.00000000000000000, 1.291850614124398085E-17, 11.95826074310138232 ) ) ;
#4454 = EDGE_CURVE ( 'NONE', #5248, #1096, #5369, .T. ) ;
#4455 = DIRECTION ( 'NONE',  ( 0.2840153447039234225, 0.9588197348681927190, 6.695402423213631037E-15 ) ) ;
#4456 = CARTESIAN_POINT ( 'NONE',  ( 36.00000000000000000, -199.8391218349300971, -11.95826074310522635 ) ) ;
#4457 = DIRECTION ( 'NONE',  ( 0.000000000000000000, -6.982962677686266711E-15, 1.000000000000000000 ) ) ;
#4458 = EDGE_LOOP ( 'NONE', ( #174, #3349 ) ) ;
#4459 = CIRCLE ( 'NONE', #1923, 27.00000000000000000 ) ;
#4460 = DIRECTION ( 'NONE',  ( 0.000000000000000000, -0.000000000000000000, -1.000000000000000000 ) ) ;
#4461 = CARTESIAN_POINT ( 'NONE',  ( 0.000000000000000000, 27.00000000000000000, -42.50000000000000711 ) ) ;
#4462 = CIRCLE ( 'NONE', #29, 9.000000000000000000 ) ;
#4463 = FACE_OUTER_BOUND ( 'NONE', #6593, .T. ) ;
#4464 = CARTESIAN_POINT ( 'NONE',  ( 1.539749897050354256E-14, 13.99999999999987388, -116.9999999999999289 ) ) ;
#4465 = ORIENTED_EDGE ( 'NONE', *, *, #3834, .T. ) ;
#4466 = EDGE_LOOP ( 'NONE', ( #2477, #1432 ) ) ;
#4467 = ORIENTED_EDGE ( 'NONE', *, *, #7210, .F. ) ;
#4468 = AXIS2_PLACEMENT_3D ( 'NONE', #4681, #895, #7741 ) ;
#4469 = VECTOR ( 'NONE', #2365, 1000.000000000000000 ) ;
#4470 = PRODUCT_DEFINITION_SHAPE ( 'NONE', 'NONE',  #9835 ) ;
#4471 = CARTESIAN_POINT ( 'NONE',  ( -34.36931771216880804, 0.000000000000000000, -25.00000000000000711 ) ) ;
#4472 = CARTESIAN_POINT ( 'NONE',  ( 34.88992150064376574, 10.51684294597050240, 24.26838863017691139 ) ) ;
#4473 =( LENGTH_UNIT ( ) NAMED_UNIT ( * ) SI_UNIT ( .MILLI., .METRE. ) );
#4474 = CIRCLE ( 'NONE', #3523, 42.50000000000001421 ) ;
#4475 = ORIENTED_EDGE ( 'NONE', *, *, #5555, .F. ) ;
#4476 = PLANE ( 'NONE',  #4559 ) ;
#4477 = FACE_BOUND ( 'NONE', #4458, .T. ) ;
#4478 = ORIENTED_EDGE ( 'NONE', *, *, #9501, .F. ) ;
#4479 = EDGE_CURVE ( 'NONE', #3599, #4968, #9048, .T. ) ;
#4480 = ORIENTED_EDGE ( 'NONE', *, *, #5118, .T. ) ;
#4481 = CARTESIAN_POINT ( 'NONE',  ( -13.72835616200997144, 36.87123939587822008, 40.22295963884763381 ) ) ;
#4482 = DIRECTION ( 'NONE',  ( 1.000000000000000000, 0.000000000000000000, 0.000000000000000000 ) ) ;
#4483 = EDGE_LOOP ( 'NONE', ( #9292, #1807, #5735, #3420 ) ) ;
#4484 = DIRECTION ( 'NONE',  ( -0.000000000000000000, -1.396592535537253342E-14, 1.000000000000000000 ) ) ;
#4485 = CIRCLE ( 'NONE', #8150, 3.000000000000000888 ) ;
#4486 = CARTESIAN_POINT ( 'NONE',  ( 1.539749897050354256E-14, 44.00000000000014921, -156.9999999999997158 ) ) ;
#4487 = CARTESIAN_POINT ( 'NONE',  ( -29.46327251676850878, 11.19057916209782810, 24.00514173334029877 ) ) ;
#4488 = CARTESIAN_POINT ( 'NONE',  ( 0.000000000000000000, 0.000000000000000000, 19.00000000000000000 ) ) ;
#4489 = CYLINDRICAL_SURFACE ( 'NONE', #8729, 22.50000000000000355 ) ;
#4490 = FACE_OUTER_BOUND ( 'NONE', #2139, .T. ) ;
#4491 = EDGE_CURVE ( 'NONE', #7669, #5579, #1089, .T. ) ;
#4492 = EDGE_CURVE ( 'NONE', #92, #4866, #2200, .T. ) ;
#4493 = EDGE_LOOP ( 'NONE', ( #706, #9345, #9606, #1573 ) ) ;
#4494 = EDGE_CURVE ( 'NONE', #1988, #8346, #8882, .T. ) ;
#4495 = ORIENTED_EDGE ( 'NONE', *, *, #189, .T. ) ;
#4496 = VERTEX_POINT ( 'NONE', #1937 ) ;
#4497 = DIRECTION ( 'NONE',  ( 1.224646799147353207E-16, 1.000000000000000000, -0.000000000000000000 ) ) ;
#4498 = DIRECTION ( 'NONE',  ( -1.000000000000000000, 0.000000000000000000, 0.000000000000000000 ) ) ;
#4499 = FACE_BOUND ( 'NONE', #1756, .T. ) ;
#4500 = FACE_OUTER_BOUND ( 'NONE', #6789, .T. ) ;
#4501 = CARTESIAN_POINT ( 'NONE',  ( 0.000000000000000000, 0.000000000000000000, 41.00000000000000000 ) ) ;
#4502 = CARTESIAN_POINT ( 'NONE',  ( -38.74999999999999289, 0.000000000000000000, -8.968695557326066492 ) ) ;
#4503 = EDGE_CURVE ( 'NONE', #7919, #7800, #7325, .T. ) ;
#4504 = VERTEX_POINT ( 'NONE', #2725 ) ;
#4505 = EDGE_CURVE ( 'NONE', #4417, #8847, #6002, .T. ) ;
#4506 = VECTOR ( 'NONE', #7725, 1000.000000000000000 ) ;
#4507 = ADVANCED_FACE ( 'NONE', ( #1136 ), #9515, .T. ) ;
#4508 = DIRECTION ( 'NONE',  ( -0.000000000000000000, -1.000000000000000000, -0.000000000000000000 ) ) ;
#4509 = DIRECTION ( 'NONE',  ( 0.000000000000000000, 0.000000000000000000, -1.000000000000000000 ) ) ;
#4510 = AXIS2_PLACEMENT_3D ( 'NONE', #4077, #5714, #2537 ) ;
#4511 = CARTESIAN_POINT ( 'NONE',  ( -7.000000000000003553, -145.5999999999999659, -5.999999999999999112 ) ) ;
#4512 = DIRECTION ( 'NONE',  ( 0.6246950475544243986, -0.7808688094430303872, 0.000000000000000000 ) ) ;
#4513 = ORIENTED_EDGE ( 'NONE', *, *, #6781, .F. ) ;
#4514 = ORIENTED_EDGE ( 'NONE', *, *, #75, .F. ) ;
#4515 = CARTESIAN_POINT ( 'NONE',  ( 0.000000000000000000, 90.00000000000000000, 0.000000000000000000 ) ) ;
#4516 = AXIS2_PLACEMENT_3D ( 'NONE', #5574, #9369, #4079 ) ;
#4517 = AXIS2_PLACEMENT_3D ( 'NONE', #3271, #194, #1791 ) ;
#4518 = FACE_OUTER_BOUND ( 'NONE', #578, .T. ) ;
#4519 = CARTESIAN_POINT ( 'NONE',  ( 46.49956922558554595, 13.77379991454208863, -159.9999999999999147 ) ) ;
#4520 = APPLICATION_PROTOCOL_DEFINITION ( 'draft international standard', 'automotive_design', 1998, #3902 ) ;
#4521 = VERTEX_POINT ( 'NONE', #297 ) ;
#4522 = CARTESIAN_POINT ( 'NONE',  ( 0.000000000000000000, 0.000000000000000000, 0.000000000000000000 ) ) ;
#4523 = ORIENTED_EDGE ( 'NONE', *, *, #9695, .F. ) ;
#4524 = VERTEX_POINT ( 'NONE', #9468 ) ;
#4525 = DIRECTION ( 'NONE',  ( 0.000000000000000000, 1.000000000000000000, 7.401486830834379040E-15 ) ) ;
#4526 = LINE ( 'NONE', #4577, #4602 ) ;
#4527 = ORIENTED_EDGE ( 'NONE', *, *, #5172, .T. ) ;
#4528 = CARTESIAN_POINT ( 'NONE',  ( -29.64746461102429720, 11.57626703964773363, -23.77201966113993592 ) ) ;
#4529 = CARTESIAN_POINT ( 'NONE',  ( 0.000000000000000000, 0.000000000000000000, 0.000000000000000000 ) ) ;
#4530 = CARTESIAN_POINT ( 'NONE',  ( 1.539749897050354256E-14, 44.00000000000066080, -230.9999999999996874 ) ) ;
#4531 = CARTESIAN_POINT ( 'NONE',  ( 24.91987158875422637, -171.1999999999999886, -8.999999999999996447 ) ) ;
#4532 = PLANE ( 'NONE',  #8397 ) ;
#4533 = PLANE ( 'NONE',  #4740 ) ;
#4534 = DIRECTION ( 'NONE',  ( 0.000000000000000000, 1.396592535537253342E-14, -1.000000000000000000 ) ) ;
#4535 = PRODUCT_DEFINITION_SHAPE ( 'NONE', 'NONE',  #9850 ) ;
#4536 = VERTEX_POINT ( 'NONE', #8673 ) ;
#4537 = ORIENTED_EDGE ( 'NONE', *, *, #3174, .T. ) ;
#4538 = VERTEX_POINT ( 'NONE', #3519 ) ;
#4539 = CARTESIAN_POINT ( 'NONE',  ( 38.00000000000000711, -171.1999999999999886, -4.499999999999990230 ) ) ;
#4540 = EDGE_CURVE ( 'NONE', #8239, #7724, #8016, .T. ) ;
#4541 = DIRECTION ( 'NONE',  ( -0.000000000000000000, -1.000000000000000000, -0.000000000000000000 ) ) ;
#4542 = DIRECTION ( 'NONE',  ( 0.000000000000000000, 0.000000000000000000, 1.000000000000000000 ) ) ;
#4543 = EDGE_CURVE ( 'NONE', #8064, #1414, #8719, .T. ) ;
#4544 = DIRECTION ( 'NONE',  ( 0.000000000000000000, 0.000000000000000000, 1.000000000000000000 ) ) ;
#4545 = DIRECTION ( 'NONE',  ( 0.000000000000000000, 1.396592535537253342E-14, -1.000000000000000000 ) ) ;
#4546 = DIRECTION ( 'NONE',  ( 1.000000000000000000, 0.000000000000000000, 0.000000000000000000 ) ) ;
#4547 = CARTESIAN_POINT ( 'NONE',  ( 46.49956922558554595, -13.77379991453899599, -403.0000000000001705 ) ) ;
#4548 = EDGE_LOOP ( 'NONE', ( #611, #6651, #8918, #5763 ) ) ;
#4549 = EDGE_CURVE ( 'NONE', #1595, #8383, #1182, .T. ) ;
#4550 = EDGE_CURVE ( 'NONE', #7320, #7425, #6824, .T. ) ;
#4551 = DIRECTION ( 'NONE',  ( 0.05233595624294396648, -0.9986295347545739443, 0.000000000000000000 ) ) ;
#4552 = FACE_OUTER_BOUND ( 'NONE', #3914, .T. ) ;
#4553 = EDGE_CURVE ( 'NONE', #4692, #55, #2469, .T. ) ;
#4554 = DIRECTION ( 'NONE',  ( 0.000000000000000000, 6.982962677686266711E-15, -1.000000000000000000 ) ) ;
#4555 = TOROIDAL_SURFACE ( 'NONE', #6322, 39.00000000000000000, 3.000000000000000000 ) ;
#4556 = DIRECTION ( 'NONE',  ( -0.2840153447039231449, 0.9588197348681929411, 6.695402423213631826E-15 ) ) ;
#4557 = ORIENTED_EDGE ( 'NONE', *, *, #1466, .T. ) ;
#4558 = ORIENTED_EDGE ( 'NONE', *, *, #4314, .T. ) ;
#4559 = AXIS2_PLACEMENT_3D ( 'NONE', #6841, #7533, #8561 ) ;
#4560 = ORIENTED_EDGE ( 'NONE', *, *, #6259, .F. ) ;
#4561 = AXIS2_PLACEMENT_3D ( 'NONE', #4427, #3121, #3986 ) ;
#4562 = AXIS2_PLACEMENT_3D ( 'NONE', #6262, #5456, #3870 ) ;
#4563 = EDGE_CURVE ( 'NONE', #3606, #515, #1043, .T. ) ;
#4564 = DIRECTION ( 'NONE',  ( -0.000000000000000000, -1.396592535537253342E-14, 1.000000000000000000 ) ) ;
#4565 = CARTESIAN_POINT ( 'NONE',  ( -14.63236724290602986, 18.52598998346122272, 39.90265027429226308 ) ) ;
#4566 = B_SPLINE_CURVE_WITH_KNOTS ( 'NONE', 3,
 ( #5489, #3946, #5291, #9179, #803, #8328, #2344, #5387, #7003, #8434, #3196, #6241, #3854, #8538, #1503, #1713, #4744, #6906, #6033, #3050, #71, #8641, #7201, #314, #6441, #9392, #5544, #4192, #1008, #3345, #8589, #4051 ),
 .UNSPECIFIED., .F., .F.,
 ( 4, 2, 2, 2, 2, 2, 2, 2, 2, 2, 2, 2, 2, 2, 2, 4 ),
 ( 0.1081032058398249118, 0.1125987737586384568, 0.1148465577180452363, 0.1170943416774520018, 0.1193421256368587813, 0.1215899095962655607, 0.1260854775150790918, 0.1283332614744858713, 0.1305810454338926507, 0.1350766133527061819, 0.1362005053324095716, 0.1373243973121129613, 0.1395721812715197130, 0.1418199652309264924, 0.1429438572106298821, 0.1440677491903332719 ),
 .UNSPECIFIED. ) ;
#4567 = AXIS2_PLACEMENT_3D ( 'NONE', #9044, #2215, #5256 ) ;
#4568 = APPLICATION_PROTOCOL_DEFINITION ( 'draft international standard', 'automotive_design', 1998, #4921 ) ;
#4569 = CARTESIAN_POINT ( 'NONE',  ( 0.000000000000000000, 4.299999999999999822, 0.000000000000000000 ) ) ;
#4570 = EDGE_CURVE ( 'NONE', #9475, #1047, #5017, .T. ) ;
#4571 = ORIENTED_EDGE ( 'NONE', *, *, #2968, .T. ) ;
#4572 = CARTESIAN_POINT ( 'NONE',  ( 6.123233995736766282E-16, 60.00000000000365930, -455.9999999999992042 ) ) ;
#4573 = EDGE_LOOP ( 'NONE', ( #7280, #7973 ) ) ;
#4574 = CIRCLE ( 'NONE', #2983, 4.999999999998033573 ) ;
#4575 = ORIENTED_EDGE ( 'NONE', *, *, #9264, .F. ) ;
#4576 = DIRECTION ( 'NONE',  ( 0.000000000000000000, -0.000000000000000000, -1.000000000000000000 ) ) ;
#4577 = CARTESIAN_POINT ( 'NONE',  ( 36.00000000000000000, 0.000000000000000000, 19.00000000000000000 ) ) ;
#4578 = ORIENTED_EDGE ( 'NONE', *, *, #9074, .F. ) ;
#4579 = SHAPE_REPRESENTATION ( '6. Piston Pin', ( #2024 ), #1083 ) ;
#4580 = AXIS2_PLACEMENT_3D ( 'NONE', #214, #311, #4094 ) ;
#4581 = CIRCLE ( 'NONE', #6512, 36.00000000000000000 ) ;
#4582 = CARTESIAN_POINT ( 'NONE',  ( 0.000000000000000000, 2.792303695598926422E-13, -175.0000000000000284 ) ) ;
#4583 = FACE_OUTER_BOUND ( 'NONE', #8758, .T. ) ;
#4584 = CYLINDRICAL_SURFACE ( 'NONE', #426, 36.00000000000000000 ) ;
#4585 = DIRECTION ( 'NONE',  ( 0.000000000000000000, -1.000000000000000000, -1.396592535537253184E-14 ) ) ;
#4586 = FACE_OUTER_BOUND ( 'NONE', #3841, .T. ) ;
#4587 = DIRECTION ( 'NONE',  ( 0.000000000000000000, 1.396592535537253342E-14, -1.000000000000000000 ) ) ;
#4588 = CARTESIAN_POINT ( 'NONE',  ( 34.51751045525493566, 54.22455240934220910, -273.9999999999996589 ) ) ;
#4589 = ORIENTED_EDGE ( 'NONE', *, *, #7419, .T. ) ;
#4590 = ORIENTED_EDGE ( 'NONE', *, *, #7017, .T. ) ;
#4591 = ORIENTED_EDGE ( 'NONE', *, *, #3717, .F. ) ;
#4592 = DIRECTION ( 'NONE',  ( -0.000000000000000000, -1.000000000000000000, -0.000000000000000000 ) ) ;
#4593 = FILL_AREA_STYLE_COLOUR ( '', #3356 ) ;
#4594 = CARTESIAN_POINT ( 'NONE',  ( 0.000000000000000000, -201.1999999999999886, -12.00000000000000000 ) ) ;
#4595 = FACE_BOUND ( 'NONE', #3005, .T. ) ;
#4596 = DIRECTION ( 'NONE',  ( 1.000000000000000000, 0.000000000000000000, 0.000000000000000000 ) ) ;
#4597 = CARTESIAN_POINT ( 'NONE',  ( -35.50655110142719195, 12.26272373800648019, 23.35820586102440899 ) ) ;
#4598 = CARTESIAN_POINT ( 'NONE',  ( 191.5194180755570699, 15.41602615938556653, -20.00000000000000355 ) ) ;
#4599 = CIRCLE ( 'NONE', #2374, 80.00000000000000000 ) ;
#4600 = ORIENTED_EDGE ( 'NONE', *, *, #2312, .F. ) ;
#4601 = ADVANCED_FACE ( 'NONE', ( #7133 ), #1892, .F. ) ;
#4602 = VECTOR ( 'NONE', #1401, 1000.000000000000000 ) ;
#4603 = DIRECTION ( 'NONE',  ( 0.000000000000000000, -1.000000000000000000, -6.982962677686265922E-15 ) ) ;
#4604 = DIRECTION ( 'NONE',  ( -0.000000000000000000, -1.396592535537253342E-14, 1.000000000000000000 ) ) ;
#4605 = FACE_OUTER_BOUND ( 'NONE', #6243, .T. ) ;
#4606 = PLANE ( 'NONE',  #4267 ) ;
#4607 = FACE_BOUND ( 'NONE', #5931, .T. ) ;
#4608 = EDGE_LOOP ( 'NONE', ( #5335, #9713 ) ) ;
#4609 = VECTOR ( 'NONE', #2488, 1000.000000000000000 ) ;
#4610 = ADVANCED_FACE ( 'NONE', ( #6377 ), #7925, .T. ) ;
#4611 = ORIENTED_EDGE ( 'NONE', *, *, #6141, .F. ) ;
#4612 = ADVANCED_FACE ( 'NONE', ( #2964, #2165 ), #1377, .F. ) ;
#4613 = EDGE_CURVE ( 'NONE', #4340, #1716, #8287, .T. ) ;
#4614 = ORIENTED_EDGE ( 'NONE', *, *, #3968, .T. ) ;
#4615 = AXIS2_PLACEMENT_3D ( 'NONE', #1204, #7163, #408 ) ;
#4616 = CARTESIAN_POINT ( 'NONE',  ( 3.023713973569383651, 49.30865901408448337, 37.88696980540284898 ) ) ;
#4617 = CARTESIAN_POINT ( 'NONE',  ( -16.34842567919662315, 22.57315650436400034, 39.23055538956240440 ) ) ;
#4618 = SHAPE_DEFINITION_REPRESENTATION ( #9807, #8339 ) ;
#4619 = CARTESIAN_POINT ( 'NONE',  ( -38.89087296526011528, 33.89087296526574278, -455.9999999999995453 ) ) ;
#4620 = ORIENTED_EDGE ( 'NONE', *, *, #1574, .F. ) ;
#4621 = EDGE_LOOP ( 'NONE', ( #1559, #6337, #8116, #7261 ) ) ;
#4622 = AXIS2_PLACEMENT_3D ( 'NONE', #9170, #6899, #4632 ) ;
#4623 = ORIENTED_EDGE ( 'NONE', *, *, #7001, .F. ) ;
#4624 = AXIS2_PLACEMENT_3D ( 'NONE', #1258, #8747, #9493 ) ;
#4625 = ADVANCED_FACE ( 'NONE', ( #8254 ), #5950, .F. ) ;
#4626 = CARTESIAN_POINT ( 'NONE',  ( -16.76223773991396371, 29.22491834649943243, 39.05484606171179962 ) ) ;
#4627 = DIRECTION ( 'NONE',  ( -0.000000000000000000, -1.396592535537253342E-14, 1.000000000000000000 ) ) ;
#4628 = ORIENTED_EDGE ( 'NONE', *, *, #9337, .F. ) ;
#4629 = EDGE_CURVE ( 'NONE', #3787, #7733, #8408, .T. ) ;
#4630 = AXIS2_PLACEMENT_3D ( 'NONE', #3665, #6722, #8848 ) ;
#4631 = CARTESIAN_POINT ( 'NONE',  ( 28.61817604250837377, 0.000000000000000000, 25.00000000000000000 ) ) ;
#4632 = DIRECTION ( 'NONE',  ( 1.000000000000000000, 0.000000000000000000, 0.000000000000000000 ) ) ;
#4633 = CARTESIAN_POINT ( 'NONE',  ( 16.46042449886788006, 30.87027254254195441, -39.18314363588646643 ) ) ;
#4634 = FACE_OUTER_BOUND ( 'NONE', #5953, .T. ) ;
#4635 = AXIS2_PLACEMENT_3D ( 'NONE', #2337, #3134, #7050 ) ;
#4636 = AXIS2_PLACEMENT_3D ( 'NONE', #2175, #1326, #9152 ) ;
#4637 = CARTESIAN_POINT ( 'NONE',  ( -6.999999999999984013, -145.5999999999999659, -4.999999999999999112 ) ) ;
#4638 = CARTESIAN_POINT ( 'NONE',  ( 32.31098884280703487, 15.41602615938556298, 19.99999999999999645 ) ) ;
#4639 = FACE_BOUND ( 'NONE', #9415, .T. ) ;
#4640 = CARTESIAN_POINT ( 'NONE',  ( 24.09087047684228367, -171.2000000000000171, 9.034956203351338644 ) ) ;
#4641 = ORIENTED_EDGE ( 'NONE', *, *, #8837, .F. ) ;
#4642 = EDGE_LOOP ( 'NONE', ( #8071, #5965, #5231, #6370 ) ) ;
#4643 =( GEOMETRIC_REPRESENTATION_CONTEXT ( 3 ) GLOBAL_UNCERTAINTY_ASSIGNED_CONTEXT ( ( #473 ) ) GLOBAL_UNIT_ASSIGNED_CONTEXT ( ( #7945, #7795, #2554 ) ) REPRESENTATION_CONTEXT ( 'NONE', 'WORKASPACE' ) );
#4644 = VECTOR ( 'NONE', #5300, 1000.000000000000000 ) ;
#4645 = PRODUCT ( '4. Connecting Rod', '4. Connecting Rod', '', ( #8260 ) ) ;
#4646 = EDGE_LOOP ( 'NONE', ( #8395, #2545, #877, #6653 ) ) ;
#4647 = CARTESIAN_POINT ( 'NONE',  ( 38.89087296526012238, 38.89087296526377457, -455.9999999999994884 ) ) ;
#4648 = B_SPLINE_CURVE_WITH_KNOTS ( 'NONE', 3,
 ( #5605, #7907, #4110, #8602, #7165, #8651 ),
 .UNSPECIFIED., .F., .F.,
 ( 4, 2, 4 ),
 ( 0.000000000000000000, 0.001668364605102499445, 0.003336729210204998890 ),
 .UNSPECIFIED. ) ;
#4649 = FILL_AREA_STYLE ('',( #8441 ) ) ;
#4650 = CARTESIAN_POINT ( 'NONE',  ( 0.000000000000000000, 0.000000000000000000, 0.000000000000000000 ) ) ;
#4651 = LINE ( 'NONE', #8548, #6565 ) ;
#4652 = LINE ( 'NONE', #6915, #7951 ) ;
#4653 = CARTESIAN_POINT ( 'NONE',  ( 1.539749897050354256E-14, -43.99999999999789679, -345.0000000000006253 ) ) ;
#4654 = CYLINDRICAL_SURFACE ( 'NONE', #1558, 4.999999999997103650 ) ;
#4655 = VERTEX_POINT ( 'NONE', #2027 ) ;
#4656 = DIRECTION ( 'NONE',  ( -1.224646799147353207E-16, 1.000000000000000000, 0.000000000000000000 ) ) ;
#4657 = DIRECTION ( 'NONE',  ( -1.000000000000000000, 0.000000000000000000, 0.000000000000000000 ) ) ;
#4658 = DIRECTION ( 'NONE',  ( 1.000000000000000000, 1.224646799147353207E-16, 1.710332578358783443E-30 ) ) ;
#4659 = CARTESIAN_POINT ( 'NONE',  ( 0.000000000000000000, 3.659072443107604261E-12, -456.0000000000000000 ) ) ;
#4660 = DIRECTION ( 'NONE',  ( 0.000000000000000000, 1.000000000000000000, 1.110223024625593254E-14 ) ) ;
#4661 = ORIENTED_EDGE ( 'NONE', *, *, #3476, .F. ) ;
#4662 = FACE_OUTER_BOUND ( 'NONE', #7077, .T. ) ;
#4663 = ORIENTED_EDGE ( 'NONE', *, *, #8021, .F. ) ;
#4664 = VERTEX_POINT ( 'NONE', #5073 ) ;
#4665 = CARTESIAN_POINT ( 'NONE',  ( -34.36931771216880094, 6.755772121541200548, -25.00000000000000000 ) ) ;
#4666 = CIRCLE ( 'NONE', #1016, 4.999999999996803446 ) ;
#4667 = ADVANCED_FACE ( 'NONE', ( #528 ), #4322, .F. ) ;
#4668 = CARTESIAN_POINT ( 'NONE',  ( 21.70360051738771290, 32.94508323507279357, 31.19241244432474147 ) ) ;
#4669 = CARTESIAN_POINT ( 'NONE',  ( -5.486496702489367827, 10.97641691952269305, 42.15726951284971591 ) ) ;
#4670 = EDGE_CURVE ( 'NONE', #9181, #9639, #9801, .T. ) ;
#4671 = DIRECTION ( 'NONE',  ( 0.000000000000000000, 6.982962677686266711E-15, -1.000000000000000000 ) ) ;
#4672 = ORIENTED_EDGE ( 'NONE', *, *, #6344, .F. ) ;
#4673 = EDGE_LOOP ( 'NONE', ( #3021, #8167, #4088, #4465, #8368 ) ) ;
#4674 = EDGE_LOOP ( 'NONE', ( #4892, #7089, #9236, #5978 ) ) ;
#4675 = CARTESIAN_POINT ( 'NONE',  ( 0.000000000000000000, 71.09999999999999432, 0.000000000000000000 ) ) ;
#4676 = CARTESIAN_POINT ( 'NONE',  ( -33.15225502384996759, 16.20174071834882312, -18.59102390097199020 ) ) ;
#4677 = VERTEX_POINT ( 'NONE', #6768 ) ;
#4678 = AXIS2_PLACEMENT_3D ( 'NONE', #6738, #1301, #5030 ) ;
#4679 = EDGE_CURVE ( 'NONE', #2649, #7944, #6726, .T. ) ;
#4680 = FACE_OUTER_BOUND ( 'NONE', #6001, .T. ) ;
#4681 = CARTESIAN_POINT ( 'NONE',  ( 0.000000000000000000, 82.69999999999998863, 0.000000000000000000 ) ) ;
#4682 = CARTESIAN_POINT ( 'NONE',  ( 38.00000000000000000, 47.19999999999998863, -8.999999999999992895 ) ) ;
#4683 = ADVANCED_FACE ( 'NONE', ( #4463 ), #7520, .F. ) ;
#4684 = ORIENTED_EDGE ( 'NONE', *, *, #1282, .T. ) ;
#4685 = CARTESIAN_POINT ( 'NONE',  ( -35.07692307692307310, 8.099967126823496955, 11.99999999999998579 ) ) ;
#4686 = CARTESIAN_POINT ( 'NONE',  ( 27.00000000000001421, 44.00000000000017053, -159.9999999999996874 ) ) ;
#4687 = CARTESIAN_POINT ( 'NONE',  ( 1.539749897050354256E-14, -44.00000000000000000, -46.00000000000000000 ) ) ;
#4688 = VERTEX_POINT ( 'NONE', #679 ) ;
#4689 = AXIS2_PLACEMENT_3D ( 'NONE', #3172, #2185, #8265 ) ;
#4690 = ORIENTED_EDGE ( 'NONE', *, *, #9177, .T. ) ;
#4691 = ADVANCED_FACE ( 'NONE', ( #575 ), #6481, .F. ) ;
#4692 = VERTEX_POINT ( 'NONE', #2771 ) ;
#4693 =( LENGTH_UNIT ( ) NAMED_UNIT ( * ) SI_UNIT ( .MILLI., .METRE. ) );
#4694 = DIRECTION ( 'NONE',  ( -1.000000000000000000, 0.000000000000000000, 0.000000000000000000 ) ) ;
#4695 = VERTEX_POINT ( 'NONE', #5804 ) ;
#4696 = CYLINDRICAL_SURFACE ( 'NONE', #6721, 5.000000000002245315 ) ;
#4697 = DIRECTION ( 'NONE',  ( 0.000000000000000000, 0.000000000000000000, 1.000000000000000000 ) ) ;
#4698 = EDGE_CURVE ( 'NONE', #487, #5866, #608, .T. ) ;
#4699 = CARTESIAN_POINT ( 'NONE',  ( 35.07692307692307310, -193.1000328731765023, 12.00000000000000000 ) ) ;
#4700 = DIRECTION ( 'NONE',  ( 0.000000000000000000, -1.000000000000000000, -6.982962677686265922E-15 ) ) ;
#4701 = LINE ( 'NONE', #865, #2833 ) ;
#4702 = CARTESIAN_POINT ( 'NONE',  ( -38.89087296526011528, -38.89087296525645598, -456.0000000000005684 ) ) ;
#4703 = ORIENTED_EDGE ( 'NONE', *, *, #7611, .F. ) ;
#4704 = ADVANCED_FACE ( 'NONE', ( #3018 ), #4606, .T. ) ;
#4705 = CARTESIAN_POINT ( 'NONE',  ( 4.592425496802574367E-15, -35.99999999999703704, -406.0000000000005116 ) ) ;
#4706 = DIRECTION ( 'NONE',  ( 1.000000000000000000, -1.541976423090496126E-16, 0.000000000000000000 ) ) ;
#4707 = LINE ( 'NONE', #3220, #8571 ) ;
#4708 = CARTESIAN_POINT ( 'NONE',  ( 38.89087296526012238, 33.89087296526152926, -455.9999999999995453 ) ) ;
#4709 = ORIENTED_EDGE ( 'NONE', *, *, #75, .T. ) ;
#4710 = CARTESIAN_POINT ( 'NONE',  ( 0.000000000000000000, 1.857468072264547096E-12, -327.0000000000000000 ) ) ;
#4711 = AXIS2_PLACEMENT_3D ( 'NONE', #4913, #4305, #1366 ) ;
#4712 = ORIENTED_EDGE ( 'NONE', *, *, #1407, .T. ) ;
#4713 = DIRECTION ( 'NONE',  ( 0.000000000000000000, 0.000000000000000000, -1.000000000000000000 ) ) ;
#4714 = B_SPLINE_CURVE_WITH_KNOTS ( 'NONE', 3,
 ( #5000, #8042, #1207, #2148, #6796, #6747, #6650, #8280, #7402, #1312, #3699, #6603, #6697, #9689, #9638, #9735, #2898, #8235, #6031, #2846, #703, #7448, #4348, #2946, #1410, #8089, #5929, #2999, #9831, #8978 ),
 .UNSPECIFIED., .F., .F.,
 ( 4, 2, 2, 2, 2, 2, 2, 2, 2, 2, 2, 2, 2, 2, 4 ),
 ( 0.006800335373509387715, 0.01220366941806610289, 0.01490533644034446221, 0.01760700346262281807, 0.02301033750717954712, 0.02436117101831872592, 0.02571200452945790471, 0.02841367155173626230, 0.03381700559629298442, 0.03516783910743216668, 0.03651867261857134200, 0.03922033964084969959, 0.04462367368540640089, 0.04732534070768475848, 0.05002700772996310913 ),
 .UNSPECIFIED. ) ;
#4715 = AXIS2_PLACEMENT_3D ( 'NONE', #1603, #3940, #163 ) ;
#4716 = CARTESIAN_POINT ( 'NONE',  ( 1.520312118243568822, 49.45180211582303542, 37.97147846150689787 ) ) ;
#4717 = CARTESIAN_POINT ( 'NONE',  ( -35.38612840771844503, 6.760952852633841381, 11.99999999927685401 ) ) ;
#4718 =( LENGTH_UNIT ( ) NAMED_UNIT ( * ) SI_UNIT ( .MILLI., .METRE. ) );
#4719 = CONTEXT_DEPENDENT_SHAPE_REPRESENTATION ( #1682, #3573 ) ;
#4720 = CARTESIAN_POINT ( 'NONE',  ( -3.871232707979101573, 43.46000628245817410, -42.32684358785767387 ) ) ;
#4721 = EDGE_LOOP ( 'NONE', ( #5304, #6153 ) ) ;
#4722 = AXIS2_PLACEMENT_3D ( 'NONE', #8365, #1489, #4070 ) ;
#4723 = ORIENTED_EDGE ( 'NONE', *, *, #3080, .T. ) ;
#4724 =( REPRESENTATION_RELATIONSHIP ('NONE','NONE', #4268, #8339 ) REPRESENTATION_RELATIONSHIP_WITH_TRANSFORMATION ( #9272 )SHAPE_REPRESENTATION_RELATIONSHIP( ) );
#4725 = ORIENTED_EDGE ( 'NONE', *, *, #7215, .F. ) ;
#4726 = CARTESIAN_POINT ( 'NONE',  ( 5.204748896376250896E-15, 82.69999999999998863, 42.50000000000000711 ) ) ;
#4727 = AXIS2_PLACEMENT_3D ( 'NONE', #897, #7792, #2338 ) ;
#4728 = CARTESIAN_POINT ( 'NONE',  ( -36.71129967538724514, 19.55274977210659415, -9.851531076019186983 ) ) ;
#4729 = CIRCLE ( 'NONE', #2668, 5.000000000000941469 ) ;
#4730 = PRODUCT_DEFINITION_FORMATION_WITH_SPECIFIED_SOURCE ( 'ANY', '', #6719, .NOT_KNOWN. ) ;
#4731 = ORIENTED_EDGE ( 'NONE', *, *, #7977, .T. ) ;
#4732 = EDGE_CURVE ( 'NONE', #8346, #3622, #2369, .T. ) ;
#4733 = VECTOR ( 'NONE', #6666, 1000.000000000000000 ) ;
#4734 = CARTESIAN_POINT ( 'NONE',  ( -30.58881743660583297, 13.32857542894197600, -22.54849862006556904 ) ) ;
#4735 = DIRECTION ( 'NONE',  ( -0.000000000000000000, 6.982962677686266711E-15, -1.000000000000000000 ) ) ;
#4736 = DIRECTION ( 'NONE',  ( 1.224646799147351975E-16, 1.000000000000000000, 0.000000000000000000 ) ) ;
#4737 = FACE_OUTER_BOUND ( 'NONE', #4173, .T. ) ;
#4738 = CARTESIAN_POINT ( 'NONE',  ( 0.000000000000000000, 0.000000000000000000, 0.000000000000000000 ) ) ;
#4739 = AXIS2_PLACEMENT_3D ( 'NONE', #2929, #5916, #1390 ) ;
#4740 = AXIS2_PLACEMENT_3D ( 'NONE', #1555, #4587, #7644 ) ;
#4741 = ORIENTED_EDGE ( 'NONE', *, *, #6950, .T. ) ;
#4742 = CARTESIAN_POINT ( 'NONE',  ( 38.89087296526012238, 43.89087296526601989, -455.9999999999994316 ) ) ;
#4743 = FACE_OUTER_BOUND ( 'NONE', #4721, .T. ) ;
#4744 = CARTESIAN_POINT ( 'NONE',  ( -18.28383450411389077, 13.86726513857589005, 33.31535941653876165 ) ) ;
#4745 = VERTEX_POINT ( 'NONE', #8508 ) ;
#4746 = EDGE_LOOP ( 'NONE', ( #8784, #8685, #7101, #362 ) ) ;
#4747 = ORIENTED_EDGE ( 'NONE', *, *, #3, .F. ) ;
#4748 = EDGE_CURVE ( 'NONE', #8689, #4521, #7130, .T. ) ;
#4749 = CARTESIAN_POINT ( 'NONE',  ( -6.123233995736924646E-15, -49.99999999999755573, -456.0000000000007390 ) ) ;
#4750 = EDGE_CURVE ( 'NONE', #2334, #3943, #3871, .T. ) ;
#4751 = DIRECTION ( 'NONE',  ( -1.000000000000000000, 0.000000000000000000, 0.000000000000000000 ) ) ;
#4752 = ADVANCED_FACE ( 'NONE', ( #7820 ), #9104, .T. ) ;
#4753 = ORIENTED_EDGE ( 'NONE', *, *, #7395, .F. ) ;
#4754 = CIRCLE ( 'NONE', #7299, 39.50000000000000000 ) ;
#4755 = DIRECTION ( 'NONE',  ( 0.000000000000000000, 1.396592535537253342E-14, -1.000000000000000000 ) ) ;
#4756 = CARTESIAN_POINT ( 'NONE',  ( -35.99999999992328270, 1.369582187388328487, -9.198662110058835495 ) ) ;
#4757 = VECTOR ( 'NONE', #5626, 1000.000000000000000 ) ;
#4758 = DIRECTION ( 'NONE',  ( -1.000000000000000000, 1.541976423090495633E-16, 0.000000000000000000 ) ) ;
#4759 = DIRECTION ( 'NONE',  ( -0.000000000000000000, 1.000000000000000000, 0.000000000000000000 ) ) ;
#4760 = DIRECTION ( 'NONE',  ( 0.000000000000000000, 1.000000000000000000, 6.982962677686265922E-15 ) ) ;
#4761 = CARTESIAN_POINT ( 'NONE',  ( 0.000000000000000000, 5.236340632789118004E-13, -210.0000000000000000 ) ) ;
#4762 = DIRECTION ( 'NONE',  ( 0.000000000000000000, 0.000000000000000000, 1.000000000000000000 ) ) ;
#4763 = CARTESIAN_POINT ( 'NONE',  ( 38.68759559582433383, 2.941038293923106561, 8.974564642706461370 ) ) ;
#4764 = AXIS2_PLACEMENT_3D ( 'NONE', #2068, #3604, #9700 ) ;
#4765 = ORIENTED_EDGE ( 'NONE', *, *, #5046, .F. ) ;
#4766 = ADVANCED_FACE ( 'NONE', ( #9310, #7666 ), #6969, .T. ) ;
#4767 = EDGE_CURVE ( 'NONE', #8297, #8193, #932, .T. ) ;
#4768 = CARTESIAN_POINT ( 'NONE',  ( 5.204748896376251685E-15, 4.299999999999999822, 42.50000000000001421 ) ) ;
#4769 = CIRCLE ( 'NONE', #7814, 39.00000000000000000 ) ;
#4770 = CARTESIAN_POINT ( 'NONE',  ( 0.000000000000000000, 39.00000000000109424, -291.9999999999997158 ) ) ;
#4771 = CARTESIAN_POINT ( 'NONE',  ( 1.539749897050354256E-14, -43.99999999999729283, -388.0000000000006253 ) ) ;
#4772 = FACE_OUTER_BOUND ( 'NONE', #2274, .T. ) ;
#4773 = CARTESIAN_POINT ( 'NONE',  ( 38.00050041491886788, 20.77548540217368256, -0.8864188835099303665 ) ) ;
#4774 = ORIENTED_EDGE ( 'NONE', *, *, #6579, .F. ) ;
#4775 = CIRCLE ( 'NONE', #2858, 27.00000000000000000 ) ;
#4776 = ORIENTED_EDGE ( 'NONE', *, *, #5470, .T. ) ;
#4777 = FACE_OUTER_BOUND ( 'NONE', #9657, .T. ) ;
#4778 = CARTESIAN_POINT ( 'NONE',  ( 20.91567205257160467, -168.2829123009146315, -9.000000000000000000 ) ) ;
#4779 = CARTESIAN_POINT ( 'NONE',  ( -38.89087296526011528, 38.89087296526378168, -455.9999999999994884 ) ) ;
#4780 = CONTEXT_DEPENDENT_SHAPE_REPRESENTATION ( #7684, #9796 ) ;
#4781 = CARTESIAN_POINT ( 'NONE',  ( -4.404892203541475931E-16, 43.89999999999999858, -42.50000000000000711 ) ) ;
#4782 = CARTESIAN_POINT ( 'NONE',  ( 34.36931771216880094, 6.755772121541200548, -25.00000000000000000 ) ) ;
#4783 = VERTEX_POINT ( 'NONE', #5510 ) ;
#4784 = VERTEX_POINT ( 'NONE', #929 ) ;
#4785 = VERTEX_POINT ( 'NONE', #8353 ) ;
#4786 = CYLINDRICAL_SURFACE ( 'NONE', #9714, 22.50000000000000000 ) ;
#4787 = ORIENTED_EDGE ( 'NONE', *, *, #6953, .F. ) ;
#4788 = FACE_OUTER_BOUND ( 'NONE', #8139, .T. ) ;
#4789 = DIRECTION ( 'NONE',  ( -0.000000000000000000, -0.000000000000000000, -1.000000000000000000 ) ) ;
#4790 = LINE ( 'NONE', #2737, #130 ) ;
#4791 = DIRECTION ( 'NONE',  ( 0.9183650514339934956, 9.714451465470119729E-17, -0.3957342950827467121 ) ) ;
#4792 = EDGE_LOOP ( 'NONE', ( #2401, #1656 ) ) ;
#4793 = STYLED_ITEM ( 'NONE', ( #9298 ), #6706 ) ;
#4794 = CARTESIAN_POINT ( 'NONE',  ( 22.50000000000000355, 27.00000000000000000, -500000.0000000000582 ) ) ;
#4795 = CARTESIAN_POINT ( 'NONE',  ( 38.43829896936481560, -195.3339319716639295, 8.990188665593604966 ) ) ;
#4796 = ORIENTED_EDGE ( 'NONE', *, *, #794, .T. ) ;
#4797 = VERTEX_POINT ( 'NONE', #6150 ) ;
#4798 = ORIENTED_EDGE ( 'NONE', *, *, #8653, .T. ) ;
#4799 = CARTESIAN_POINT ( 'NONE',  ( -107.7111653229478918, -8.568932258358321619, -9.000000000000021316 ) ) ;
#4800 = CARTESIAN_POINT ( 'NONE',  ( 38.00000000000000000, 8.774964387392122589, 9.000000000000007105 ) ) ;
#4801 = AXIS2_PLACEMENT_3D ( 'NONE', #3741, #7398, #557 ) ;
#4802 = CARTESIAN_POINT ( 'NONE',  ( 22.50000000000001066, 26.61895490961827804, -30.62270399556513567 ) ) ;
#4803 = LINE ( 'NONE', #8442, #7278 ) ;
#4804 = CARTESIAN_POINT ( 'NONE',  ( -38.00000000000000000, 47.19999999999999574, 4.499999999999983125 ) ) ;
#4805 = EDGE_CURVE ( 'NONE', #6227, #8590, #7303, .T. ) ;
#4806 = DIRECTION ( 'NONE',  ( 0.000000000000000000, 1.000000000000000000, 1.110223024625425226E-14 ) ) ;
#4807 = EDGE_CURVE ( 'NONE', #7594, #5764, #4707, .T. ) ;
#4808 = EDGE_CURVE ( 'NONE', #184, #867, #3318, .T. ) ;
#4809 = CARTESIAN_POINT ( 'NONE',  ( -13.72761292421382073, 17.12770254671232451, -40.22321558152194854 ) ) ;
#4810 = AXIS2_PLACEMENT_3D ( 'NONE', #6038, #4592, #7597 ) ;
#4811 = DIRECTION ( 'NONE',  ( 0.000000000000000000, -1.000000000000000000, -6.982962677686266711E-15 ) ) ;
#4812 = ORIENTED_EDGE ( 'NONE', *, *, #9747, .F. ) ;
#4813 = TOROIDAL_SURFACE ( 'NONE', #3218, 39.00000000000000000, 3.000000000000000000 ) ;
#4814 = DIRECTION ( 'NONE',  ( 1.000000000000000000, 0.000000000000000000, 0.000000000000000000 ) ) ;
#4815 = AXIS2_PLACEMENT_3D ( 'NONE', #4245, #7302, #7999 ) ;
#4816 = EDGE_CURVE ( 'NONE', #7104, #9413, #760, .T. ) ;
#4817 = EDGE_CURVE ( 'NONE', #7058, #4918, #2036, .T. ) ;
#4818 = DIRECTION ( 'NONE',  ( 0.000000000000000000, 0.000000000000000000, 1.000000000000000000 ) ) ;
#4819 = DIRECTION ( 'NONE',  ( 0.000000000000000000, 1.000000000000000000, 1.110223024625157172E-14 ) ) ;
#4820 = CARTESIAN_POINT ( 'NONE',  ( 0.000000000000000000, 55.00000000000366640, -455.9999999999992610 ) ) ;
#4821 = ORIENTED_EDGE ( 'NONE', *, *, #6757, .F. ) ;
#4822 = EDGE_CURVE ( 'NONE', #9690, #2079, #1564, .T. ) ;
#4823 = EDGE_LOOP ( 'NONE', ( #6225, #5653, #2347, #3272 ) ) ;
#4824 = DIRECTION ( 'NONE',  ( 1.000000000000000000, 0.000000000000000000, 0.000000000000000000 ) ) ;
#4825 = CARTESIAN_POINT ( 'NONE',  ( 1.539749897050354256E-14, -44.00000000000000000, 0.000000000000000000 ) ) ;
#4826 = CARTESIAN_POINT ( 'NONE',  ( 0.000000000000000000, 4.299999999999999822, 0.000000000000000000 ) ) ;
#4827 = CONTEXT_DEPENDENT_SHAPE_REPRESENTATION ( #1885, #562 ) ;
#4828 = CARTESIAN_POINT ( 'NONE',  ( 38.68759559582435514, -198.2589617060768887, -8.974564642706443607 ) ) ;
#4829 = DIRECTION ( 'NONE',  ( 1.000000000000000000, -8.673617379884035472E-16, 0.000000000000000000 ) ) ;
#4830 = VERTEX_POINT ( 'NONE', #2317 ) ;
#4831 = ORIENTED_EDGE ( 'NONE', *, *, #9133, .F. ) ;
#4832 = VERTEX_POINT ( 'NONE', #5457 ) ;
#4833 = EDGE_LOOP ( 'NONE', ( #9296, #7228, #3804, #8778, #727, #326, #7975, #3856, #4341, #4557, #7804, #707, #8356, #6084, #7149, #9277 ) ) ;
#4834 = AXIS2_PLACEMENT_3D ( 'NONE', #7298, #4200, #3495 ) ;
#4835 = FACE_OUTER_BOUND ( 'NONE', #2008, .T. ) ;
#4836 = CARTESIAN_POINT ( 'NONE',  ( 21.97307857159489686, 22.14475374173745337, 31.00309976466039785 ) ) ;
#4837 = PLANE ( 'NONE',  #4900 ) ;
#4838 = DIRECTION ( 'NONE',  ( 0.3573605900915217126, 5.960014407720115842E-17, 0.9339664922519647083 ) ) ;
#4839 = VERTEX_POINT ( 'NONE', #2424 ) ;
#4840 =( NAMED_UNIT ( * ) PLANE_ANGLE_UNIT ( ) SI_UNIT ( $, .RADIAN. ) );
#4841 = CIRCLE ( 'NONE', #5310, 4.499999999999998224 ) ;
#4842 = DIRECTION ( 'NONE',  ( -0.000000000000000000, -0.000000000000000000, -1.000000000000000000 ) ) ;
#4843 = ORIENTED_EDGE ( 'NONE', *, *, #4259, .F. ) ;
#4844 = ORIENTED_EDGE ( 'NONE', *, *, #8898, .F. ) ;
#4845 = ORIENTED_EDGE ( 'NONE', *, *, #3572, .F. ) ;
#4846 = FACE_OUTER_BOUND ( 'NONE', #5589, .T. ) ;
#4847 = AXIS2_PLACEMENT_3D ( 'NONE', #7184, #343, #8720 ) ;
#4848 = CARTESIAN_POINT ( 'NONE',  ( 1.539749897050354256E-14, -44.00000000000000000, -43.00000000000000000 ) ) ;
#4849 = DIRECTION ( 'NONE',  ( 0.000000000000000000, 0.000000000000000000, -1.000000000000000000 ) ) ;
#4850 = CIRCLE ( 'NONE', #2924, 4.999999999998790301 ) ;
#4851 = CARTESIAN_POINT ( 'NONE',  ( -36.00000000000000000, 1.360878165056200961, -11.95826074310141607 ) ) ;
#4852 = DIRECTION ( 'NONE',  ( 0.000000000000000000, 0.000000000000000000, 1.000000000000000000 ) ) ;
#4853 = CARTESIAN_POINT ( 'NONE',  ( 0.000000000000000000, 0.000000000000000000, -19.00000000000000000 ) ) ;
#4854 = AXIS2_PLACEMENT_3D ( 'NONE', #4710, #691, #7772 ) ;
#4855 = CARTESIAN_POINT ( 'NONE',  ( 35.99999999993861621, -199.8304178125995918, 9.198662110058830166 ) ) ;
#4856 = ORIENTED_EDGE ( 'NONE', *, *, #4822, .T. ) ;
#4857 = ORIENTED_EDGE ( 'NONE', *, *, #1335, .T. ) ;
#4858 = AXIS2_PLACEMENT_3D ( 'NONE', #7693, #949, #1653 ) ;
#4859 = EDGE_CURVE ( 'NONE', #2298, #8872, #2827, .T. ) ;
#4860 = EDGE_CURVE ( 'NONE', #5179, #1594, #1742, .T. ) ;
#4861 = CYLINDRICAL_SURFACE ( 'NONE', #8790, 36.00000000000000000 ) ;
#4862 = CARTESIAN_POINT ( 'NONE',  ( 0.000000000000000000, 4.299999999999999822, -39.49999999999999289 ) ) ;
#4863 = CARTESIAN_POINT ( 'NONE',  ( -22.50000000000000355, 27.00000000000000355, -500000.0000000000582 ) ) ;
#4864 = CARTESIAN_POINT ( 'NONE',  ( 64.56989347527211009, 47.23059238028024964, -326.9999999999993747 ) ) ;
#4865 = AXIS2_PLACEMENT_3D ( 'NONE', #1904, #2492, #8581 ) ;
#4866 = VERTEX_POINT ( 'NONE', #6263 ) ;
#4867 = EDGE_CURVE ( 'NONE', #171, #4175, #2998, .T. ) ;
#4868 = ADVANCED_FACE ( 'NONE', ( #4122 ), #5054, .F. ) ;
#4869 = ORIENTED_EDGE ( 'NONE', *, *, #5343, .T. ) ;
#4870 = ADVANCED_FACE ( 'NONE', ( #5754 ), #235, .T. ) ;
#4871 = DIRECTION ( 'NONE',  ( -1.224646799147349509E-16, 1.000000000000000000, 0.000000000000000000 ) ) ;
#4872 = CARTESIAN_POINT ( 'NONE',  ( -38.75000000000000000, -201.1999999999999886, -8.968695557326064716 ) ) ;
#4873 = DIRECTION ( 'NONE',  ( 0.000000000000000000, 0.000000000000000000, -1.000000000000000000 ) ) ;
#4874 = ITEM_DEFINED_TRANSFORMATION ( 'NONE', 'NONE', #301,  #2024 ) ;
#4875 = CARTESIAN_POINT ( 'NONE',  ( 38.00000000000000711, -171.1999999999999886, 8.123104788713554552E-15 ) ) ;
#4876 = DIRECTION ( 'NONE',  ( -0.000000000000000000, 0.000000000000000000, 1.000000000000000000 ) ) ;
#4877 = ORIENTED_EDGE ( 'NONE', *, *, #6940, .T. ) ;
#4878 = ORIENTED_EDGE ( 'NONE', *, *, #830, .T. ) ;
#4879 = CIRCLE ( 'NONE', #4397, 30.00000000000000711 ) ;
#4880 = ORIENTED_EDGE ( 'NONE', *, *, #6764, .T. ) ;
#4881 = ORIENTED_EDGE ( 'NONE', *, *, #8965, .F. ) ;
#4882 = EDGE_CURVE ( 'NONE', #8383, #6933, #4894, .T. ) ;
#4883 = CIRCLE ( 'NONE', #416, 39.49999999999999289 ) ;
#4884 = FACE_OUTER_BOUND ( 'NONE', #9659, .T. ) ;
#4885 = DIRECTION ( 'NONE',  ( 0.7071067811865487940, 0.000000000000000000, 0.7071067811865463515 ) ) ;
#4886 = EDGE_CURVE ( 'NONE', #6933, #184, #331, .T. ) ;
#4887 = FACE_OUTER_BOUND ( 'NONE', #2776, .T. ) ;
#4888 = CARTESIAN_POINT ( 'NONE',  ( 3.847294180569134233E-15, 273.3999999999993520, 433.0000000000000000 ) ) ;
#4889 = ORIENTED_EDGE ( 'NONE', *, *, #2497, .T. ) ;
#4890 = SURFACE_STYLE_USAGE ( .BOTH. , #7102 ) ;
#4891 = DIRECTION ( 'NONE',  ( 1.000000000000000000, 1.224646799147353207E-16, 1.710332578358783443E-30 ) ) ;
#4892 = ORIENTED_EDGE ( 'NONE', *, *, #1050, .T. ) ;
#4893 = VECTOR ( 'NONE', #9231, 1000.000000000000114 ) ;
#4894 = B_SPLINE_CURVE_WITH_KNOTS ( 'NONE', 3,
 ( #1927, #3417, #7074, #8705, #5009, #8802, #1124, #4965, #9458, #6465, #1076, #5618, #7268, #8052, #1217, #9503, #6314, #9357, #3269, #6418, #7119, #1174, #1877, #8612, #1789, #2580, #7870, #2666, #4171, #1027, #3462, #7225, #4214, #7172, #3323, #5708 ),
 .UNSPECIFIED., .F., .F.,
 ( 4, 2, 2, 2, 2, 2, 2, 2, 2, 2, 2, 2, 2, 2, 2, 2, 2, 4 ),
 ( 0.03608921202721307453, 0.03721459763491125755, 0.03833998324260944057, 0.04059075445800579968, 0.04284152567340215878, 0.04396691128110034180, 0.04509229688879852482, 0.04959383931959127079, 0.05071922492728945381, 0.05184461053498762989, 0.05409538175038401675, 0.05634615296578038279, 0.05859692418117676271, 0.06309846661196949480, 0.06534923782736586084, 0.06647462343506402305, 0.06760000904276219913, 0.07210155147355486183 ),
 .UNSPECIFIED. ) ;
#4895 = ORIENTED_EDGE ( 'NONE', *, *, #8330, .F. ) ;
#4896 = CARTESIAN_POINT ( 'NONE',  ( 36.00000000000000000, 0.000000000000000000, 19.00000000000000000 ) ) ;
#4897 = DIRECTION ( 'NONE',  ( 0.2840153447039234225, 0.9588197348681927190, 6.695402423213631037E-15 ) ) ;
#4898 = AXIS2_PLACEMENT_3D ( 'NONE', #1274, #382, #4215 ) ;
#4899 = CARTESIAN_POINT ( 'NONE',  ( 27.00000000000000000, 0.000000000000000000, -19.00000000000000000 ) ) ;
#4900 = AXIS2_PLACEMENT_3D ( 'NONE', #1906, #262, #6386 ) ;
#4901 = AXIS2_PLACEMENT_3D ( 'NONE', #7352, #8489, #900 ) ;
#4902 = CARTESIAN_POINT ( 'NONE',  ( -38.75000000000000000, 1.473196481563969096, 8.968695557326034518 ) ) ;
#4903 = PLANE ( 'NONE',  #8859 ) ;
#4904 = CARTESIAN_POINT ( 'NONE',  ( 1.539749897050354256E-14, 44.00000000000063949, -227.9999999999997158 ) ) ;
#4905 = AXIS2_PLACEMENT_3D ( 'NONE', #7546, #702, #9829 ) ;
#4906 = DIRECTION ( 'NONE',  ( 0.000000000000000000, -1.396592535537253342E-14, 1.000000000000000000 ) ) ;
#4907 = VERTEX_POINT ( 'NONE', #6514 ) ;
#4908 = ORIENTED_EDGE ( 'NONE', *, *, #9190, .F. ) ;
#4909 = COLOUR_RGB ( '',0.7921568627450980005, 0.8196078431372548767, 0.9333333333333333481 ) ;
#4910 = AXIS2_PLACEMENT_3D ( 'NONE', #1216, #7317, #9791 ) ;
#4911 = AXIS2_PLACEMENT_3D ( 'NONE', #1230, #8766, #4275 ) ;
#4912 = CARTESIAN_POINT ( 'NONE',  ( 4.413986620214972234, 43.32282242901587921, 42.27353835969078943 ) ) ;
#4913 = CARTESIAN_POINT ( 'NONE',  ( 0.000000000000000000, 0.000000000000000000, 0.000000000000000000 ) ) ;
#4914 = CARTESIAN_POINT ( 'NONE',  ( 10.30759003923168926, 40.40394460450939818, -41.23343501741674544 ) ) ;
#4915 = CARTESIAN_POINT ( 'NONE',  ( 16.87254569849888242, 25.88449549240524661, -39.00731853555894446 ) ) ;
#4916 = CARTESIAN_POINT ( 'NONE',  ( 35.38612840772156432, -194.4390471473797106, -11.99999999927686112 ) ) ;
#4917 = CARTESIAN_POINT ( 'NONE',  ( 38.00000000000000000, 47.19999999999999574, -4.499999999999990230 ) ) ;
#4918 = VERTEX_POINT ( 'NONE', #9554 ) ;
#4919 = EDGE_CURVE ( 'NONE', #1856, #6676, #6834, .T. ) ;
#4920 = VERTEX_POINT ( 'NONE', #6367 ) ;
#4921 = APPLICATION_CONTEXT ( 'automotive_design' ) ;
#4922 = DIRECTION ( 'NONE',  ( 0.000000000000000000, 0.000000000000000000, 1.000000000000000000 ) ) ;
#4923 = CARTESIAN_POINT ( 'NONE',  ( 16.67629238872699560, 29.79621224132411328, 39.09175660809476938 ) ) ;
#4924 = DIRECTION ( 'NONE',  ( 0.000000000000000000, -6.982962677686266711E-15, 1.000000000000000000 ) ) ;
#4925 = CARTESIAN_POINT ( 'NONE',  ( 0.000000000000000000, 1.096237002849186125E-12, -292.0000000000000000 ) ) ;
#4926 = ADVANCED_FACE ( 'NONE', ( #2712 ), #4433, .F. ) ;
#4927 = DIRECTION ( 'NONE',  ( -0.000000000000000000, -1.396592535537253342E-14, 1.000000000000000000 ) ) ;
#4928 = EDGE_CURVE ( 'NONE', #5265, #7722, #9753, .T. ) ;
#4929 = LINE ( 'NONE', #9517, #4209 ) ;
#4930 = EDGE_LOOP ( 'NONE', ( #2329, #3334, #4844, #1483, #118, #9719 ) ) ;
#4931 = ADVANCED_FACE ( 'NONE', ( #5061 ), #8104, .T. ) ;
#4932 = VERTEX_POINT ( 'NONE', #8895 ) ;
#4933 = ORIENTED_EDGE ( 'NONE', *, *, #1793, .T. ) ;
#4934 = ORIENTED_EDGE ( 'NONE', *, *, #5113, .F. ) ;
#4935 = CARTESIAN_POINT ( 'NONE',  ( 1.539749897050354256E-14, -43.99999999999789679, -345.0000000000006253 ) ) ;
#4936 = CARTESIAN_POINT ( 'NONE',  ( 1.528597692279901166, 4.499999999999999112, 38.00000000000002132 ) ) ;
#4937 = CARTESIAN_POINT ( 'NONE',  ( 38.00000000000000000, 8.774964387392120813, 12.00000000000001066 ) ) ;
#4938 = DIRECTION ( 'NONE',  ( 0.3516655236003713436, -9.916585716297017157E-17, 0.9361257177916204597 ) ) ;
#4939 = EDGE_LOOP ( 'NONE', ( #1424, #8513, #3182, #5419, #6186 ) ) ;
#4940 =( NAMED_UNIT ( * ) SI_UNIT ( $, .STERADIAN. ) SOLID_ANGLE_UNIT ( ) );
#4941 = EDGE_CURVE ( 'NONE', #4538, #6168, #7465, .T. ) ;
#4942 = DIRECTION ( 'NONE',  ( -0.000000000000000000, 0.000000000000000000, 1.000000000000000000 ) ) ;
#4943 = EDGE_LOOP ( 'NONE', ( #1804, #488, #7139, #1261 ) ) ;
#4944 = AXIS2_PLACEMENT_3D ( 'NONE', #4150, #2404, #318 ) ;
#4945 = EDGE_LOOP ( 'NONE', ( #4349, #6891 ) ) ;
#4946 = CARTESIAN_POINT ( 'NONE',  ( 0.000000000000000000, 27.00000000000000000, -19.00000000000000000 ) ) ;
#4947 = CARTESIAN_POINT ( 'NONE',  ( 34.36931771216880804, 0.000000000000000000, -25.00000000000000711 ) ) ;
#4948 = ADVANCED_FACE ( 'NONE', ( #670 ), #1245, .F. ) ;
#4949 = CYLINDRICAL_SURFACE ( 'NONE', #6919, 27.00000000000000000 ) ;
#4950 = DIRECTION ( 'NONE',  ( 0.000000000000000000, -6.982962677686266711E-15, 1.000000000000000000 ) ) ;
#4951 = DIRECTION ( 'NONE',  ( 1.000000000000000000, 0.000000000000000000, 0.000000000000000000 ) ) ;
#4952 = VECTOR ( 'NONE', #4297, 1000.000000000000000 ) ;
#4953 = CARTESIAN_POINT ( 'NONE',  ( 22.20545528505526534, -170.7303505436726994, 9.285893317973650696 ) ) ;
#4954 = CYLINDRICAL_SURFACE ( 'NONE', #2534, 42.50000000000000711 ) ;
#4955 = CIRCLE ( 'NONE', #8451, 36.00000000000000000 ) ;
#4956 = ORIENTED_EDGE ( 'NONE', *, *, #199, .T. ) ;
#4957 = VERTEX_POINT ( 'NONE', #4261 ) ;
#4958 = CIRCLE ( 'NONE', #1132, 22.50000000000000355 ) ;
#4959 = AXIS2_PLACEMENT_3D ( 'NONE', #4461, #8302, #3818 ) ;
#4960 = CARTESIAN_POINT ( 'NONE',  ( 0.000000000000000000, 55.00000000000366640, -455.9999999999992610 ) ) ;
#4961 = DIRECTION ( 'NONE',  ( -0.000000000000000000, -1.000000000000000000, -0.000000000000000000 ) ) ;
#4962 = CIRCLE ( 'NONE', #6400, 26.99999999999999645 ) ;
#4963 = AXIS2_PLACEMENT_3D ( 'NONE', #5750, #9645, #379 ) ;
#4964 = CARTESIAN_POINT ( 'NONE',  ( -26.99999999999999645, -201.1999999999999886, 19.00000000000000000 ) ) ;
#4965 = CARTESIAN_POINT ( 'NONE',  ( -5.229452952683343980, 48.89660544323245972, -37.64567218285298367 ) ) ;
#4966 = DIRECTION ( 'NONE',  ( 0.000000000000000000, 1.000000000000000000, 1.396592535537253184E-14 ) ) ;
#4967 = ORIENTED_EDGE ( 'NONE', *, *, #1466, .F. ) ;
#4968 = VERTEX_POINT ( 'NONE', #7507 ) ;
#4969 = CIRCLE ( 'NONE', #669, 39.00000000000000000 ) ;
#4970 = DIRECTION ( 'NONE',  ( 0.000000000000000000, 1.396592535537253342E-14, -1.000000000000000000 ) ) ;
#4971 = CARTESIAN_POINT ( 'NONE',  ( 11.17306301021212356, 39.72684803856439117, 41.01297843569910384 ) ) ;
#4972 = DIRECTION ( 'NONE',  ( 0.000000000000000000, 6.982962677686266711E-15, -1.000000000000000000 ) ) ;
#4973 = CARTESIAN_POINT ( 'NONE',  ( -16.32419021947622184, 31.40916410826784144, -39.24030822566110999 ) ) ;
#4974 = CARTESIAN_POINT ( 'NONE',  ( 0.000000000000000000, 0.000000000000000000, 0.000000000000000000 ) ) ;
#4975 = ORIENTED_EDGE ( 'NONE', *, *, #7132, .F. ) ;
#4976 = ORIENTED_EDGE ( 'NONE', *, *, #1574, .T. ) ;
#4977 = EDGE_LOOP ( 'NONE', ( #8357, #1394, #3051 ) ) ;
#4978 = EDGE_CURVE ( 'NONE', #3758, #2373, #3629, .T. ) ;
#4979 = ADVANCED_FACE ( 'NONE', ( #7412 ), #9792, .T. ) ;
#4980 = DIRECTION ( 'NONE',  ( 0.000000000000000000, 6.982962677686266711E-15, -1.000000000000000000 ) ) ;
#4981 = CARTESIAN_POINT ( 'NONE',  ( 15.41516624051349815, 10.59456240964565055, 34.73737086132263130 ) ) ;
#4982 = DIRECTION ( 'NONE',  ( 0.000000000000000000, -1.000000000000000000, -7.116814260417670090E-15 ) ) ;
#4983 = DIRECTION ( 'NONE',  ( 1.000000000000000000, 0.000000000000000000, 0.000000000000000000 ) ) ;
#4984 = FACE_OUTER_BOUND ( 'NONE', #3176, .T. ) ;
#4985 = DIRECTION ( 'NONE',  ( 0.000000000000000000, 1.000000000000000000, 0.000000000000000000 ) ) ;
#4986 = LINE ( 'NONE', #6591, #7257 ) ;
#4987 = ORIENTED_EDGE ( 'NONE', *, *, #6022, .T. ) ;
#4988 = ORIENTED_EDGE ( 'NONE', *, *, #1903, .F. ) ;
#4989 = CIRCLE ( 'NONE', #1969, 36.00000000000000000 ) ;
#4990 = CARTESIAN_POINT ( 'NONE',  ( -38.00000000000000711, -201.1999999999999886, -4.500000000000012434 ) ) ;
#4991 = LINE ( 'NONE', #8036, #2549 ) ;
#4992 = ADVANCED_FACE ( 'NONE', ( #8294 ), #3659, .T. ) ;
#4993 = ADVANCED_FACE ( 'NONE', ( #7363 ), #6665, .T. ) ;
#4994 = CARTESIAN_POINT ( 'NONE',  ( 0.000000000000000000, 59.50000000000000000, 0.000000000000000000 ) ) ;
#4995 = LINE ( 'NONE', #2751, #7189 ) ;
#4996 = CARTESIAN_POINT ( 'NONE',  ( 64.56989347527211009, 47.23059238027839513, -61.00000000000000000 ) ) ;
#4997 = AXIS2_PLACEMENT_3D ( 'NONE', #3561, #6616, #5114 ) ;
#4998 = CARTESIAN_POINT ( 'NONE',  ( 0.000000000000000000, 1.319691808535146862E-12, -324.0000000000000000 ) ) ;
#4999 = EDGE_CURVE ( 'NONE', #6480, #805, #6014, .T. ) ;
#5000 = CARTESIAN_POINT ( 'NONE',  ( -37.50000000000001421, 15.41602615938556120, 20.00000000000000000 ) ) ;
#5001 = ORIENTED_EDGE ( 'NONE', *, *, #3305, .F. ) ;
#5002 = ORIENTED_EDGE ( 'NONE', *, *, #7752, .F. ) ;
#5003 = EDGE_CURVE ( 'NONE', #4745, #8796, #9214, .T. ) ;
#5004 = CIRCLE ( 'NONE', #9142, 8.000000000000000000 ) ;
#5005 = CARTESIAN_POINT ( 'NONE',  ( 40.69420296662804759, 18.85096335803781997, -12.28680423883744766 ) ) ;
#5006 = CYLINDRICAL_SURFACE ( 'NONE', #3686, 42.50000000000000711 ) ;
#5007 = EDGE_CURVE ( 'NONE', #6114, #1896, #1095, .T. ) ;
#5008 = CARTESIAN_POINT ( 'NONE',  ( 64.56989347527211009, 47.23059238028110229, -387.9999999999993179 ) ) ;
#5009 = CARTESIAN_POINT ( 'NONE',  ( -1.897910048701015207, 49.42298409550365790, -37.95443675322302113 ) ) ;
#5010 = CARTESIAN_POINT ( 'NONE',  ( 0.000000000000000000, 3.407685786710898357E-12, -438.0000000000000000 ) ) ;
#5011 = ORIENTED_EDGE ( 'NONE', *, *, #7014, .T. ) ;
#5012 = PRODUCT_DEFINITION_SHAPE ( 'NONE', 'NONE',  #9853 ) ;
#5013 = B_SPLINE_CURVE_WITH_KNOTS ( 'NONE', 3,
 ( #7530, #6779, #9007, #2133, #9667, #2039 ),
 .UNSPECIFIED., .F., .F.,
 ( 4, 2, 4 ),
 ( 0.000000000000000000, 0.001235105069189711916, 0.002470210138379423832 ),
 .UNSPECIFIED. ) ;
#5014 = CARTESIAN_POINT ( 'NONE',  ( -64.56989347527211009, -47.23059238027820328, -160.0000000000003695 ) ) ;
#5015 = DIRECTION ( 'NONE',  ( 0.9986295347545739443, 0.05233595624294396648, -0.000000000000000000 ) ) ;
#5016 = DIRECTION ( 'NONE',  ( 1.000000000000000000, -1.776356839400250465E-15, 0.000000000000000000 ) ) ;
#5017 = LINE ( 'NONE', #7882, #7464 ) ;
#5018 = DIRECTION ( 'NONE',  ( 0.000000000000000000, 1.396592535537253342E-14, -1.000000000000000000 ) ) ;
#5019 = ORIENTED_EDGE ( 'NONE', *, *, #6720, .T. ) ;
#5020 = EDGE_LOOP ( 'NONE', ( #2883, #3253, #1442, #2082 ) ) ;
#5021 = ORIENTED_EDGE ( 'NONE', *, *, #6781, .T. ) ;
#5022 = ORIENTED_EDGE ( 'NONE', *, *, #4503, .F. ) ;
#5023 = PRODUCT_RELATED_PRODUCT_CATEGORY ( 'part', '', ( #6249 ) ) ;
#5024 = CARTESIAN_POINT ( 'NONE',  ( 12.33206995215297219, 15.43161936068585049, 40.67347536630342830 ) ) ;
#5025 = CARTESIAN_POINT ( 'NONE',  ( 21.27041318281596816, 19.62600003662390336, 31.49033543366045507 ) ) ;
#5026 = DIRECTION ( 'NONE',  ( 0.000000000000000000, 0.000000000000000000, 1.000000000000000000 ) ) ;
#5027 = DIRECTION ( 'NONE',  ( -0.9999999999999998890, 8.326672684688075012E-17, -2.261024342664688336E-16 ) ) ;
#5028 = ORIENTED_EDGE ( 'NONE', *, *, #6885, .F. ) ;
#5029 = CARTESIAN_POINT ( 'NONE',  ( 38.00000000000000711, -201.1999999999999886, 8.123104788713554552E-15 ) ) ;
#5030 = DIRECTION ( 'NONE',  ( 0.000000000000000000, 0.000000000000000000, 1.000000000000000000 ) ) ;
#5031 = ORIENTED_EDGE ( 'NONE', *, *, #4371, .F. ) ;
#5032 = EDGE_CURVE ( 'NONE', #3596, #7887, #9003, .T. ) ;
#5033 = ORIENTED_EDGE ( 'NONE', *, *, #8937, .T. ) ;
#5034 = FACE_BOUND ( 'NONE', #13, .T. ) ;
#5035 = CIRCLE ( 'NONE', #4400, 22.50000000000000000 ) ;
#5036 = FACE_BOUND ( 'NONE', #7782, .T. ) ;
#5037 = CIRCLE ( 'NONE', #3444, 4.499999999999998224 ) ;
#5038 = DIRECTION ( 'NONE',  ( -1.000000000000000000, 1.541976423090496126E-16, 0.000000000000000000 ) ) ;
#5039 =( NAMED_UNIT ( * ) SI_UNIT ( $, .STERADIAN. ) SOLID_ANGLE_UNIT ( ) );
#5040 = CARTESIAN_POINT ( 'NONE',  ( 38.75000000000000000, 0.000000000000000000, -8.968695557326039847 ) ) ;
#5041 = CARTESIAN_POINT ( 'NONE',  ( 191.5194180755570699, 0.000000000000000000, -25.00000000000000000 ) ) ;
#5042 = FACE_OUTER_BOUND ( 'NONE', #5196, .T. ) ;
#5043 = VECTOR ( 'NONE', #7743, 1000.000000000000000 ) ;
#5044 = CARTESIAN_POINT ( 'NONE',  ( 35.07692307692306599, -193.1000328731765023, 9.000000000000000000 ) ) ;
#5045 = EDGE_CURVE ( 'NONE', #335, #1009, #2306, .T. ) ;
#5046 = EDGE_CURVE ( 'NONE', #5942, #3883, #934, .T. ) ;
#5047 = VERTEX_POINT ( 'NONE', #3062 ) ;
#5048 = VECTOR ( 'NONE', #4406, 1000.000000000000000 ) ;
#5049 = EDGE_CURVE ( 'NONE', #9763, #4417, #3012, .T. ) ;
#5050 = ORIENTED_EDGE ( 'NONE', *, *, #8842, .T. ) ;
#5051 = CARTESIAN_POINT ( 'NONE',  ( 5.472656667789133067, 42.99897133201552180, -42.14955122411070221 ) ) ;
#5052 = VECTOR ( 'NONE', #2830, 1000.000000000000000 ) ;
#5053 = AXIS2_PLACEMENT_3D ( 'NONE', #1788, #7027, #138 ) ;
#5054 = TOROIDAL_SURFACE ( 'NONE', #4273, 30.00000000000000000, 3.000000000000000000 ) ;
#5055 = UNCERTAINTY_MEASURE_WITH_UNIT (LENGTH_MEASURE( 1.000000000000000082E-05 ), #7833, 'distance_accuracy_value', 'NONE');
#5056 = DIRECTION ( 'NONE',  ( 0.000000000000000000, 0.000000000000000000, 1.000000000000000000 ) ) ;
#5057 = CIRCLE ( 'NONE', #8875, 3.000000000000003109 ) ;
#5058 = DIRECTION ( 'NONE',  ( -1.000000000000000000, 0.000000000000000000, 0.000000000000000000 ) ) ;
#5059 = CARTESIAN_POINT ( 'NONE',  ( 11.16183492065365357, 14.29869963350420115, -41.01041621160683093 ) ) ;
#5060 = UNCERTAINTY_MEASURE_WITH_UNIT (LENGTH_MEASURE( 1.000000000000000082E-05 ), #5557, 'distance_accuracy_value', 'NONE');
#5061 = FACE_OUTER_BOUND ( 'NONE', #6035, .T. ) ;
#5062 = CARTESIAN_POINT ( 'NONE',  ( 0.000000000000000000, 1.744859293945986921E-13, -160.0000000000000284 ) ) ;
#5063 =( GEOMETRIC_REPRESENTATION_CONTEXT ( 3 ) GLOBAL_UNCERTAINTY_ASSIGNED_CONTEXT ( ( #9643 ) ) GLOBAL_UNIT_ASSIGNED_CONTEXT ( ( #4718, #97, #1641 ) ) REPRESENTATION_CONTEXT ( 'NONE', 'WORKASPACE' ) );
#5064 = TOROIDAL_SURFACE ( 'NONE', #9367, 39.00000000000000000, 3.000000000000000000 ) ;
#5065 = ORIENTED_EDGE ( 'NONE', *, *, #2906, .F. ) ;
#5066 = EDGE_CURVE ( 'NONE', #3661, #682, #4701, .T. ) ;
#5067 = AXIS2_PLACEMENT_3D ( 'NONE', #7420, #5998, #4366 ) ;
#5068 = ADVANCED_FACE ( 'NONE', ( #8446 ), #8411, .T. ) ;
#5069 = AXIS2_PLACEMENT_3D ( 'NONE', #6537, #1992, #2134 ) ;
#5070 = CARTESIAN_POINT ( 'NONE',  ( 1.539749897050354256E-14, 43.99999999999985079, -113.9999999999997158 ) ) ;
#5071 = CARTESIAN_POINT ( 'NONE',  ( 16.89999999999999858, 27.00000000000000000, 38.99538434225262051 ) ) ;
#5072 = CARTESIAN_POINT ( 'NONE',  ( -64.56989347527211009, 47.23059238028023543, -326.9999999999993747 ) ) ;
#5073 = CARTESIAN_POINT ( 'NONE',  ( -16.89999999999999858, 0.000000000000000000, -19.00000000000000000 ) ) ;
#5074 = DIRECTION ( 'NONE',  ( 0.000000000000000000, -6.982962677686266711E-15, 1.000000000000000000 ) ) ;
#5075 = ORIENTED_EDGE ( 'NONE', *, *, #2000, .F. ) ;
#5076 = ORIENTED_EDGE ( 'NONE', *, *, #5243, .T. ) ;
#5077 = VERTEX_POINT ( 'NONE', #3104 ) ;
#5078 = ORIENTED_EDGE ( 'NONE', *, *, #4330, .F. ) ;
#5079 = DIRECTION ( 'NONE',  ( 1.000000000000000000, 1.423362852083534097E-15, 0.000000000000000000 ) ) ;
#5080 = CARTESIAN_POINT ( 'NONE',  ( -36.00000000000000000, -199.8391218349300971, -11.95826074310525122 ) ) ;
#5081 = DIRECTION ( 'NONE',  ( 0.000000000000000000, 1.000000000000000000, 0.000000000000000000 ) ) ;
#5082 = APPLICATION_PROTOCOL_DEFINITION ( 'draft international standard', 'automotive_design', 1998, #4232 ) ;
#5083 = CIRCLE ( 'NONE', #6198, 39.00000000000000000 ) ;
#5084 = ORIENTED_EDGE ( 'NONE', *, *, #3230, .T. ) ;
#5085 = CARTESIAN_POINT ( 'NONE',  ( -13.18075149751690311, 8.750634853837762961, -35.64646371951000958 ) ) ;
#5086 = CARTESIAN_POINT ( 'NONE',  ( 61.36970190831377892, 28.50423847334897332, 9.000000000000001776 ) ) ;
#5087 = VERTEX_POINT ( 'NONE', #8343 ) ;
#5088 = ORIENTED_EDGE ( 'NONE', *, *, #6965, .T. ) ;
#5089 = LINE ( 'NONE', #2650, #6347 ) ;
#5090 = CARTESIAN_POINT ( 'NONE',  ( 1.539749897050354256E-14, 43.99999999999987210, -116.9999999999997158 ) ) ;
#5091 = VECTOR ( 'NONE', #3081, 1000.000000000000000 ) ;
#5092 = DIRECTION ( 'NONE',  ( -0.000000000000000000, 1.000000000000000000, -0.000000000000000000 ) ) ;
#5093 = CARTESIAN_POINT ( 'NONE',  ( 38.00000000000000000, -192.4250356126078714, 12.00000000000000000 ) ) ;
#5094 = CARTESIAN_POINT ( 'NONE',  ( 16.89999999999999858, 2.069653090559026923E-15, -38.99999999999998579 ) ) ;
#5095 = DIRECTION ( 'NONE',  ( 0.000000000000000000, 1.000000000000000000, 6.938893903907228378E-15 ) ) ;
#5096 = CARTESIAN_POINT ( 'NONE',  ( 46.49956922558554595, -13.77379991453920560, -388.0000000000001705 ) ) ;
#5097 = PRODUCT_DEFINITION_SHAPE ( 'NONE', 'NONE',  #9854 ) ;
#5098 = VERTEX_POINT ( 'NONE', #6256 ) ;
#5099 = VERTEX_POINT ( 'NONE', #9144 ) ;
#5100 = AXIS2_PLACEMENT_3D ( 'NONE', #3885, #9444, #1770 ) ;
#5101 = ADVANCED_FACE ( 'NONE', ( #2358, #7606 ), #764, .F. ) ;
#5102 = DIRECTION ( 'NONE',  ( 0.000000000000000000, 1.000000000000000000, 1.110223024625157172E-14 ) ) ;
#5103 = DIRECTION ( 'NONE',  ( 1.000000000000000000, 0.000000000000000000, 0.000000000000000000 ) ) ;
#5104 = ADVANCED_FACE ( 'NONE', ( #7561 ), #3963, .T. ) ;
#5105 = CARTESIAN_POINT ( 'NONE',  ( 46.49956922558554595, 13.77379991454256469, -227.9999999999998863 ) ) ;
#5106 = DIRECTION ( 'NONE',  ( 0.000000000000000000, 0.000000000000000000, 1.000000000000000000 ) ) ;
#5107 = CARTESIAN_POINT ( 'NONE',  ( 55.00000000000000000, 3.439480226684050396E-12, -441.0000000000000000 ) ) ;
#5108 = CARTESIAN_POINT ( 'NONE',  ( -24.91987158875422637, -171.1999999999999886, -9.000000000000003553 ) ) ;
#5109 = ORIENTED_EDGE ( 'NONE', *, *, #3823, .T. ) ;
#5110 = STYLED_ITEM ( 'NONE', ( #8938 ), #6658 ) ;
#5111 = VECTOR ( 'NONE', #5244, 1000.000000000000000 ) ;
#5112 = AXIS2_PLACEMENT_3D ( 'NONE', #6705, #3703, #759 ) ;
#5113 = EDGE_CURVE ( 'NONE', #9107, #8239, #1743, .T. ) ;
#5114 = DIRECTION ( 'NONE',  ( -1.000000000000000000, 0.000000000000000000, 0.000000000000000000 ) ) ;
#5115 = CARTESIAN_POINT ( 'NONE',  ( 7.000000000000016875, -145.5999999999999659, -4.999999999999999112 ) ) ;
#5116 = CIRCLE ( 'NONE', #3203, 27.00000000000000000 ) ;
#5117 = AXIS2_PLACEMENT_3D ( 'NONE', #6472, #5015, #8056 ) ;
#5118 = EDGE_CURVE ( 'NONE', #3634, #6034, #5850, .T. ) ;
#5119 = LINE ( 'NONE', #9706, #2471 ) ;
#5120 = CARTESIAN_POINT ( 'NONE',  ( -36.00000000000000000, -201.1999999999999886, 11.95826074310138409 ) ) ;
#5121 = EDGE_CURVE ( 'NONE', #402, #2543, #7711, .T. ) ;
#5122 = CYLINDRICAL_SURFACE ( 'NONE', #896, 40.00000000000000000 ) ;
#5123 = ORIENTED_EDGE ( 'NONE', *, *, #3281, .T. ) ;
#5124 = AXIS2_PLACEMENT_3D ( 'NONE', #1954, #545, #3685 ) ;
#5125 = ORIENTED_EDGE ( 'NONE', *, *, #4999, .F. ) ;
#5126 = EDGE_LOOP ( 'NONE', ( #8906, #1697, #4005, #252 ) ) ;
#5127 = ORIENTED_EDGE ( 'NONE', *, *, #7513, .T. ) ;
#5128 = CIRCLE ( 'NONE', #2099, 42.50000000000000711 ) ;
#5129 = CARTESIAN_POINT ( 'NONE',  ( 0.000000000000000000, 2.066956952595135148E-12, -342.0000000000000000 ) ) ;
#5130 = CARTESIAN_POINT ( 'NONE',  ( 35.66733504618166961, 12.61822993163660733, 23.11253619070911114 ) ) ;
#5131 = DIRECTION ( 'NONE',  ( 0.000000000000000000, 6.982962677686266711E-15, -1.000000000000000000 ) ) ;
#5132 = DIRECTION ( 'NONE',  ( -2.391543916884109756E-17, 1.201068257676461409E-16, -1.000000000000000000 ) ) ;
#5133 = ORIENTED_EDGE ( 'NONE', *, *, #61, .T. ) ;
#5134 = CARTESIAN_POINT ( 'NONE',  ( -15.41516624051349815, 10.59456240964565055, -34.73737086132263130 ) ) ;
#5135 = CARTESIAN_POINT ( 'NONE',  ( 1.657975655542604885E-14, -145.5999999999999943, -4.999999999999999112 ) ) ;
#5136 = VERTEX_POINT ( 'NONE', #5450 ) ;
#5137 = ORIENTED_EDGE ( 'NONE', *, *, #8759, .T. ) ;
#5138 = CYLINDRICAL_SURFACE ( 'NONE', #9530, 39.50000000000000000 ) ;
#5139 = CARTESIAN_POINT ( 'NONE',  ( 0.000000000000000000, 66.79999999999999716, -42.50000000000000711 ) ) ;
#5140 = CARTESIAN_POINT ( 'NONE',  ( -36.18014024200486745, 13.60126198445928658, -22.30181321132871020 ) ) ;
#5141 = CARTESIAN_POINT ( 'NONE',  ( 0.000000000000000000, -38.99999999999864286, -327.0000000000005684 ) ) ;
#5142 = LINE ( 'NONE', #2797, #9027 ) ;
#5143 = CARTESIAN_POINT ( 'NONE',  ( 24.50244656709702795, -171.1999999999999602, -8.999999999999996447 ) ) ;
#5144 = CARTESIAN_POINT ( 'NONE',  ( -4.404892203541475931E-16, 43.89999999999999858, -42.50000000000000711 ) ) ;
#5145 = DIRECTION ( 'NONE',  ( -0.000000000000000000, 0.000000000000000000, 1.000000000000000000 ) ) ;
#5146 = EDGE_LOOP ( 'NONE', ( #2253, #1275, #5033, #4286, #1069 ) ) ;
#5147 = ORIENTED_EDGE ( 'NONE', *, *, #710, .F. ) ;
#5148 = VERTEX_POINT ( 'NONE', #125 ) ;
#5149 = VECTOR ( 'NONE', #5740, 1000.000000000000000 ) ;
#5150 = DIRECTION ( 'NONE',  ( 0.000000000000000000, -6.982962677686266711E-15, 1.000000000000000000 ) ) ;
#5151 = CARTESIAN_POINT ( 'NONE',  ( 1.539749897050354256E-14, -44.00000000000000000, -3.000000000000002665 ) ) ;
#5152 = CARTESIAN_POINT ( 'NONE',  ( 0.000000000000000000, 0.000000000000000000, 0.000000000000000000 ) ) ;
#5153 = CARTESIAN_POINT ( 'NONE',  ( 39.00000000000000000, 1.291850614124398085E-17, -11.95826074310138942 ) ) ;
#5154 = CARTESIAN_POINT ( 'NONE',  ( 1.539749897050354256E-14, -43.99999999999789679, -345.0000000000006253 ) ) ;
#5155 = DIRECTION ( 'NONE',  ( 0.000000000000000000, 1.000000000000000000, 1.423362852083534018E-14 ) ) ;
#5156 = FACE_OUTER_BOUND ( 'NONE', #6774, .T. ) ;
#5157 = ORIENTED_EDGE ( 'NONE', *, *, #5461, .F. ) ;
#5158 = EDGE_CURVE ( 'NONE', #4695, #2456, #4581, .T. ) ;
#5159 = EDGE_CURVE ( 'NONE', #6132, #6888, #302, .T. ) ;
#5160 = VECTOR ( 'NONE', #502, 1000.000000000000000 ) ;
#5161 = DIRECTION ( 'NONE',  ( 0.000000000000000000, 1.000000000000000000, 1.110223024624657980E-14 ) ) ;
#5162 = PLANE ( 'NONE',  #7209 ) ;
#5163 = CARTESIAN_POINT ( 'NONE',  ( -38.00000000000000000, 47.19999999999999574, -4.500000000000012434 ) ) ;
#5164 = B_SPLINE_CURVE_WITH_KNOTS ( 'NONE', 3,
 ( #397, #8775, #6534, #2736, #3531, #9387, #4472, #637, #6584, #8963, #5130, #7575, #2085, #8862, #4332, #2976, #8215, #4376 ),
 .UNSPECIFIED., .F., .F.,
 ( 4, 2, 2, 2, 2, 2, 2, 2, 4 ),
 ( 2.711112516444420852E-17, 0.002736301914043112911, 0.003420377392553887019, 0.004104452871064660259, 0.005472603828086204138, 0.006840754785107748016, 0.008208905742129292762, 0.009577056699150836641, 0.01094520765617238225 ),
 .UNSPECIFIED. ) ;
#5165 = CARTESIAN_POINT ( 'NONE',  ( 55.00000000000000000, 3.648969107014638851E-12, -456.0000000000000000 ) ) ;
#5166 = TOROIDAL_SURFACE ( 'NONE', #7727, 7.000000000000000000, 1.000000000000000000 ) ;
#5167 = CARTESIAN_POINT ( 'NONE',  ( 36.00000000000000000, 1.336231968091274818E-12, -326.9999999999999432 ) ) ;
#5168 = ORIENTED_EDGE ( 'NONE', *, *, #7190, .F. ) ;
#5169 = ADVANCED_FACE ( 'NONE', ( #816 ), #6916, .F. ) ;
#5170 = ORIENTED_EDGE ( 'NONE', *, *, #2687, .T. ) ;
#5171 = DIRECTION ( 'NONE',  ( 0.000000000000000000, 1.396592535537253342E-14, -1.000000000000000000 ) ) ;
#5172 = EDGE_CURVE ( 'NONE', #4797, #3452, #7811, .T. ) ;
#5173 = ORIENTED_EDGE ( 'NONE', *, *, #2431, .T. ) ;
#5174 = ADVANCED_FACE ( 'NONE', ( #7018 ), #7758, .F. ) ;
#5175 = AXIS2_PLACEMENT_3D ( 'NONE', #2336, #6176, #8373 ) ;
#5176 = CARTESIAN_POINT ( 'NONE',  ( 9.867670518234298527, 13.26881661228799381, 41.34127917092200022 ) ) ;
#5177 = LINE ( 'NONE', #8121, #7674 ) ;
#5178 = DIRECTION ( 'NONE',  ( -1.000000000000000000, 0.000000000000000000, 0.000000000000000000 ) ) ;
#5179 = VERTEX_POINT ( 'NONE', #1618 ) ;
#5180 = DIRECTION ( 'NONE',  ( -0.000000000000000000, -1.396592535537253342E-14, 1.000000000000000000 ) ) ;
#5181 = CARTESIAN_POINT ( 'NONE',  ( 0.000000000000000000, 82.69999999999998863, 0.000000000000000000 ) ) ;
#5182 = ORIENTED_EDGE ( 'NONE', *, *, #600, .T. ) ;
#5183 = ORIENTED_EDGE ( 'NONE', *, *, #2378, .T. ) ;
#5184 = ADVANCED_FACE ( 'NONE', ( #35 ), #4120, .F. ) ;
#5185 = DIRECTION ( 'NONE',  ( 1.000000000000000000, 0.000000000000000000, 0.000000000000000000 ) ) ;
#5186 = CYLINDRICAL_SURFACE ( 'NONE', #3816, 36.00000000000000000 ) ;
#5187 = EDGE_CURVE ( 'NONE', #7320, #2535, #7316, .T. ) ;
#5188 = DIRECTION ( 'NONE',  ( 0.000000000000000000, 0.000000000000000000, -1.000000000000000000 ) ) ;
#5189 = DIRECTION ( 'NONE',  ( 0.000000000000000000, 0.000000000000000000, 1.000000000000000000 ) ) ;
#5190 = DIRECTION ( 'NONE',  ( 1.000000000000000000, -8.673617379884035472E-16, 0.000000000000000000 ) ) ;
#5191 = PRODUCT_DEFINITION_SHAPE ( 'NONE', 'NONE',  #9840 ) ;
#5192 = FACE_OUTER_BOUND ( 'NONE', #1490, .T. ) ;
#5193 = CARTESIAN_POINT ( 'NONE',  ( 38.00000000000000711, -201.1999999999999886, 8.123104788713554552E-15 ) ) ;
#5194 = ORIENTED_EDGE ( 'NONE', *, *, #5400, .F. ) ;
#5195 = ORIENTED_EDGE ( 'NONE', *, *, #7312, .F. ) ;
#5196 = EDGE_LOOP ( 'NONE', ( #8283, #5969, #8749, #8771, #3033 ) ) ;
#5197 = CARTESIAN_POINT ( 'NONE',  ( 35.99999999999999289, 1.367562764689254751, 11.95826074310140896 ) ) ;
#5198 = FACE_OUTER_BOUND ( 'NONE', #9545, .T. ) ;
#5199 = DIRECTION ( 'NONE',  ( 0.000000000000000000, 1.000000000000000000, 1.423362852083534018E-14 ) ) ;
#5200 = CARTESIAN_POINT ( 'NONE',  ( 1.539749897050354256E-14, -44.00000000000000000, -43.00000000000000000 ) ) ;
#5201 = CARTESIAN_POINT ( 'NONE',  ( 0.000000000000000000, 2.918878399272859838E-12, -403.0000000000000000 ) ) ;
#5202 = CARTESIAN_POINT ( 'NONE',  ( 38.68750310502052514, -198.2573272148092656, -8.974572379110066223 ) ) ;
#5203 = CARTESIAN_POINT ( 'NONE',  ( 0.000000000000000000, 0.000000000000000000, -19.00000000000000000 ) ) ;
#5204 = ORIENTED_EDGE ( 'NONE', *, *, #1643, .T. ) ;
#5205 = VECTOR ( 'NONE', #7301, 1000.000000000000000 ) ;
#5206 = ORIENTED_EDGE ( 'NONE', *, *, #1898, .F. ) ;
#5207 = VECTOR ( 'NONE', #5662, 1000.000000000000000 ) ;
#5208 = CARTESIAN_POINT ( 'NONE',  ( 20.16553298119650250, 37.08696644785207042, -32.21508926301953579 ) ) ;
#5209 = DIRECTION ( 'NONE',  ( 1.000000000000000000, 0.000000000000000000, 0.000000000000000000 ) ) ;
#5210 = CIRCLE ( 'NONE', #6814, 27.00000000000000355 ) ;
#5211 = CARTESIAN_POINT ( 'NONE',  ( 36.00000000000000000, -201.1999999999999886, 19.00000000000000000 ) ) ;
#5212 = CIRCLE ( 'NONE', #8726, 3.000000000000002665 ) ;
#5213 = EDGE_CURVE ( 'NONE', #2056, #251, #1415, .T. ) ;
#5214 = CARTESIAN_POINT ( 'NONE',  ( -35.61464024155682750, 5.426187063174160663, 11.98701582130418508 ) ) ;
#5215 = CARTESIAN_POINT ( 'NONE',  ( 34.89292859012118697, 10.52749002328275552, -24.26406658245678827 ) ) ;
#5216 = ORIENTED_EDGE ( 'NONE', *, *, #1514, .F. ) ;
#5217 = AXIS2_PLACEMENT_3D ( 'NONE', #5203, #9793, #1423 ) ;
#5218 = ORIENTED_EDGE ( 'NONE', *, *, #3858, .T. ) ;
#5219 = MECHANICAL_DESIGN_GEOMETRIC_PRESENTATION_REPRESENTATION (  '', ( #7308 ), #2825 ) ;
#5220 = VECTOR ( 'NONE', #9487, 1000.000000000000000 ) ;
#5221 = ORIENTED_EDGE ( 'NONE', *, *, #5474, .F. ) ;
#5222 = VECTOR ( 'NONE', #4671, 1000.000000000000000 ) ;
#5223 = ADVANCED_FACE ( 'NONE', ( #6255 ), #3962, .F. ) ;
#5224 = ADVANCED_FACE ( 'NONE', ( #7810 ), #3811, .T. ) ;
#5225 = DIRECTION ( 'NONE',  ( 0.000000000000000000, -1.396592535537253342E-14, 1.000000000000000000 ) ) ;
#5226 = CARTESIAN_POINT ( 'NONE',  ( -46.49956922558553885, 13.77379991454178132, -113.9999999999999289 ) ) ;
#5227 = CARTESIAN_POINT ( 'NONE',  ( -10.60459098999968575, -31.69192769109931263, 9.000000000000000000 ) ) ;
#5228 = EDGE_CURVE ( 'NONE', #5087, #4830, #4652, .T. ) ;
#5229 = ITEM_DEFINED_TRANSFORMATION ( 'NONE', 'NONE', #2832,  #2024 ) ;
#5230 = CIRCLE ( 'NONE', #3321, 36.00000000000000000 ) ;
#5231 = ORIENTED_EDGE ( 'NONE', *, *, #199, .F. ) ;
#5232 = DIRECTION ( 'NONE',  ( 0.000000000000000000, 1.396592535537253342E-14, -1.000000000000000000 ) ) ;
#5233 = PLANE ( 'NONE',  #5492 ) ;
#5234 = ORIENTED_EDGE ( 'NONE', *, *, #6003, .T. ) ;
#5235 = ORIENTED_EDGE ( 'NONE', *, *, #4259, .T. ) ;
#5236 = CARTESIAN_POINT ( 'NONE',  ( 36.00000000000000000, -201.1999999999999886, -11.95826074310138765 ) ) ;
#5237 = CARTESIAN_POINT ( 'NONE',  ( 30.00037002404992137, 12.31263411384540873, 23.32506966874161591 ) ) ;
#5238 = VERTEX_POINT ( 'NONE', #1673 ) ;
#5239 = CARTESIAN_POINT ( 'NONE',  ( -34.51751045525492145, -54.22455240933833664, -403.0000000000007390 ) ) ;
#5240 = AXIS2_PLACEMENT_3D ( 'NONE', #2970, #6005, #1288 ) ;
#5241 = CARTESIAN_POINT ( 'NONE',  ( 34.51751045525493566, -54.22455240933832243, -403.0000000000007390 ) ) ;
#5242 = FACE_OUTER_BOUND ( 'NONE', #3806, .T. ) ;
#5243 = EDGE_CURVE ( 'NONE', #2685, #8257, #6865, .T. ) ;
#5244 = DIRECTION ( 'NONE',  ( -0.000000000000000000, -1.396592535537253342E-14, 1.000000000000000000 ) ) ;
#5245 = CARTESIAN_POINT ( 'NONE',  ( 22.50000000000000355, 27.00000000000000000, -30.62270399556512501 ) ) ;
#5246 = ORIENTED_EDGE ( 'NONE', *, *, #4479, .T. ) ;
#5247 = EDGE_CURVE ( 'NONE', #4830, #3874, #2709, .T. ) ;
#5248 = VERTEX_POINT ( 'NONE', #9303 ) ;
#5249 = ORIENTED_EDGE ( 'NONE', *, *, #4679, .F. ) ;
#5250 = CARTESIAN_POINT ( 'NONE',  ( -34.51751045525492145, 54.22455240934178988, -212.9999999999996021 ) ) ;
#5251 = CARTESIAN_POINT ( 'NONE',  ( 191.5194180755570699, 6.755772121541173014, -15.00000000000000178 ) ) ;
#5252 = CARTESIAN_POINT ( 'NONE',  ( 38.25142132890803737, 7.323256995510612377, -9.000000000000003553 ) ) ;
#5253 = DIRECTION ( 'NONE',  ( 1.000000000000000000, 0.000000000000000000, 0.000000000000000000 ) ) ;
#5254 = DIRECTION ( 'NONE',  ( -0.000000000000000000, -0.000000000000000000, -1.000000000000000000 ) ) ;
#5255 = CARTESIAN_POINT ( 'NONE',  ( 38.74999999995396394, -199.7257153211830030, -8.968695557329890988 ) ) ;
#5256 = DIRECTION ( 'NONE',  ( -0.2840153447039231449, -0.9588197348681929411, -1.339080484642726365E-14 ) ) ;
#5257 = EDGE_LOOP ( 'NONE', ( #9407, #1481, #5530, #550 ) ) ;
#5258 = AXIS2_PLACEMENT_3D ( 'NONE', #207, #3128, #7785 ) ;
#5259 =( REPRESENTATION_RELATIONSHIP ('NONE','NONE', #4268, #6310 ) REPRESENTATION_RELATIONSHIP_WITH_TRANSFORMATION ( #1843 )SHAPE_REPRESENTATION_RELATIONSHIP( ) );
#5260 = CARTESIAN_POINT ( 'NONE',  ( 21.01873694108092749, 35.06220196568724390, -31.65956208733233979 ) ) ;
#5261 = CARTESIAN_POINT ( 'NONE',  ( -33.07375552197759561, -30.51436867563306521, 19.00000000000000000 ) ) ;
#5262 = AXIS2_PLACEMENT_3D ( 'NONE', #3743, #799, #5329 ) ;
#5263 = CARTESIAN_POINT ( 'NONE',  ( -35.92084013153260003, -198.4573544831870890, 9.186626416931181538 ) ) ;
#5264 = PLANE ( 'NONE',  #3889 ) ;
#5265 = VERTEX_POINT ( 'NONE', #5344 ) ;
#5266 = ORIENTED_EDGE ( 'NONE', *, *, #6937, .T. ) ;
#5267 = DIRECTION ( 'NONE',  ( -0.000000000000000000, -0.000000000000000000, -1.000000000000000000 ) ) ;
#5268 = ORIENTED_EDGE ( 'NONE', *, *, #4613, .F. ) ;
#5269 = AXIS2_PLACEMENT_3D ( 'NONE', #8635, #3435, #6436 ) ;
#5270 = CARTESIAN_POINT ( 'NONE',  ( 16.93189613174727981, 41.83503141079102505, 34.02314506107379088 ) ) ;
#5271 = DIRECTION ( 'NONE',  ( -1.000000000000000000, 0.000000000000000000, 0.000000000000000000 ) ) ;
#5272 = DIRECTION ( 'NONE',  ( 1.000000000000000000, 0.000000000000000000, 0.000000000000000000 ) ) ;
#5273 = CIRCLE ( 'NONE', #4630, 36.00000000000000000 ) ;
#5274 = EDGE_LOOP ( 'NONE', ( #4611, #5485, #3069, #2285 ) ) ;
#5275 = CARTESIAN_POINT ( 'NONE',  ( 4.592425496802574367E-15, -35.99999999999658939, -438.0000000000005116 ) ) ;
#5276 = VECTOR ( 'NONE', #8198, 1000.000000000000000 ) ;
#5277 = ORIENTED_EDGE ( 'NONE', *, *, #9177, .F. ) ;
#5278 = ORIENTED_EDGE ( 'NONE', *, *, #2563, .T. ) ;
#5279 = CARTESIAN_POINT ( 'NONE',  ( 38.00000000000000000, -95.70788891204318816, 8.123104788713556130E-15 ) ) ;
#5280 = ADVANCED_FACE ( 'NONE', ( #8445, #7862 ), #864, .T. ) ;
#5281 = CARTESIAN_POINT ( 'NONE',  ( 0.000000000000000000, 0.000000000000000000, -99.00000000000000000 ) ) ;
#5282 = ORIENTED_EDGE ( 'NONE', *, *, #2482, .F. ) ;
#5283 = EDGE_CURVE ( 'NONE', #287, #85, #1899, .T. ) ;
#5284 = AXIS2_PLACEMENT_3D ( 'NONE', #9636, #8881, #8137 ) ;
#5285 = CARTESIAN_POINT ( 'NONE',  ( 191.5194180755570699, 0.000000000000000000, 25.00000000000000000 ) ) ;
#5286 = DIRECTION ( 'NONE',  ( -0.000000000000000000, 0.000000000000000000, 1.000000000000000000 ) ) ;
#5287 = CARTESIAN_POINT ( 'NONE',  ( 18.49218940641788222, 49.99999999999999289, 8.999999999999998224 ) ) ;
#5288 = CARTESIAN_POINT ( 'NONE',  ( 22.87790625487069818, -171.1999999999999886, -9.269897892228652125 ) ) ;
#5289 = DIRECTION ( 'NONE',  ( -0.000000000000000000, -0.000000000000000000, 1.000000000000000000 ) ) ;
#5290 = FACE_BOUND ( 'NONE', #3936, .T. ) ;
#5291 = CARTESIAN_POINT ( 'NONE',  ( -3.023454826331367862, 4.653851154961099468, 37.90833102813436284 ) ) ;
#5292 = ORIENTED_EDGE ( 'NONE', *, *, #9511, .T. ) ;
#5293 = ORIENTED_EDGE ( 'NONE', *, *, #3338, .T. ) ;
#5294 = EDGE_CURVE ( 'NONE', #4968, #100, #2228, .T. ) ;
#5295 = EDGE_CURVE ( 'NONE', #6034, #6298, #5230, .T. ) ;
#5296 = ORIENTED_EDGE ( 'NONE', *, *, #1476, .T. ) ;
#5297 = CARTESIAN_POINT ( 'NONE',  ( 0.000000000000000000, 0.000000000000000000, -64.00000000000000000 ) ) ;
#5298 = DIRECTION ( 'NONE',  ( 1.541976423090495633E-16, 1.000000000000000000, -0.000000000000000000 ) ) ;
#5299 = CARTESIAN_POINT ( 'NONE',  ( 1.539749897050354256E-14, 74.00000000000014211, -156.9999999999994884 ) ) ;
#5300 = DIRECTION ( 'NONE',  ( -0.000000000000000000, 1.000000000000000000, -0.000000000000000000 ) ) ;
#5301 = LINE ( 'NONE', #2067, #7943 ) ;
#5302 = CARTESIAN_POINT ( 'NONE',  ( -34.68085474984253835, 9.678230334258227430, 24.56611411406793266 ) ) ;
#5303 = DIRECTION ( 'NONE',  ( 0.000000000000000000, 0.000000000000000000, 1.000000000000000000 ) ) ;
#5304 = ORIENTED_EDGE ( 'NONE', *, *, #6017, .F. ) ;
#5305 = EDGE_CURVE ( 'NONE', #7437, #7549, #5607, .T. ) ;
#5306 = CIRCLE ( 'NONE', #227, 42.50000000000000711 ) ;
#5307 =( REPRESENTATION_RELATIONSHIP ('NONE','NONE', #4268, #8339 ) REPRESENTATION_RELATIONSHIP_WITH_TRANSFORMATION ( #9812 )SHAPE_REPRESENTATION_RELATIONSHIP( ) );
#5308 = CARTESIAN_POINT ( 'NONE',  ( 30.00000000000001421, -43.99999999999999289, -43.00000000000000000 ) ) ;
#5309 = CARTESIAN_POINT ( 'NONE',  ( 38.89087296526012238, 38.89087296526356141, -440.9999999999994316 ) ) ;
#5310 = AXIS2_PLACEMENT_3D ( 'NONE', #7083, #336, #4713 ) ;
#5311 = CARTESIAN_POINT ( 'NONE',  ( 46.49956922558554595, -13.77379991453899599, -403.0000000000001705 ) ) ;
#5312 = CARTESIAN_POINT ( 'NONE',  ( 32.74056772808336291, 15.81671066900313960, 19.30599407153654568 ) ) ;
#5313 = ORIENTED_EDGE ( 'NONE', *, *, #7138, .F. ) ;
#5314 = VERTEX_POINT ( 'NONE', #1919 ) ;
#5315 = CARTESIAN_POINT ( 'NONE',  ( 2.241506488796023877, 43.76000975971634688, -42.44449679392887731 ) ) ;
#5316 = VECTOR ( 'NONE', #5627, 1000.000000000000000 ) ;
#5317 = CARTESIAN_POINT ( 'NONE',  ( 5.952727771428386383, 48.71116071533280945, 37.53786868413521915 ) ) ;
#5318 = DIRECTION ( 'NONE',  ( -0.000000000000000000, -1.396592535537253342E-14, 1.000000000000000000 ) ) ;
#5319 = ORIENTED_EDGE ( 'NONE', *, *, #2671, .T. ) ;
#5320 = DIRECTION ( 'NONE',  ( -0.000000000000000000, -0.000000000000000000, 1.000000000000000000 ) ) ;
#5321 = ORIENTED_EDGE ( 'NONE', *, *, #8595, .F. ) ;
#5322 = ORIENTED_EDGE ( 'NONE', *, *, #1963, .T. ) ;
#5323 = CARTESIAN_POINT ( 'NONE',  ( 35.07692307692307310, -193.1000328731765023, -11.99999999999998934 ) ) ;
#5324 = CARTESIAN_POINT ( 'NONE',  ( 32.31098884280703487, 15.41602615938556298, 19.99999999999999645 ) ) ;
#5325 = ORIENTED_EDGE ( 'NONE', *, *, #2925, .F. ) ;
#5326 = FACE_OUTER_BOUND ( 'NONE', #8966, .T. ) ;
#5327 = LINE ( 'NONE', #7639, #9731 ) ;
#5328 = DIRECTION ( 'NONE',  ( 1.000000000000000000, 0.000000000000000000, 0.000000000000000000 ) ) ;
#5329 = DIRECTION ( 'NONE',  ( 0.000000000000000000, -1.000000000000000000, -1.480297366166875808E-14 ) ) ;
#5330 = CIRCLE ( 'NONE', #3585, 9.000000000000001776 ) ;
#5331 = LINE ( 'NONE', #8377, #288 ) ;
#5332 = CARTESIAN_POINT ( 'NONE',  ( 1.657975655542604885E-14, -145.5999999999999943, -5.999999999999999112 ) ) ;
#5333 = DIRECTION ( 'NONE',  ( 0.000000000000000000, 1.000000000000000000, 1.110223024625593254E-14 ) ) ;
#5334 = VERTEX_POINT ( 'NONE', #7114 ) ;
#5335 = ORIENTED_EDGE ( 'NONE', *, *, #908, .F. ) ;
#5336 = ORIENTED_EDGE ( 'NONE', *, *, #3708, .F. ) ;
#5337 = CARTESIAN_POINT ( 'NONE',  ( 1.539749897050354256E-14, 43.99999999999987210, -116.9999999999997158 ) ) ;
#5338 = CARTESIAN_POINT ( 'NONE',  ( 1.106884595926295456E-14, -55.59999999999998010, 4.999999999999999112 ) ) ;
#5339 = FACE_OUTER_BOUND ( 'NONE', #4289, .T. ) ;
#5340 = ADVANCED_FACE ( 'NONE', ( #464 ), #7498, .F. ) ;
#5341 = DIRECTION ( 'NONE',  ( -0.000000000000000000, -1.000000000000000000, -0.000000000000000000 ) ) ;
#5342 = ADVANCED_FACE ( 'NONE', ( #1965 ), #4954, .T. ) ;
#5343 = EDGE_CURVE ( 'NONE', #3039, #8297, #3480, .T. ) ;
#5344 = CARTESIAN_POINT ( 'NONE',  ( 36.00000000000000000, 0.000000000000000000, -11.95826074310138765 ) ) ;
#5345 = DIRECTION ( 'NONE',  ( 0.000000000000000000, -6.982962677686266711E-15, 1.000000000000000000 ) ) ;
#5346 = CARTESIAN_POINT ( 'NONE',  ( -34.51751045525492145, 54.22455240934222331, -273.9999999999996589 ) ) ;
#5347 = ORIENTED_EDGE ( 'NONE', *, *, #9148, .T. ) ;
#5348 = TOROIDAL_SURFACE ( 'NONE', #6639, 30.00000000000000000, 3.000000000000000000 ) ;
#5349 = CARTESIAN_POINT ( 'NONE',  ( 13.17826771044064138, 45.24049463250872094, -35.64309758807814177 ) ) ;
#5350 = FACE_OUTER_BOUND ( 'NONE', #2438, .T. ) ;
#5351 = FACE_OUTER_BOUND ( 'NONE', #9520, .T. ) ;
#5352 = EDGE_CURVE ( 'NONE', #1636, #8566, #3805, .T. ) ;
#5353 = CARTESIAN_POINT ( 'NONE',  ( -38.89087296526011528, 38.89087296526378168, -455.9999999999994884 ) ) ;
#5354 = DIRECTION ( 'NONE',  ( 0.000000000000000000, 1.396592535537253342E-14, -1.000000000000000000 ) ) ;
#5355 = VECTOR ( 'NONE', #6550, 1000.000000000000000 ) ;
#5356 = DIRECTION ( 'NONE',  ( -0.000000000000000000, -1.396592535537253342E-14, 1.000000000000000000 ) ) ;
#5357 = VERTEX_POINT ( 'NONE', #3314 ) ;
#5358 = AXIS2_PLACEMENT_3D ( 'NONE', #3556, #9648, #474 ) ;
#5359 = EDGE_LOOP ( 'NONE', ( #4301, #9650, #8474, #6348 ) ) ;
#5360 = EDGE_CURVE ( 'NONE', #9250, #8459, #9386, .T. ) ;
#5361 = CIRCLE ( 'NONE', #1546, 3.000000000000002665 ) ;
#5362 = ORIENTED_EDGE ( 'NONE', *, *, #6951, .F. ) ;
#5363 = AXIS2_PLACEMENT_3D ( 'NONE', #4284, #2783, #4334 ) ;
#5364 = AXIS2_PLACEMENT_3D ( 'NONE', #6922, #3112, #8507 ) ;
#5365 = CARTESIAN_POINT ( 'NONE',  ( 1.897910048701015207, 49.42298409550365790, 37.95443675322302113 ) ) ;
#5366 = CARTESIAN_POINT ( 'NONE',  ( -38.43811293440705867, 5.867700902121765871, 8.990198382905868257 ) ) ;
#5367 =( LENGTH_UNIT ( ) NAMED_UNIT ( * ) SI_UNIT ( .MILLI., .METRE. ) );
#5368 = CIRCLE ( 'NONE', #2192, 27.00000000000000000 ) ;
#5369 = LINE ( 'NONE', #3928, #3790 ) ;
#5370 = ORIENTED_EDGE ( 'NONE', *, *, #4543, .F. ) ;
#5371 = ORIENTED_EDGE ( 'NONE', *, *, #6087, .F. ) ;
#5372 = VECTOR ( 'NONE', #1958, 1000.000000000000000 ) ;
#5373 = ORIENTED_EDGE ( 'NONE', *, *, #5723, .F. ) ;
#5374 = CARTESIAN_POINT ( 'NONE',  ( 1.539749897050354256E-14, -44.00000000000000000, -3.000000000000002665 ) ) ;
#5375 = CARTESIAN_POINT ( 'NONE',  ( -7.000000000000003553, -145.5999999999999943, 5.999999999999999112 ) ) ;
#5376 = B_SPLINE_CURVE_WITH_KNOTS ( 'NONE', 3,
 ( #2592, #4226, #2541, #1938, #5578, #6378 ),
 .UNSPECIFIED., .F., .F.,
 ( 4, 2, 4 ),
 ( 0.000000000000000000, 0.004076250747534580256, 0.008152501495069160511 ),
 .UNSPECIFIED. ) ;
#5377 = AXIS2_PLACEMENT_3D ( 'NONE', #5311, #6873, #8405 ) ;
#5378 = ORIENTED_EDGE ( 'NONE', *, *, #3174, .F. ) ;
#5379 = CARTESIAN_POINT ( 'NONE',  ( -36.00000000000000000, -201.1999999999999886, 19.00000000000000000 ) ) ;
#5380 = VECTOR ( 'NONE', #4015, 1000.000000000000000 ) ;
#5381 = CARTESIAN_POINT ( 'NONE',  ( 27.00000000000001421, -43.99999999999793943, -342.0000000000006253 ) ) ;
#5382 = CARTESIAN_POINT ( 'NONE',  ( 16.89999999999999858, 27.00000000000000000, -38.99538434225262051 ) ) ;
#5383 = CARTESIAN_POINT ( 'NONE',  ( -26.99999999999998579, -44.00000000000000000, -46.00000000000000000 ) ) ;
#5384 = CARTESIAN_POINT ( 'NONE',  ( 0.000000000000000000, 0.000000000000000000, -9.000000000000000000 ) ) ;
#5385 = FACE_OUTER_BOUND ( 'NONE', #5545, .T. ) ;
#5386 = FACE_BOUND ( 'NONE', #3548, .T. ) ;
#5387 = CARTESIAN_POINT ( 'NONE',  ( -9.443379426344769456, 6.564338222195282846, 36.81453097388800444 ) ) ;
#5388 = ORIENTED_EDGE ( 'NONE', *, *, #7367, .T. ) ;
#5389 = EDGE_LOOP ( 'NONE', ( #7105, #595 ) ) ;
#5390 = VERTEX_POINT ( 'NONE', #4113 ) ;
#5391 = CARTESIAN_POINT ( 'NONE',  ( 22.19766113336925883, 23.24935298771177372, -30.84310164621355810 ) ) ;
#5392 = FACE_OUTER_BOUND ( 'NONE', #8574, .T. ) ;
#5393 = DIRECTION ( 'NONE',  ( -0.000000000000000000, -1.000000000000000000, -0.000000000000000000 ) ) ;
#5394 = CARTESIAN_POINT ( 'NONE',  ( 36.00000000000000000, -201.1999999999999886, 11.95826074310140541 ) ) ;
#5395 = CARTESIAN_POINT ( 'NONE',  ( -16.87215767259970889, 25.87908137600361869, -39.00748648106212357 ) ) ;
#5396 = DIRECTION ( 'NONE',  ( 0.000000000000000000, 6.982962677686266711E-15, -1.000000000000000000 ) ) ;
#5397 = DIRECTION ( 'NONE',  ( 1.000000000000000000, -0.000000000000000000, -0.000000000000000000 ) ) ;
#5398 = CIRCLE ( 'NONE', #3648, 26.99999999999999645 ) ;
#5399 = VERTEX_POINT ( 'NONE', #2705 ) ;
#5400 = EDGE_CURVE ( 'NONE', #1956, #8346, #2616, .T. ) ;
#5401 = EDGE_CURVE ( 'NONE', #3596, #8256, #4714, .T. ) ;
#5402 = CARTESIAN_POINT ( 'NONE',  ( 0.000000000000000000, 0.000000000000000000, 0.000000000000000000 ) ) ;
#5403 = DIRECTION ( 'NONE',  ( 1.000000000000000000, 0.000000000000000000, 0.000000000000000000 ) ) ;
#5404 = DIRECTION ( 'NONE',  ( 0.000000000000000000, 0.000000000000000000, 1.000000000000000000 ) ) ;
#5405 = CARTESIAN_POINT ( 'NONE',  ( 0.000000000000000000, 6.493273914772646517E-13, -227.9999999999999716 ) ) ;
#5406 = LINE ( 'NONE', #4708, #2926 ) ;
#5407 = ORIENTED_EDGE ( 'NONE', *, *, #4750, .F. ) ;
#5408 = DIRECTION ( 'NONE',  ( 1.000000000000000000, 0.000000000000000000, 0.000000000000000000 ) ) ;
#5409 = ORIENTED_EDGE ( 'NONE', *, *, #6281, .T. ) ;
#5410 = ADVANCED_FACE ( 'NONE', ( #4490 ), #6839, .T. ) ;
#5411 = EDGE_CURVE ( 'NONE', #3223, #9676, #513, .T. ) ;
#5412 = DIRECTION ( 'NONE',  ( -1.000000000000000000, 0.000000000000000000, -1.141265444721583757E-16 ) ) ;
#5413 = AXIS2_PLACEMENT_3D ( 'NONE', #9633, #4108, #8830 ) ;
#5414 = CARTESIAN_POINT ( 'NONE',  ( 17.84476366519375645, 40.72339875208428595, 33.55335923862958936 ) ) ;
#5415 = EDGE_CURVE ( 'NONE', #147, #6023, #8582, .T. ) ;
#5416 = PRODUCT_CONTEXT ( 'NONE', #3902, 'mechanical' ) ;
#5417 = DIRECTION ( 'NONE',  ( 0.2840153447039231449, 0.9588197348681929411, 0.000000000000000000 ) ) ;
#5418 = ORIENTED_EDGE ( 'NONE', *, *, #2419, .T. ) ;
#5419 = ORIENTED_EDGE ( 'NONE', *, *, #3358, .F. ) ;
#5420 =( REPRESENTATION_RELATIONSHIP ('NONE','NONE', #4268, #1375 ) REPRESENTATION_RELATIONSHIP_WITH_TRANSFORMATION ( #9008 )SHAPE_REPRESENTATION_RELATIONSHIP( ) );
#5421 = CIRCLE ( 'NONE', #8454, 27.00000000000000000 ) ;
#5422 = ORIENTED_EDGE ( 'NONE', *, *, #3024, .F. ) ;
#5423 = VECTOR ( 'NONE', #430, 1000.000000000000000 ) ;
#5424 = DIRECTION ( 'NONE',  ( -0.000000000000000000, 1.396592535537253342E-14, -1.000000000000000000 ) ) ;
#5425 = CARTESIAN_POINT ( 'NONE',  ( -35.36675397411165278, 18.28168187940206479, -14.00497428739595485 ) ) ;
#5426 = ORIENTED_EDGE ( 'NONE', *, *, #5159, .T. ) ;
#5427 = VECTOR ( 'NONE', #4849, 1000.000000000000000 ) ;
#5428 = DIRECTION ( 'NONE',  ( 0.000000000000000000, 0.000000000000000000, 1.000000000000000000 ) ) ;
#5429 = DIRECTION ( 'NONE',  ( 1.000000000000000000, 0.000000000000000000, 0.000000000000000000 ) ) ;
#5430 = CARTESIAN_POINT ( 'NONE',  ( 1.106884595926295456E-14, -55.59999999999998010, -9.000000000000000000 ) ) ;
#5431 = AXIS2_PLACEMENT_3D ( 'NONE', #9111, #3985, #7832 ) ;
#5432 = AXIS2_PLACEMENT_3D ( 'NONE', #3916, #1626, #3971 ) ;
#5433 = ORIENTED_EDGE ( 'NONE', *, *, #9382, .F. ) ;
#5434 = CARTESIAN_POINT ( 'NONE',  ( 5.204748896376250896E-15, 90.00000000000000000, 42.50000000000000711 ) ) ;
#5435 = FACE_OUTER_BOUND ( 'NONE', #6354, .T. ) ;
#5436 = CARTESIAN_POINT ( 'NONE',  ( 0.000000000000000000, 0.000000000000000000, 19.00000000000000000 ) ) ;
#5437 = ORIENTED_EDGE ( 'NONE', *, *, #7936, .F. ) ;
#5438 = ORIENTED_EDGE ( 'NONE', *, *, #9795, .F. ) ;
#5439 = VERTEX_POINT ( 'NONE', #5245 ) ;
#5440 = CIRCLE ( 'NONE', #9431, 17.50000000000000355 ) ;
#5441 = CARTESIAN_POINT ( 'NONE',  ( -38.89087296526011528, -33.89087296525936210, -456.0000000000005116 ) ) ;
#5442 = CARTESIAN_POINT ( 'NONE',  ( -46.49956922558553885, 13.77379991454300345, -288.9999999999998863 ) ) ;
#5443 = VECTOR ( 'NONE', #862, 1000.000000000000000 ) ;
#5444 = ORIENTED_EDGE ( 'NONE', *, *, #723, .F. ) ;
#5445 = DIRECTION ( 'NONE',  ( 1.000000000000000000, 0.000000000000000000, 0.000000000000000000 ) ) ;
#5446 = DIRECTION ( 'NONE',  ( -1.000000000000000000, 0.000000000000000000, 0.000000000000000000 ) ) ;
#5447 = DIRECTION ( 'NONE',  ( -0.000000000000000000, 1.000000000000000000, -0.000000000000000000 ) ) ;
#5448 = FACE_OUTER_BOUND ( 'NONE', #5257, .T. ) ;
#5449 = CARTESIAN_POINT ( 'NONE',  ( -24.91987158875422637, -171.1999999999999886, -9.000000000000003553 ) ) ;
#5450 = CARTESIAN_POINT ( 'NONE',  ( 0.000000000000000000, 0.000000000000000000, -42.50000000000000711 ) ) ;
#5451 = CYLINDRICAL_SURFACE ( 'NONE', #8565, 27.00000000000000000 ) ;
#5452 = EDGE_LOOP ( 'NONE', ( #681, #1142, #9670, #4009, #5765, #5170, #5580, #6622 ) ) ;
#5453 =( BOUNDED_CURVE ( )  B_SPLINE_CURVE ( 3, ( #407, #9446, #4242, #2049 ),
 .UNSPECIFIED., .F., .T. ) 
 B_SPLINE_CURVE_WITH_KNOTS ( ( 4, 4 ),
 ( 4.712388980384689674, 7.853981633974482790 ),
 .UNSPECIFIED. ) 
 CURVE ( )  GEOMETRIC_REPRESENTATION_ITEM ( )  RATIONAL_B_SPLINE_CURVE ( ( 1.000000000000000000, 0.3333333333333333703, 0.3333333333333333703, 1.000000000000000000 ) ) 
 REPRESENTATION_ITEM ( '' )  );
#5454 = DIRECTION ( 'NONE',  ( 1.000000000000000000, 1.776356839400252042E-15, 0.000000000000000000 ) ) ;
#5455 = CYLINDRICAL_SURFACE ( 'NONE', #9582, 1.000000000000000888 ) ;
#5456 = DIRECTION ( 'NONE',  ( -0.000000000000000000, 6.982962677686266711E-15, -1.000000000000000000 ) ) ;
#5457 = CARTESIAN_POINT ( 'NONE',  ( 64.56989347527211009, -47.23059238027742168, -274.0000000000003411 ) ) ;
#5458 = DIRECTION ( 'NONE',  ( 1.000000000000000000, 0.000000000000000000, 0.000000000000000000 ) ) ;
#5459 = ORIENTED_EDGE ( 'NONE', *, *, #2729, .T. ) ;
#5460 = DIRECTION ( 'NONE',  ( 0.000000000000000000, 1.396592535537253342E-14, -1.000000000000000000 ) ) ;
#5461 = EDGE_CURVE ( 'NONE', #9352, #7631, #7142, .T. ) ;
#5462 = ORIENTED_EDGE ( 'NONE', *, *, #6129, .F. ) ;
#5463 = ORIENTED_EDGE ( 'NONE', *, *, #2363, .F. ) ;
#5464 = DIRECTION ( 'NONE',  ( 0.000000000000000000, 0.000000000000000000, 1.000000000000000000 ) ) ;
#5465 = ADVANCED_FACE ( 'NONE', ( #2798, #5829 ), #2102, .T. ) ;
#5466 = AXIS2_PLACEMENT_3D ( 'NONE', #1638, #9268, #881 ) ;
#5467 = CARTESIAN_POINT ( 'NONE',  ( 22.34622667088705938, 30.02229222736975700, 30.73728037256177004 ) ) ;
#5468 = CARTESIAN_POINT ( 'NONE',  ( -2.792112057891785515, 10.32299177285272052, 42.41170141787213055 ) ) ;
#5469 = ITEM_DEFINED_TRANSFORMATION ( 'NONE', 'NONE', #8410,  #2024 ) ;
#5470 = EDGE_CURVE ( 'NONE', #2476, #4692, #5695, .T. ) ;
#5471 = CARTESIAN_POINT ( 'NONE',  ( -10.32334456983027593, 40.39180709362059929, -41.22948788855448043 ) ) ;
#5472 = EDGE_CURVE ( 'NONE', #4149, #9365, #8187, .T. ) ;
#5473 = ORIENTED_EDGE ( 'NONE', *, *, #4882, .T. ) ;
#5474 = EDGE_CURVE ( 'NONE', #5883, #4918, #4300, .T. ) ;
#5475 = ORIENTED_EDGE ( 'NONE', *, *, #8887, .F. ) ;
#5476 = ORIENTED_EDGE ( 'NONE', *, *, #9461, .T. ) ;
#5477 = CARTESIAN_POINT ( 'NONE',  ( 5.204749478119698868E-15, 43.89999999999999858, 42.50000000000000711 ) ) ;
#5478 = CARTESIAN_POINT ( 'NONE',  ( -37.96853445382857473, 20.74511375178408557, 1.795980744473340662 ) ) ;
#5479 = VERTEX_POINT ( 'NONE', #8138 ) ;
#5480 = AXIS2_PLACEMENT_3D ( 'NONE', #4134, #7135, #7088 ) ;
#5481 = DIRECTION ( 'NONE',  ( -0.000000000000000000, -0.000000000000000000, -1.000000000000000000 ) ) ;
#5482 = DIRECTION ( 'NONE',  ( -0.000000000000000000, -0.000000000000000000, -1.000000000000000000 ) ) ;
#5483 = CARTESIAN_POINT ( 'NONE',  ( 0.000000000000000000, 0.000000000000000000, -38.99999999999998579 ) ) ;
#5484 = LINE ( 'NONE', #6943, #7127 ) ;
#5485 = ORIENTED_EDGE ( 'NONE', *, *, #306, .T. ) ;
#5486 = DIRECTION ( 'NONE',  ( -0.000000000000000000, -0.000000000000000000, 1.000000000000000000 ) ) ;
#5487 = DIRECTION ( 'NONE',  ( 0.000000000000000000, -6.982962677686266711E-15, 1.000000000000000000 ) ) ;
#5488 = EDGE_CURVE ( 'NONE', #3115, #9741, #7455, .T. ) ;
#5489 = CARTESIAN_POINT ( 'NONE',  ( 4.807381863935388911E-15, 4.499999999999996447, 38.00000000000000711 ) ) ;
#5490 = ORIENTED_EDGE ( 'NONE', *, *, #1703, .F. ) ;
#5491 = TOROIDAL_SURFACE ( 'NONE', #1504, 39.00000000000000000, 3.000000000000000000 ) ;
#5492 = AXIS2_PLACEMENT_3D ( 'NONE', #8511, #1441, #3921 ) ;
#5493 = EDGE_LOOP ( 'NONE', ( #2872, #4591, #4709, #630 ) ) ;
#5494 = ORIENTED_EDGE ( 'NONE', *, *, #5790, .F. ) ;
#5495 = LINE ( 'NONE', #5549, #8616 ) ;
#5496 = CYLINDRICAL_SURFACE ( 'NONE', #3485, 22.50000000000000355 ) ;
#5497 = ADVANCED_FACE ( 'NONE', ( #1458 ), #2974, .F. ) ;
#5498 = ORIENTED_EDGE ( 'NONE', *, *, #4450, .T. ) ;
#5499 = DIRECTION ( 'NONE',  ( 0.000000000000000000, 6.982962677686266711E-15, -1.000000000000000000 ) ) ;
#5500 =( NAMED_UNIT ( * ) PLANE_ANGLE_UNIT ( ) SI_UNIT ( $, .RADIAN. ) );
#5501 = DIRECTION ( 'NONE',  ( 0.000000000000000000, 0.000000000000000000, -1.000000000000000000 ) ) ;
#5502 = DIRECTION ( 'NONE',  ( -0.2840153447039231449, -0.9588197348681929411, 0.000000000000000000 ) ) ;
#5503 = DIRECTION ( 'NONE',  ( 1.000000000000000000, 1.224646799147353207E-16, 8.551662891793917213E-31 ) ) ;
#5504 = CARTESIAN_POINT ( 'NONE',  ( 1.539749897050354256E-14, 43.99999999999974420, -98.99999999999972999 ) ) ;
#5505 = DIRECTION ( 'NONE',  ( -0.000000000000000000, -1.396592535537253342E-14, 1.000000000000000000 ) ) ;
#5506 = EDGE_LOOP ( 'NONE', ( #1765, #533, #1010, #2256 ) ) ;
#5507 = CYLINDRICAL_SURFACE ( 'NONE', #8143, 16.89999999999999858 ) ;
#5508 = PRODUCT_RELATED_PRODUCT_CATEGORY ( 'part', '', ( #6719 ) ) ;
#5509 = FACE_OUTER_BOUND ( 'NONE', #9106, .T. ) ;
#5510 = CARTESIAN_POINT ( 'NONE',  ( 64.56989347527211009, -47.23059238027811801, -175.0000000000003411 ) ) ;
#5511 = CARTESIAN_POINT ( 'NONE',  ( 36.00000000000000000, 1.203555677215231181E-12, -324.0000000000000000 ) ) ;
#5512 = CARTESIAN_POINT ( 'NONE',  ( 35.33905490542223760, 18.25618843314568807, -13.99702298371101783 ) ) ;
#5513 = EDGE_LOOP ( 'NONE', ( #2505, #3782, #4398, #404 ) ) ;
#5514 = CIRCLE ( 'NONE', #5982, 5.000000000002360778 ) ;
#5515 = VECTOR ( 'NONE', #5074, 1000.000000000000000 ) ;
#5516 = ORIENTED_EDGE ( 'NONE', *, *, #3574, .T. ) ;
#5517 = CARTESIAN_POINT ( 'NONE',  ( 0.000000000000000000, -35.99999999999867839, -324.0000000000005116 ) ) ;
#5518 = CIRCLE ( 'NONE', #2174, 9.000000000000001776 ) ;
#5519 = PLANE ( 'NONE',  #6222 ) ;
#5520 = CARTESIAN_POINT ( 'NONE',  ( -36.00000000000000000, -2.459167398028817402E-15, 9.198662110077982845 ) ) ;
#5521 = ITEM_DEFINED_TRANSFORMATION ( 'NONE', 'NONE', #7160,  #2024 ) ;
#5522 = CARTESIAN_POINT ( 'NONE',  ( -15.17677515031608237, 34.51558765885095426, -39.70040512359039298 ) ) ;
#5523 = CARTESIAN_POINT ( 'NONE',  ( 64.56989347527211009, 47.23059238027839513, -46.00000000000000000 ) ) ;
#5524 = ORIENTED_EDGE ( 'NONE', *, *, #2297, .T. ) ;
#5525 = ORIENTED_EDGE ( 'NONE', *, *, #6340, .T. ) ;
#5526 = VERTEX_POINT ( 'NONE', #2250 ) ;
#5527 = LINE ( 'NONE', #890, #4148 ) ;
#5528 = CIRCLE ( 'NONE', #3308, 39.00000000000000000 ) ;
#5529 = AXIS2_PLACEMENT_3D ( 'NONE', #8433, #7700, #7796 ) ;
#5530 = ORIENTED_EDGE ( 'NONE', *, *, #1589, .T. ) ;
#5531 = ADVANCED_FACE ( 'NONE', ( #6127 ), #2292, .T. ) ;
#5532 = EDGE_CURVE ( 'NONE', #2029, #1431, #7934, .T. ) ;
#5533 = VECTOR ( 'NONE', #1675, 1000.000000000000114 ) ;
#5534 = EDGE_CURVE ( 'NONE', #7781, #9690, #9178, .T. ) ;
#5535 = DIRECTION ( 'NONE',  ( -0.000000000000000000, -0.000000000000000000, -1.000000000000000000 ) ) ;
#5536 = DIRECTION ( 'NONE',  ( -0.7071067811865463515, 0.000000000000000000, -0.7071067811865487940 ) ) ;
#5537 = CARTESIAN_POINT ( 'NONE',  ( -8.919190210719644796, 0.4674349519468558034, 9.000000000000000000 ) ) ;
#5538 = DIRECTION ( 'NONE',  ( -1.000000000000000222, 2.706168622523819067E-14, -2.185675205309122862E-16 ) ) ;
#5539 =( GEOMETRIC_REPRESENTATION_CONTEXT ( 3 ) GLOBAL_UNCERTAINTY_ASSIGNED_CONTEXT ( ( #2758 ) ) GLOBAL_UNIT_ASSIGNED_CONTEXT ( ( #1798, #6175, #2390 ) ) REPRESENTATION_CONTEXT ( 'NONE', 'WORKASPACE' ) );
#5540 = AXIS2_PLACEMENT_3D ( 'NONE', #5939, #3710, #7411 ) ;
#5541 = EDGE_LOOP ( 'NONE', ( #5409, #4095, #7153, #1362 ) ) ;
#5542 = DIRECTION ( 'NONE',  ( 0.000000000000000000, -1.000000000000000000, 0.000000000000000000 ) ) ;
#5543 = DIRECTION ( 'NONE',  ( -8.881784197001254296E-16, 1.000000000000000000, 7.195889974422311904E-15 ) ) ;
#5544 = CARTESIAN_POINT ( 'NONE',  ( -22.30995811664655903, 23.98691614971814090, 30.76157534073539424 ) ) ;
#5545 = EDGE_LOOP ( 'NONE', ( #8367, #1849, #3431, #3247, #2822 ) ) ;
#5546 = ORIENTED_EDGE ( 'NONE', *, *, #4258, .F. ) ;
#5547 = AXIS2_PLACEMENT_3D ( 'NONE', #6102, #3974, #90 ) ;
#5548 = VERTEX_POINT ( 'NONE', #7591 ) ;
#5549 = CARTESIAN_POINT ( 'NONE',  ( 4.837354856632043874E-15, 4.299999999999999822, 39.49999999999999289 ) ) ;
#5550 = FACE_OUTER_BOUND ( 'NONE', #8407, .T. ) ;
#5551 = AXIS2_PLACEMENT_3D ( 'NONE', #3246, #3343, #9435 ) ;
#5552 = ADVANCED_FACE ( 'NONE', ( #2343 ), #750, .F. ) ;
#5553 = VERTEX_POINT ( 'NONE', #6946 ) ;
#5554 = AXIS2_PLACEMENT_3D ( 'NONE', #4653, #7019, #8501 ) ;
#5555 = EDGE_CURVE ( 'NONE', #7800, #7724, #8537, .T. ) ;
#5556 = CARTESIAN_POINT ( 'NONE',  ( 0.000000000000000000, 1.096237002849186125E-12, -292.0000000000000000 ) ) ;
#5557 =( LENGTH_UNIT ( ) NAMED_UNIT ( * ) SI_UNIT ( .MILLI., .METRE. ) );
#5558 = DIRECTION ( 'NONE',  ( 0.9588197348681929411, 0.2840153447039231449, 1.983268551957695050E-15 ) ) ;
#5559 = CARTESIAN_POINT ( 'NONE',  ( -6.735557395310464703E-15, -54.99999999999634070, -456.0000000000007958 ) ) ;
#5560 = EDGE_CURVE ( 'NONE', #3098, #5730, #3775, .T. ) ;
#5561 = CARTESIAN_POINT ( 'NONE',  ( -14.64270475007170624, 18.49120149403228908, -39.90311906180711077 ) ) ;
#5562 = CARTESIAN_POINT ( 'NONE',  ( 38.75000000000000000, 0.000000000000000000, 8.968695557326057610 ) ) ;
#5563 = AXIS2_PLACEMENT_3D ( 'NONE', #8000, #5744, #9494 ) ;
#5564 = VERTEX_POINT ( 'NONE', #3801 ) ;
#5565 = DIRECTION ( 'NONE',  ( 0.000000000000000000, 1.000000000000000000, 6.938893903907228378E-15 ) ) ;
#5566 = CYLINDRICAL_SURFACE ( 'NONE', #6656, 4.999999999998033573 ) ;
#5567 = DIRECTION ( 'NONE',  ( 0.000000000000000000, -1.000000000000000000, -1.396592535537253342E-14 ) ) ;
#5568 = PLANE ( 'NONE',  #3937 ) ;
#5569 = CARTESIAN_POINT ( 'NONE',  ( 37.83830693742152107, 20.62142837411936824, -3.619072189880276902 ) ) ;
#5570 = EDGE_LOOP ( 'NONE', ( #7915, #2934 ) ) ;
#5571 = VECTOR ( 'NONE', #9538, 1000.000000000000114 ) ;
#5572 = ORIENTED_EDGE ( 'NONE', *, *, #2115, .F. ) ;
#5573 = DIRECTION ( 'NONE',  ( -0.000000000000000000, 1.000000000000000000, -0.000000000000000000 ) ) ;
#5574 = CARTESIAN_POINT ( 'NONE',  ( 1.539749897050354256E-14, -44.00000000000000000, -3.000000000000002665 ) ) ;
#5575 = CARTESIAN_POINT ( 'NONE',  ( -36.00000000000000000, 0.000000000000000000, 19.00000000000000000 ) ) ;
#5576 = ITEM_DEFINED_TRANSFORMATION ( 'NONE', 'NONE', #5849,  #2024 ) ;
#5577 = DIRECTION ( 'NONE',  ( 1.000000000000000000, 0.000000000000000000, 9.637352644315595243E-17 ) ) ;
#5578 = CARTESIAN_POINT ( 'NONE',  ( 36.00000000000000000, 1.367562764689255195, -11.95826074310139120 ) ) ;
#5579 = VERTEX_POINT ( 'NONE', #1712 ) ;
#5580 = ORIENTED_EDGE ( 'NONE', *, *, #3773, .T. ) ;
#5581 = ORIENTED_EDGE ( 'NONE', *, *, #2166, .F. ) ;
#5582 = ORIENTED_EDGE ( 'NONE', *, *, #3638, .T. ) ;
#5583 = AXIS2_PLACEMENT_3D ( 'NONE', #5279, #2140, #57 ) ;
#5584 = VECTOR ( 'NONE', #2589, 1000.000000000000114 ) ;
#5585 = FACE_BOUND ( 'NONE', #7854, .T. ) ;
#5586 = CARTESIAN_POINT ( 'NONE',  ( 22.30949557729511668, 23.98308780363374382, 30.76191168983335444 ) ) ;
#5587 = CARTESIAN_POINT ( 'NONE',  ( 0.000000000000000000, 71.09999999999999432, 0.000000000000000000 ) ) ;
#5588 = DIRECTION ( 'NONE',  ( 0.1884548733085491812, -2.775557561562891351E-17, 0.9820818503191366400 ) ) ;
#5589 = EDGE_LOOP ( 'NONE', ( #5462, #7373, #3432, #7246, #4147, #7823, #4278, #5422, #3375, #5490, #4857, #4086, #8074, #4575, #880, #3967 ) ) ;
#5590 = TOROIDAL_SURFACE ( 'NONE', #1290, 30.00000000000000000, 3.000000000000000000 ) ;
#5591 = AXIS2_PLACEMENT_3D ( 'NONE', #4299, #7214, #2655 ) ;
#5592 = CARTESIAN_POINT ( 'NONE',  ( 38.74999999999985789, -199.7268035184360713, 8.968695557326945789 ) ) ;
#5593 = EDGE_LOOP ( 'NONE', ( #2077, #9035, #9536, #4614 ) ) ;
#5594 = ADVANCED_FACE ( 'NONE', ( #3195, #4743, #5386, #7002, #6183, #69, #3249, #110, #4639, #3090 ), #6240, .F. ) ;
#5595 = ORIENTED_EDGE ( 'NONE', *, *, #187, .T. ) ;
#5596 = ADVANCED_FACE ( 'NONE', ( #852 ), #3049, .T. ) ;
#5597 = ORIENTED_EDGE ( 'NONE', *, *, #4274, .T. ) ;
#5598 = CARTESIAN_POINT ( 'NONE',  ( 4.653657836759942730E-15, 0.000000000000000000, 38.00000000000000711 ) ) ;
#5599 = AXIS2_PLACEMENT_3D ( 'NONE', #9609, #2073, #4413 ) ;
#5600 = CARTESIAN_POINT ( 'NONE',  ( 35.38612840771844503, 6.760952852633841381, 11.99999999927687888 ) ) ;
#5601 = CIRCLE ( 'NONE', #8633, 22.50000000000000000 ) ;
#5602 = TOROIDAL_SURFACE ( 'NONE', #7986, 7.000000000000000000, 1.000000000000000000 ) ;
#5603 = CARTESIAN_POINT ( 'NONE',  ( 13.82967212023960712, 9.191951402737450039, -35.41731281862032432 ) ) ;
#5604 = FACE_OUTER_BOUND ( 'NONE', #9241, .T. ) ;
#5605 = CARTESIAN_POINT ( 'NONE',  ( -22.48353060487828259, -171.1999999999999886, 9.407652717443276913 ) ) ;
#5606 = CARTESIAN_POINT ( 'NONE',  ( 0.000000000000000000, 0.000000000000000000, 15.00000000000000000 ) ) ;
#5607 = LINE ( 'NONE', #373, #2206 ) ;
#5608 = CIRCLE ( 'NONE', #8722, 36.00000000000000000 ) ;
#5609 = EDGE_CURVE ( 'NONE', #4538, #9817, #9128, .T. ) ;
#5610 = ADVANCED_FACE ( 'NONE', ( #2451, #7054, #6296, #2399, #5435, #9336, #5290, #8378, #1502 ), #4533, .T. ) ;
#5611 = ORIENTED_EDGE ( 'NONE', *, *, #4247, .T. ) ;
#5612 = EDGE_CURVE ( 'NONE', #5439, #867, #802, .T. ) ;
#5613 = AXIS2_PLACEMENT_3D ( 'NONE', #8148, #3380, #7923 ) ;
#5614 = B_SPLINE_CURVE_WITH_KNOTS ( 'NONE', 3,
 ( #5323, #8369, #791, #7582, #740, #5236 ),
 .UNSPECIFIED., .F., .F.,
 ( 4, 2, 4 ),
 ( 0.000000000000000000, 0.004076250747534572449, 0.008152501495069144899 ),
 .UNSPECIFIED. ) ;
#5615 = CARTESIAN_POINT ( 'NONE',  ( 1.106884595926295456E-14, -55.59999999999998010, -5.999999999999999112 ) ) ;
#5616 = CIRCLE ( 'NONE', #1805, 22.50000000000000355 ) ;
#5617 = CARTESIAN_POINT ( 'NONE',  ( 15.38813394865594830, 19.99137958083074551, -39.61701056597660653 ) ) ;
#5618 = CARTESIAN_POINT ( 'NONE',  ( -8.081115863013625500, 48.00201897425515085, -37.13251494121634266 ) ) ;
#5619 = DIRECTION ( 'NONE',  ( 0.000000000000000000, 1.396592535537253342E-14, -1.000000000000000000 ) ) ;
#5620 = CARTESIAN_POINT ( 'NONE',  ( 37.73924663238852872, 20.52735661889738594, -4.535840349447398445 ) ) ;
#5621 = ORIENTED_EDGE ( 'NONE', *, *, #8347, .T. ) ;
#5622 = EDGE_CURVE ( 'NONE', #7781, #5314, #1553, .T. ) ;
#5623 = ORIENTED_EDGE ( 'NONE', *, *, #5739, .T. ) ;
#5624 = DIRECTION ( 'NONE',  ( -1.000000000000000000, -0.000000000000000000, -1.141265444721583757E-16 ) ) ;
#5625 = CARTESIAN_POINT ( 'NONE',  ( -28.61817604250837377, 0.000000000000000000, 25.00000000000000000 ) ) ;
#5626 = DIRECTION ( 'NONE',  ( 0.000000000000000000, 6.982962677686266711E-15, -1.000000000000000000 ) ) ;
#5627 = DIRECTION ( 'NONE',  ( -0.000000000000000000, -1.000000000000000000, -0.000000000000000000 ) ) ;
#5628 = VERTEX_POINT ( 'NONE', #1763 ) ;
#5629 = ORIENTED_EDGE ( 'NONE', *, *, #7001, .T. ) ;
#5630 = ORIENTED_EDGE ( 'NONE', *, *, #1727, .T. ) ;
#5631 = EDGE_LOOP ( 'NONE', ( #9084, #8044, #5137, #6526 ) ) ;
#5632 = DIRECTION ( 'NONE',  ( 0.000000000000000000, -1.000000000000000000, -6.982962677686265922E-15 ) ) ;
#5633 = CARTESIAN_POINT ( 'NONE',  ( 4.807381863935388911E-15, 4.499999999999996447, 38.00000000000000711 ) ) ;
#5634 = DIRECTION ( 'NONE',  ( 1.541976423090496126E-16, 1.000000000000000000, -0.000000000000000000 ) ) ;
#5635 = DIRECTION ( 'NONE',  ( 1.000000000000000000, 0.000000000000000000, 0.000000000000000000 ) ) ;
#5636 = PRODUCT_DEFINITION ( 'UNKNOWN', '', #6325, #9548 ) ;
#5637 = ORIENTED_EDGE ( 'NONE', *, *, #834, .F. ) ;
#5638 = CARTESIAN_POINT ( 'NONE',  ( 38.00000000000000711, -201.1999999999999886, 8.123104788713554552E-15 ) ) ;
#5639 = CIRCLE ( 'NONE', #5786, 30.00000000000000000 ) ;
#5640 = FACE_BOUND ( 'NONE', #2417, .T. ) ;
#5641 = ORIENTED_EDGE ( 'NONE', *, *, #9134, .F. ) ;
#5642 = ORIENTED_EDGE ( 'NONE', *, *, #1446, .F. ) ;
#5643 = SURFACE_STYLE_FILL_AREA ( #7803 ) ;
#5644 = AXIS2_PLACEMENT_3D ( 'NONE', #298, #6475, #7971 ) ;
#5645 = CARTESIAN_POINT ( 'NONE',  ( 36.00000000000000000, 1.360878165056200961, 11.95826074310140896 ) ) ;
#5646 = CARTESIAN_POINT ( 'NONE',  ( 55.00000000000000000, 3.439480226684050396E-12, -441.0000000000000000 ) ) ;
#5647 = LINE ( 'NONE', #8745, #6704 ) ;
#5648 = DIRECTION ( 'NONE',  ( 0.000000000000000000, -6.982962677686266711E-15, 1.000000000000000000 ) ) ;
#5649 = EDGE_CURVE ( 'NONE', #2606, #8425, #3219, .T. ) ;
#5650 = CARTESIAN_POINT ( 'NONE',  ( -26.99999999999998579, 44.00000000000001421, -116.9999999999997158 ) ) ;
#5651 = AXIS2_PLACEMENT_3D ( 'NONE', #8868, #8968, #4383 ) ;
#5652 = CARTESIAN_POINT ( 'NONE',  ( -2.220730581849593932, 10.23726965226282992, -42.44557199907458056 ) ) ;
#5653 = ORIENTED_EDGE ( 'NONE', *, *, #3215, .F. ) ;
#5654 = ORIENTED_EDGE ( 'NONE', *, *, #6844, .T. ) ;
#5655 = EDGE_CURVE ( 'NONE', #503, #1582, #8871, .T. ) ;
#5656 = ADVANCED_FACE ( 'NONE', ( #8404 ), #5566, .F. ) ;
#5657 = CARTESIAN_POINT ( 'NONE',  ( 5.204749478119698868E-15, 43.89999999999999858, 42.50000000000000711 ) ) ;
#5658 = DIRECTION ( 'NONE',  ( 0.000000000000000000, 1.000000000000000000, 6.982962677686266711E-15 ) ) ;
#5659 = EDGE_CURVE ( 'NONE', #8202, #7713, #2817, .T. ) ;
#5660 = DIRECTION ( 'NONE',  ( 0.000000000000000000, 0.000000000000000000, 1.000000000000000000 ) ) ;
#5661 = CARTESIAN_POINT ( 'NONE',  ( 38.00000000000000000, -192.4250356126078714, -8.999999999999991118 ) ) ;
#5662 = DIRECTION ( 'NONE',  ( -0.000000000000000000, 1.000000000000000000, -0.000000000000000000 ) ) ;
#5663 = EDGE_LOOP ( 'NONE', ( #3020, #8580, #6581, #9803 ) ) ;
#5664 = ORIENTED_EDGE ( 'NONE', *, *, #3904, .F. ) ;
#5665 = DIRECTION ( 'NONE',  ( 1.541976423090495633E-16, 1.000000000000000000, 0.000000000000000000 ) ) ;
#5666 = DIRECTION ( 'NONE',  ( 1.000000000000000000, 0.000000000000000000, 0.000000000000000000 ) ) ;
#5667 = ADVANCED_FACE ( 'NONE', ( #5509 ), #89, .F. ) ;
#5668 = FACE_OUTER_BOUND ( 'NONE', #3930, .T. ) ;
#5669 = CARTESIAN_POINT ( 'NONE',  ( -38.75000000000000000, -201.1999999999999886, 8.968695557326032741 ) ) ;
#5670 = ITEM_DEFINED_TRANSFORMATION ( 'NONE', 'NONE', #4580,  #2024 ) ;
#5671 = DIRECTION ( 'NONE',  ( 0.000000000000000000, 6.982962677686266711E-15, -1.000000000000000000 ) ) ;
#5672 = EDGE_CURVE ( 'NONE', #8553, #7691, #7775, .T. ) ;
#5673 = DIRECTION ( 'NONE',  ( -0.000000000000000000, -0.000000000000000000, -1.000000000000000000 ) ) ;
#5674 = ORIENTED_EDGE ( 'NONE', *, *, #5032, .F. ) ;
#5675 = ORIENTED_EDGE ( 'NONE', *, *, #5609, .T. ) ;
#5676 = CIRCLE ( 'NONE', #2161, 1.000000000000000000 ) ;
#5677 = ORIENTED_EDGE ( 'NONE', *, *, #5892, .F. ) ;
#5678 = ORIENTED_EDGE ( 'NONE', *, *, #4020, .T. ) ;
#5679 = VECTOR ( 'NONE', #5447, 1000.000000000000000 ) ;
#5680 = DIRECTION ( 'NONE',  ( 1.000000000000000000, 0.000000000000000000, 0.000000000000000000 ) ) ;
#5681 = CARTESIAN_POINT ( 'NONE',  ( 21.60166559828553190, 20.69467435522025411, 31.26317272851378348 ) ) ;
#5682 = FACE_OUTER_BOUND ( 'NONE', #855, .T. ) ;
#5683 = CYLINDRICAL_SURFACE ( 'NONE', #2301, 4.499999999999998224 ) ;
#5684 = CARTESIAN_POINT ( 'NONE',  ( -64.56989347527211009, -47.23059238027784090, -213.0000000000003411 ) ) ;
#5685 = DIRECTION ( 'NONE',  ( -0.000000000000000000, 0.000000000000000000, 1.000000000000000000 ) ) ;
#5686 = ORIENTED_EDGE ( 'NONE', *, *, #6141, .T. ) ;
#5687 = AXIS2_PLACEMENT_3D ( 'NONE', #511, #8880, #1310 ) ;
#5688 = AXIS2_PLACEMENT_3D ( 'NONE', #1855, #1055, #6387 ) ;
#5689 = EDGE_LOOP ( 'NONE', ( #3433, #1531, #6015, #3031 ) ) ;
#5690 = DIRECTION ( 'NONE',  ( 0.000000000000000000, -6.982962677686266711E-15, 1.000000000000000000 ) ) ;
#5691 = CYLINDRICAL_SURFACE ( 'NONE', #7175, 5.000000000002245315 ) ;
#5692 = CIRCLE ( 'NONE', #7137, 9.000000000000001776 ) ;
#5693 = PRODUCT ( '5. Connecting Cap', '5. Connecting Cap', '', ( #4378 ) ) ;
#5694 = CARTESIAN_POINT ( 'NONE',  ( 38.00000000000000711, -201.1999999999999886, 8.123104788713554552E-15 ) ) ;
#5695 = CIRCLE ( 'NONE', #4107, 9.000000000000000000 ) ;
#5696 = LINE ( 'NONE', #461, #1443 ) ;
#5697 = DIRECTION ( 'NONE',  ( -1.000000000000000000, 0.000000000000000000, 0.000000000000000000 ) ) ;
#5698 = DIRECTION ( 'NONE',  ( 0.000000000000000000, 0.000000000000000000, -1.000000000000000000 ) ) ;
#5699 = ORIENTED_EDGE ( 'NONE', *, *, #6268, .T. ) ;
#5700 = ORIENTED_EDGE ( 'NONE', *, *, #1766, .F. ) ;
#5701 = AXIS2_PLACEMENT_3D ( 'NONE', #7295, #2698, #7991 ) ;
#5702 = AXIS2_PLACEMENT_3D ( 'NONE', #9422, #2591, #1844 ) ;
#5703 = CARTESIAN_POINT ( 'NONE',  ( 8.485617228862256667, 41.62568282886132209, 41.64721746491959209 ) ) ;
#5704 = CARTESIAN_POINT ( 'NONE',  ( 1.539749897050354256E-14, 44.00000000000014921, -156.9999999999997158 ) ) ;
#5705 = FACE_OUTER_BOUND ( 'NONE', #6319, .T. ) ;
#5706 = AXIS2_PLACEMENT_3D ( 'NONE', #6866, #5345, #8393 ) ;
#5707 = CARTESIAN_POINT ( 'NONE',  ( -55.00000000000000000, 5.000000000000255795, -440.9999999999999432 ) ) ;
#5708 = CARTESIAN_POINT ( 'NONE',  ( -22.50000000000000355, 27.00000000000000355, -30.62270399556512857 ) ) ;
#5709 = DIRECTION ( 'NONE',  ( -1.000000000000000000, 0.000000000000000000, -9.637352644315595243E-17 ) ) ;
#5710 = VERTEX_POINT ( 'NONE', #8559 ) ;
#5711 = ADVANCED_FACE ( 'NONE', ( #4605 ), #2512, .T. ) ;
#5712 = ADVANCED_FACE ( 'NONE', ( #1629 ), #1026, .T. ) ;
#5713 = EDGE_LOOP ( 'NONE', ( #3254, #3142, #2799, #4774 ) ) ;
#5714 = DIRECTION ( 'NONE',  ( 0.000000000000000000, 1.000000000000000000, 0.000000000000000000 ) ) ;
#5715 = CARTESIAN_POINT ( 'NONE',  ( 13.73087436319320709, 36.86767313114300748, 40.22209398005556125 ) ) ;
#5716 = CARTESIAN_POINT ( 'NONE',  ( 10.57375552197761159, -30.51436867563304389, -8.999999999999998224 ) ) ;
#5717 = CARTESIAN_POINT ( 'NONE',  ( 46.49956922558554595, 13.77379991454166408, -98.99999999999994316 ) ) ;
#5718 = LINE ( 'NONE', #1091, #3726 ) ;
#5719 = ORIENTED_EDGE ( 'NONE', *, *, #7932, .F. ) ;
#5720 = ORIENTED_EDGE ( 'NONE', *, *, #673, .T. ) ;
#5721 = EDGE_CURVE ( 'NONE', #3976, #128, #7665, .T. ) ;
#5722 = EDGE_LOOP ( 'NONE', ( #1528, #5909 ) ) ;
#5723 = EDGE_CURVE ( 'NONE', #7281, #7328, #8396, .T. ) ;
#5724 = ADVANCED_FACE ( 'NONE', ( #3268 ), #7073, .T. ) ;
#5725 = PRODUCT_DEFINITION_SHAPE ( 'NONE', 'NONE',  #9845 ) ;
#5726 = CARTESIAN_POINT ( 'NONE',  ( -22.50000000000000355, 27.00000000000000355, -19.00000000000000000 ) ) ;
#5727 = CARTESIAN_POINT ( 'NONE',  ( 38.00000000000000000, 47.19999999999999574, 4.500000000000005329 ) ) ;
#5728 = CARTESIAN_POINT ( 'NONE',  ( 0.000000000000000000, 4.299999999999999822, 0.000000000000000000 ) ) ;
#5729 = CARTESIAN_POINT ( 'NONE',  ( 9.816368496166609617E-12, 245.2000000000001023, 433.0000000000000000 ) ) ;
#5730 = VERTEX_POINT ( 'NONE', #1683 ) ;
#5731 = CARTESIAN_POINT ( 'NONE',  ( -5.211978077973158818, 5.099305607717381505, -37.64805318902472209 ) ) ;
#5732 = CARTESIAN_POINT ( 'NONE',  ( -38.00000000000000000, 60.00000000000000000, 4.499999999999983125 ) ) ;
#5733 = ORIENTED_EDGE ( 'NONE', *, *, #1160, .T. ) ;
#5734 = CIRCLE ( 'NONE', #5100, 3.000000000000002665 ) ;
#5735 = ORIENTED_EDGE ( 'NONE', *, *, #2445, .T. ) ;
#5736 = ADVANCED_FACE ( 'NONE', ( #6968 ), #7766, .T. ) ;
#5737 = LINE ( 'NONE', #9587, #2350 ) ;
#5738 = FACE_OUTER_BOUND ( 'NONE', #6432, .T. ) ;
#5739 = EDGE_CURVE ( 'NONE', #2373, #3569, #1880, .T. ) ;
#5740 = DIRECTION ( 'NONE',  ( 0.000000000000000000, 6.982962677686266711E-15, -1.000000000000000000 ) ) ;
#5741 = LINE ( 'NONE', #8792, #8620 ) ;
#5742 = DIRECTION ( 'NONE',  ( 1.000000000000000000, 0.000000000000000000, 0.000000000000000000 ) ) ;
#5743 = CARTESIAN_POINT ( 'NONE',  ( 0.000000000000000000, 3.001792575929515181E-13, -178.0000000000000284 ) ) ;
#5744 = DIRECTION ( 'NONE',  ( 0.000000000000000000, -6.982962677686266711E-15, 1.000000000000000000 ) ) ;
#5745 = ORIENTED_EDGE ( 'NONE', *, *, #5555, .T. ) ;
#5746 = EDGE_LOOP ( 'NONE', ( #8813, #3621, #5373, #9658, #6749 ) ) ;
#5747 = AXIS2_PLACEMENT_3D ( 'NONE', #2689, #2642, #7285 ) ;
#5748 = AXIS2_PLACEMENT_3D ( 'NONE', #8610, #6967, #2421 ) ;
#5749 = DIRECTION ( 'NONE',  ( 0.000000000000000000, 1.396592535537253342E-14, -1.000000000000000000 ) ) ;
#5750 = CARTESIAN_POINT ( 'NONE',  ( 1.539749897050354256E-14, -44.00000000000000000, 15.00000000000000000 ) ) ;
#5751 = CARTESIAN_POINT ( 'NONE',  ( 8.506725249719567117, 41.64378235352904056, -41.65035562216937137 ) ) ;
#5752 = AXIS2_PLACEMENT_3D ( 'NONE', #7162, #7807, #1014 ) ;
#5753 = CARTESIAN_POINT ( 'NONE',  ( 15.14822706252732232, 19.48692832059133906, -39.70968545923254567 ) ) ;
#5754 = FACE_OUTER_BOUND ( 'NONE', #2123, .T. ) ;
#5755 = CARTESIAN_POINT ( 'NONE',  ( 4.776122516674677878E-15, -38.99999999999970157, -178.0000000000002842 ) ) ;
#5756 = ORIENTED_EDGE ( 'NONE', *, *, #6881, .F. ) ;
#5757 = APPLICATION_CONTEXT ( 'automotive_design' ) ;
#5758 = AXIS2_PLACEMENT_3D ( 'NONE', #7410, #2109, #4873 ) ;
#5759 = DIRECTION ( 'NONE',  ( 1.224646799147353207E-16, 1.000000000000000000, -0.000000000000000000 ) ) ;
#5760 = DIRECTION ( 'NONE',  ( 0.000000000000000000, 0.000000000000000000, 1.000000000000000000 ) ) ;
#5761 = DIRECTION ( 'NONE',  ( 0.000000000000000000, 0.000000000000000000, -1.000000000000000000 ) ) ;
#5762 = CARTESIAN_POINT ( 'NONE',  ( 36.18439834249961251, 13.60861493643323605, -22.29490734873240854 ) ) ;
#5763 = ORIENTED_EDGE ( 'NONE', *, *, #3823, .F. ) ;
#5764 = VERTEX_POINT ( 'NONE', #7118 ) ;
#5765 = ORIENTED_EDGE ( 'NONE', *, *, #9320, .T. ) ;
#5766 = ORIENTED_EDGE ( 'NONE', *, *, #1036, .F. ) ;
#5767 = EDGE_CURVE ( 'NONE', #2456, #887, #5212, .T. ) ;
#5768 = EDGE_CURVE ( 'NONE', #4100, #5912, #981, .T. ) ;
#5769 = DIRECTION ( 'NONE',  ( -0.000000000000000000, -1.000000000000000000, -0.000000000000000000 ) ) ;
#5770 = CARTESIAN_POINT ( 'NONE',  ( 22.50000000000000355, 27.00000000000000355, 30.62270399556512857 ) ) ;
#5771 = FACE_OUTER_BOUND ( 'NONE', #2556, .T. ) ;
#5772 = EDGE_CURVE ( 'NONE', #264, #5390, #9356, .T. ) ;
#5773 = APPLICATION_PROTOCOL_DEFINITION ( 'draft international standard', 'automotive_design', 1998, #5757 ) ;
#5774 = DIRECTION ( 'NONE',  ( 0.000000000000000000, 0.000000000000000000, 1.000000000000000000 ) ) ;
#5775 = CARTESIAN_POINT ( 'NONE',  ( 0.000000000000000000, 3.407685786710898357E-12, -438.0000000000000000 ) ) ;
#5776 = DIRECTION ( 'NONE',  ( -0.000000000000000000, -0.000000000000000000, -1.000000000000000000 ) ) ;
#5777 = EDGE_LOOP ( 'NONE', ( #394, #3374, #2777, #1397 ) ) ;
#5778 = VERTEX_POINT ( 'NONE', #6366 ) ;
#5779 = AXIS2_PLACEMENT_3D ( 'NONE', #6797, #4534, #5333 ) ;
#5780 = CARTESIAN_POINT ( 'NONE',  ( 4.837354856632044663E-15, 78.39999999999999147, -39.50000000000000000 ) ) ;
#5781 = CARTESIAN_POINT ( 'NONE',  ( 38.89087296526012238, 38.89087296526377457, -455.9999999999994884 ) ) ;
#5782 = CARTESIAN_POINT ( 'NONE',  ( -8.000000000000003553, -145.5999999999999659, 4.999999999999999112 ) ) ;
#5783 = CARTESIAN_POINT ( 'NONE',  ( 191.5194180755570699, 0.000000000000000000, 25.00000000000000000 ) ) ;
#5784 = CARTESIAN_POINT ( 'NONE',  ( 0.000000000000000000, 6.493273914772646517E-13, -227.9999999999999716 ) ) ;
#5785 = EDGE_CURVE ( 'NONE', #9440, #7788, #8514, .T. ) ;
#5786 = AXIS2_PLACEMENT_3D ( 'NONE', #5070, #9704, #5947 ) ;
#5787 = DIRECTION ( 'NONE',  ( 1.000000000000000000, 0.000000000000000000, 0.000000000000000000 ) ) ;
#5788 = CARTESIAN_POINT ( 'NONE',  ( -7.007894053860892924, 11.61162633119705667, -41.92139611453227843 ) ) ;
#5789 = ORIENTED_EDGE ( 'NONE', *, *, #8389, .F. ) ;
#5790 = EDGE_CURVE ( 'NONE', #5832, #6823, #472, .T. ) ;
#5791 = ORIENTED_EDGE ( 'NONE', *, *, #2749, .T. ) ;
#5792 = AXIS2_PLACEMENT_3D ( 'NONE', #997, #4037, #9373 ) ;
#5793 = CARTESIAN_POINT ( 'NONE',  ( 34.51751045525493566, 54.22455240934151277, -174.9999999999996589 ) ) ;
#5794 = DIRECTION ( 'NONE',  ( 0.000000000000000000, 0.000000000000000000, -1.000000000000000000 ) ) ;
#5795 = DIRECTION ( 'NONE',  ( -0.000000000000000000, 6.982962677686266711E-15, -1.000000000000000000 ) ) ;
#5796 = CARTESIAN_POINT ( 'NONE',  ( 35.61183127812027038, -195.7524782914860566, -9.128065913154539857 ) ) ;
#5797 = DIRECTION ( 'NONE',  ( -0.000000000000000000, 0.000000000000000000, 1.000000000000000000 ) ) ;
#5798 = ORIENTED_EDGE ( 'NONE', *, *, #81, .F. ) ;
#5799 = CIRCLE ( 'NONE', #1511, 42.50000000000000711 ) ;
#5800 = CARTESIAN_POINT ( 'NONE',  ( 0.000000000000000000, 78.39999999999999147, 0.000000000000000000 ) ) ;
#5801 = DIRECTION ( 'NONE',  ( 0.000000000000000000, -1.000000000000000000, 0.000000000000000000 ) ) ;
#5802 = CIRCLE ( 'NONE', #1522, 36.00000000000000000 ) ;
#5803 = CARTESIAN_POINT ( 'NONE',  ( 0.000000000000000000, 1.744859293945986921E-13, -160.0000000000000284 ) ) ;
#5804 = CARTESIAN_POINT ( 'NONE',  ( -36.00000000000000000, 1.207964405692168412E-12, -292.0000000000000000 ) ) ;
#5805 = CARTESIAN_POINT ( 'NONE',  ( 34.68085474984255967, 9.678230334258227430, -24.56611411406794687 ) ) ;
#5806 = VERTEX_POINT ( 'NONE', #4862 ) ;
#5807 = ORIENTED_EDGE ( 'NONE', *, *, #2053, .T. ) ;
#5808 = ORIENTED_EDGE ( 'NONE', *, *, #9271, .F. ) ;
#5809 = ORIENTED_EDGE ( 'NONE', *, *, #7667, .T. ) ;
#5810 = CARTESIAN_POINT ( 'NONE',  ( 16.78787997218841710, 24.76199198537246460, 39.04450462084531637 ) ) ;
#5811 = CARTESIAN_POINT ( 'NONE',  ( -35.99999999992327560, -199.8304178125995918, -9.198662110062670649 ) ) ;
#5812 = DIRECTION ( 'NONE',  ( 1.000000000000000000, -2.657596365196468469E-14, 1.400478097368556769E-16 ) ) ;
#5813 = ORIENTED_EDGE ( 'NONE', *, *, #9692, .F. ) ;
#5814 = CARTESIAN_POINT ( 'NONE',  ( -1.528597692279901166, 4.499999999999999112, -38.00000000000002132 ) ) ;
#5815 = LINE ( 'NONE', #4339, #1189 ) ;
#5816 = EDGE_LOOP ( 'NONE', ( #9281, #7888, #6626, #9163 ) ) ;
#5817 = EDGE_LOOP ( 'NONE', ( #8727, #2282, #5183, #9702 ) ) ;
#5818 = DIRECTION ( 'NONE',  ( 0.000000000000000000, 1.396592535537253342E-14, -1.000000000000000000 ) ) ;
#5819 = EDGE_CURVE ( 'NONE', #100, #101, #6928, .T. ) ;
#5820 = AXIS2_PLACEMENT_3D ( 'NONE', #4594, #3058, #1565 ) ;
#5821 = CARTESIAN_POINT ( 'NONE',  ( -38.25142132890803026, -193.8767430044893842, -9.000000000000014211 ) ) ;
#5822 = EDGE_CURVE ( 'NONE', #264, #8064, #5836, .T. ) ;
#5823 = CARTESIAN_POINT ( 'NONE',  ( 38.75000000000000000, -201.1999999999999886, 8.968695557326057610 ) ) ;
#5824 = B_SPLINE_CURVE_WITH_KNOTS ( 'NONE', 3,
 ( #3165, #9202, #2962, #1477, #3301, #8452, #5260, #5208, #8252, #721, #1426, #3016, #2268, #6765, #2364, #5349, #7516, #6966, #676, #8400, #6049, #3110, #5994, #8301, #1625, #3817 ),
 .UNSPECIFIED., .F., .F.,
 ( 4, 2, 2, 2, 2, 2, 2, 2, 2, 2, 2, 2, 4 ),
 ( 0.000000000000000000, 0.004511151503401622173, 0.006766727255102433260, 0.009022303006803244346, 0.01353345451020487519, 0.01804460601360650604, 0.02030018176530731452, 0.02142796964115772224, 0.02255575751700812648, 0.02706690902040977814, 0.02932248477211060050, 0.03157806052381142287, 0.03608921202721307453 ),
 .UNSPECIFIED. ) ;
#5825 = CYLINDRICAL_SURFACE ( 'NONE', #4615, 42.50000000000000711 ) ;
#5826 = CARTESIAN_POINT ( 'NONE',  ( -8.071115841706770766, 48.01541850621671159, 37.13949049260752844 ) ) ;
#5827 = CYLINDRICAL_SURFACE ( 'NONE', #2264, 27.00000000000000000 ) ;
#5828 = CIRCLE ( 'NONE', #9663, 40.00000000000000000 ) ;
#5829 = FACE_OUTER_BOUND ( 'NONE', #7929, .T. ) ;
#5830 = ORIENTED_EDGE ( 'NONE', *, *, #6720, .F. ) ;
#5831 = AXIS2_PLACEMENT_3D ( 'NONE', #4522, #6064, #7075 ) ;
#5832 = VERTEX_POINT ( 'NONE', #4121 ) ;
#5833 = EDGE_CURVE ( 'NONE', #8553, #3481, #8754, .T. ) ;
#5834 = EDGE_CURVE ( 'NONE', #5390, #1414, #4729, .T. ) ;
#5835 = AXIS2_PLACEMENT_3D ( 'NONE', #2600, #309, #1193 ) ;
#5836 = CIRCLE ( 'NONE', #6498, 5.000000000000941469 ) ;
#5837 = UNCERTAINTY_MEASURE_WITH_UNIT (LENGTH_MEASURE( 1.000000000000000082E-05 ), #8230, 'distance_accuracy_value', 'NONE');
#5838 = EDGE_CURVE ( 'NONE', #6948, #5098, #8076, .T. ) ;
#5839 = CARTESIAN_POINT ( 'NONE',  ( 41.92050961139745624, 20.15883973202062762, -7.220252216595315353 ) ) ;
#5840 = VECTOR ( 'NONE', #3139, 1000.000000000000114 ) ;
#5841 = CARTESIAN_POINT ( 'NONE',  ( 33.07375552197760982, -30.51436867563304389, 9.000000000000000000 ) ) ;
#5842 = CARTESIAN_POINT ( 'NONE',  ( 56.90275806167118589, -150.8206776050439828, 9.000000000000000000 ) ) ;
#5843 = DIRECTION ( 'NONE',  ( -0.000000000000000000, -1.396592535537253342E-14, 1.000000000000000000 ) ) ;
#5844 = DIRECTION ( 'NONE',  ( 0.000000000000000000, 0.000000000000000000, -1.000000000000000000 ) ) ;
#5845 = FACE_OUTER_BOUND ( 'NONE', #5777, .T. ) ;
#5846 = COLOUR_RGB ( '',0.7921568627450980005, 0.8196078431372548767, 0.9333333333333333481 ) ;
#5847 = ORIENTED_EDGE ( 'NONE', *, *, #5649, .T. ) ;
#5848 = AXIS2_PLACEMENT_3D ( 'NONE', #6923, #4554, #7028 ) ;
#5849 = AXIS2_PLACEMENT_3D ( 'NONE', #8070, #6586, #5027 ) ;
#5850 = CIRCLE ( 'NONE', #6670, 36.00000000000000000 ) ;
#5851 = DIRECTION ( 'NONE',  ( 1.000000000000000000, 0.000000000000000000, 0.000000000000000000 ) ) ;
#5852 = LINE ( 'NONE', #3471, #8934 ) ;
#5853 = CARTESIAN_POINT ( 'NONE',  ( 46.49956922558554595, 13.77379991454166408, -98.99999999999994316 ) ) ;
#5854 = CARTESIAN_POINT ( 'NONE',  ( -38.25123110765726864, -193.8756446672425113, 8.999999999999984013 ) ) ;
#5855 = CARTESIAN_POINT ( 'NONE',  ( 0.000000000000000000, 0.000000000000000000, 19.00000000000000000 ) ) ;
#5856 = ORIENTED_EDGE ( 'NONE', *, *, #910, .T. ) ;
#5857 = ORIENTED_EDGE ( 'NONE', *, *, #8837, .T. ) ;
#5858 = ORIENTED_EDGE ( 'NONE', *, *, #980, .F. ) ;
#5859 = DIRECTION ( 'NONE',  ( 0.000000000000000000, -1.000000000000000000, 0.000000000000000000 ) ) ;
#5860 = VERTEX_POINT ( 'NONE', #5707 ) ;
#5861 = PLANE ( 'NONE',  #4058 ) ;
#5862 = LINE ( 'NONE', #5226, #6557 ) ;
#5863 = DIRECTION ( 'NONE',  ( -0.000000000000000000, -0.000000000000000000, -1.000000000000000000 ) ) ;
#5864 = DIRECTION ( 'NONE',  ( 0.6788445492057318953, -2.937423737255307999E-16, 0.7342820153140529049 ) ) ;
#5865 = AXIS2_PLACEMENT_3D ( 'NONE', #6827, #5859, #9057 ) ;
#5866 = VERTEX_POINT ( 'NONE', #1832 ) ;
#5867 = CARTESIAN_POINT ( 'NONE',  ( 0.000000000000000000, 27.00000000000000000, -19.00000000000000000 ) ) ;
#5868 = DIRECTION ( 'NONE',  ( 0.000000000000000000, 0.000000000000000000, 1.000000000000000000 ) ) ;
#5869 = EDGE_LOOP ( 'NONE', ( #2487, #3326 ) ) ;
#5870 = EDGE_LOOP ( 'NONE', ( #4796, #8886, #1593, #4384 ) ) ;
#5871 = CARTESIAN_POINT ( 'NONE',  ( 1.539749897050354256E-14, 44.00000000000095923, -273.9999999999997158 ) ) ;
#5872 = DIRECTION ( 'NONE',  ( -0.000000000000000000, 6.982962677686266711E-15, -1.000000000000000000 ) ) ;
#5873 = VECTOR ( 'NONE', #553, 1000.000000000000000 ) ;
#5874 = LINE ( 'NONE', #9682, #4506 ) ;
#5875 = PRESENTATION_STYLE_ASSIGNMENT (( #5971 ) ) ;
#5876 = LINE ( 'NONE', #5241, #3369 ) ;
#5877 = CARTESIAN_POINT ( 'NONE',  ( -5.935036504423907289, 48.71617666475778918, 37.54076589544202847 ) ) ;
#5878 = PLANE ( 'NONE',  #2594 ) ;
#5879 = EDGE_CURVE ( 'NONE', #7733, #3787, #3317, .T. ) ;
#5880 = AXIS2_PLACEMENT_3D ( 'NONE', #156, #5424, #6936 ) ;
#5881 = EDGE_CURVE ( 'NONE', #1286, #2078, #1238, .T. ) ;
#5882 = DIRECTION ( 'NONE',  ( 0.000000000000000000, -1.000000000000000000, 0.000000000000000000 ) ) ;
#5883 = VERTEX_POINT ( 'NONE', #5008 ) ;
#5884 = VERTEX_POINT ( 'NONE', #1926 ) ;
#5885 = ORIENTED_EDGE ( 'NONE', *, *, #9575, .F. ) ;
#5886 = LINE ( 'NONE', #809, #6062 ) ;
#5887 = FACE_OUTER_BOUND ( 'NONE', #3486, .T. ) ;
#5888 = CARTESIAN_POINT ( 'NONE',  ( 38.75000000000000000, 1.473196481563969096, -8.968695557326041623 ) ) ;
#5889 = ADVANCED_FACE ( 'NONE', ( #1876 ), #8051, .T. ) ;
#5890 = DIRECTION ( 'NONE',  ( -1.141265444721583757E-16, 0.000000000000000000, 1.000000000000000000 ) ) ;
#5891 = EDGE_CURVE ( 'NONE', #205, #1582, #5301, .T. ) ;
#5892 = EDGE_CURVE ( 'NONE', #5564, #6104, #6989, .T. ) ;
#5893 = DIRECTION ( 'NONE',  ( 0.000000000000000000, 1.000000000000000000, 1.387778780781445676E-14 ) ) ;
#5894 = CARTESIAN_POINT ( 'NONE',  ( 1.539749897050354256E-14, 44.00000000000093792, -270.9999999999996589 ) ) ;
#5895 = CYLINDRICAL_SURFACE ( 'NONE', #3770, 4.999999999996803446 ) ;
#5896 = VERTEX_POINT ( 'NONE', #2907 ) ;
#5897 = AXIS2_PLACEMENT_3D ( 'NONE', #7490, #6077, #9024 ) ;
#5898 = AXIS2_PLACEMENT_3D ( 'NONE', #4488, #6695, #1500 ) ;
#5899 = AXIS2_PLACEMENT_3D ( 'NONE', #5981, #5150, #7771 ) ;
#5900 = DIRECTION ( 'NONE',  ( -0.000000000000000000, 1.000000000000000000, 0.000000000000000000 ) ) ;
#5901 = DIRECTION ( 'NONE',  ( -0.000000000000000000, -1.396592535537253342E-14, 1.000000000000000000 ) ) ;
#5902 = CIRCLE ( 'NONE', #5431, 26.99999999999999645 ) ;
#5903 = DIRECTION ( 'NONE',  ( -0.000000000000000000, 1.000000000000000000, 0.000000000000000000 ) ) ;
#5904 = ADVANCED_FACE ( 'NONE', ( #1368 ), #8245, .F. ) ;
#5905 = DIRECTION ( 'NONE',  ( 0.2840153447039231449, -0.9588197348681929411, -6.695402423213631826E-15 ) ) ;
#5906 = CARTESIAN_POINT ( 'NONE',  ( 34.83584020179642948, 10.32017447555283063, -24.34589812489312166 ) ) ;
#5907 = ORIENTED_EDGE ( 'NONE', *, *, #2308, .T. ) ;
#5908 = AXIS2_PLACEMENT_3D ( 'NONE', #9335, #3295, #1103 ) ;
#5909 = ORIENTED_EDGE ( 'NONE', *, *, #8037, .T. ) ;
#5910 = ORIENTED_EDGE ( 'NONE', *, *, #5295, .T. ) ;
#5911 = EDGE_CURVE ( 'NONE', #9676, #5764, #4264, .T. ) ;
#5912 = VERTEX_POINT ( 'NONE', #1319 ) ;
#5913 = CIRCLE ( 'NONE', #3376, 7.000000000000000000 ) ;
#5914 = CARTESIAN_POINT ( 'NONE',  ( 16.53687776098880846, -15.25718433781652550, -9.000000000000000000 ) ) ;
#5915 = LINE ( 'NONE', #4519, #6226 ) ;
#5916 = DIRECTION ( 'NONE',  ( 0.000000000000000000, 0.000000000000000000, -1.000000000000000000 ) ) ;
#5917 = CARTESIAN_POINT ( 'NONE',  ( 8.071295062984108995E-14, 284.9999999999986358, 90.99999999999667466 ) ) ;
#5918 = EDGE_LOOP ( 'NONE', ( #7838, #4889 ) ) ;
#5919 = CARTESIAN_POINT ( 'NONE',  ( 38.00000000000000000, 8.774964387392127918, 8.999999999999998224 ) ) ;
#5920 = DIRECTION ( 'NONE',  ( -0.000000000000000000, -1.000000000000000000, -0.000000000000000000 ) ) ;
#5921 = ORIENTED_EDGE ( 'NONE', *, *, #601, .T. ) ;
#5922 = ORIENTED_EDGE ( 'NONE', *, *, #5945, .F. ) ;
#5923 = CARTESIAN_POINT ( 'NONE',  ( -12.70748431918862664, 38.15478255033858090, 40.55740538399827244 ) ) ;
#5924 = DIRECTION ( 'NONE',  ( -1.000000000000000000, 0.000000000000000000, 0.000000000000000000 ) ) ;
#5925 = DIRECTION ( 'NONE',  ( 1.000000000000000000, 0.000000000000000000, -0.000000000000000000 ) ) ;
#5926 = LINE ( 'NONE', #2843, #7659 ) ;
#5927 = DIRECTION ( 'NONE',  ( -1.000000000000000000, 0.000000000000000000, 0.000000000000000000 ) ) ;
#5928 = DIRECTION ( 'NONE',  ( 0.000000000000000000, -1.000000000000000000, -7.116814260417670090E-15 ) ) ;
#5929 = CARTESIAN_POINT ( 'NONE',  ( -38.93560560128499048, 16.96548799984305234, -17.05733898669027226 ) ) ;
#5930 = ORIENTED_EDGE ( 'NONE', *, *, #601, .F. ) ;
#5931 = EDGE_LOOP ( 'NONE', ( #1107, #4395 ) ) ;
#5932 = ORIENTED_EDGE ( 'NONE', *, *, #6029, .F. ) ;
#5933 = EDGE_CURVE ( 'NONE', #1557, #3671, #4754, .T. ) ;
#5934 = CARTESIAN_POINT ( 'NONE',  ( 35.61464024155681329, 5.426187063174159775, 11.98701582130420995 ) ) ;
#5935 = CARTESIAN_POINT ( 'NONE',  ( 0.000000000000000000, 4.299999999999999822, 0.000000000000000000 ) ) ;
#5936 = DIRECTION ( 'NONE',  ( 0.000000000000000000, 1.000000000000000000, 0.000000000000000000 ) ) ;
#5937 = CARTESIAN_POINT ( 'NONE',  ( 20.50000000000000355, 0.000000000000000000, 52.99999999999999289 ) ) ;
#5938 = APPLICATION_CONTEXT ( 'automotive_design' ) ;
#5939 = CARTESIAN_POINT ( 'NONE',  ( 1.539749897050354256E-14, -43.99999999999814548, -327.0000000000006253 ) ) ;
#5940 = DIRECTION ( 'NONE',  ( 0.000000000000000000, 1.000000000000000000, 1.110223024624632421E-14 ) ) ;
#5941 = PLANE ( 'NONE',  #5217 ) ;
#5942 = VERTEX_POINT ( 'NONE', #6044 ) ;
#5943 = EDGE_CURVE ( 'NONE', #4677, #9107, #4356, .T. ) ;
#5944 = AXIS2_PLACEMENT_3D ( 'NONE', #1632, #2318, #5458 ) ;
#5945 = EDGE_CURVE ( 'NONE', #584, #4100, #8567, .T. ) ;
#5946 = EDGE_CURVE ( 'NONE', #8566, #1636, #4574, .T. ) ;
#5947 = DIRECTION ( 'NONE',  ( 0.000000000000000000, -1.000000000000000000, -6.938893903907228378E-15 ) ) ;
#5948 = DIRECTION ( 'NONE',  ( -0.2840153447039231449, -0.9588197348681929411, 0.000000000000000000 ) ) ;
#5949 = DIRECTION ( 'NONE',  ( 0.000000000000000000, 0.000000000000000000, 1.000000000000000000 ) ) ;
#5950 = CYLINDRICAL_SURFACE ( 'NONE', #7787, 5.000000000002360778 ) ;
#5951 = CIRCLE ( 'NONE', #5651, 9.000000000000000000 ) ;
#5952 = CARTESIAN_POINT ( 'NONE',  ( 0.000000000000000000, 0.000000000000000000, 130.0000000000000000 ) ) ;
#5953 = EDGE_LOOP ( 'NONE', ( #6750, #1966, #5922, #5278 ) ) ;
#5954 = ORIENTED_EDGE ( 'NONE', *, *, #4210, .T. ) ;
#5955 = DIRECTION ( 'NONE',  ( -0.000000000000000000, -0.000000000000000000, -1.000000000000000000 ) ) ;
#5956 = ORIENTED_EDGE ( 'NONE', *, *, #1944, .T. ) ;
#5957 = ADVANCED_FACE ( 'NONE', ( #5987 ), #3603, .T. ) ;
#5958 = LINE ( 'NONE', #8912, #1669 ) ;
#5959 = CARTESIAN_POINT ( 'NONE',  ( 1.539749897050354256E-14, 44.00000000000027711, -174.9999999999997158 ) ) ;
#5960 = EDGE_CURVE ( 'NONE', #6158, #7548, #9042, .T. ) ;
#5961 = PRODUCT_CONTEXT ( 'NONE', #6279, 'mechanical' ) ;
#5962 = ORIENTED_EDGE ( 'NONE', *, *, #2794, .F. ) ;
#5963 = CARTESIAN_POINT ( 'NONE',  ( 1.657975655542604885E-14, -145.5999999999999943, -9.000000000000000000 ) ) ;
#5964 = CARTESIAN_POINT ( 'NONE',  ( 21.16049240559688371, -168.7874508811447072, -8.999999999999998224 ) ) ;
#5965 = ORIENTED_EDGE ( 'NONE', *, *, #3408, .F. ) ;
#5966 = ORIENTED_EDGE ( 'NONE', *, *, #9442, .F. ) ;
#5967 = CARTESIAN_POINT ( 'NONE',  ( -8.962415091171335391, 41.33819931572341488, 41.54686295304027510 ) ) ;
#5968 = DIRECTION ( 'NONE',  ( -0.000000000000000000, 0.000000000000000000, 1.000000000000000000 ) ) ;
#5969 = ORIENTED_EDGE ( 'NONE', *, *, #1516, .F. ) ;
#5970 = CARTESIAN_POINT ( 'NONE',  ( -34.36931771216880094, 7.682918477743846175, -25.00000000000000355 ) ) ;
#5971 = SURFACE_STYLE_USAGE ( .BOTH. , #1451 ) ;
#5972 = DIRECTION ( 'NONE',  ( -0.000000000000000000, 1.000000000000000000, 0.000000000000000000 ) ) ;
#5973 = DIRECTION ( 'NONE',  ( -1.141265444721583757E-16, -0.000000000000000000, 1.000000000000000000 ) ) ;
#5974 = PRODUCT_DEFINITION_SHAPE ( 'NONE', 'NONE',  #3869 ) ;
#5975 = DIRECTION ( 'NONE',  ( 1.000000000000000000, 0.000000000000000000, -0.000000000000000000 ) ) ;
#5976 = DIRECTION ( 'NONE',  ( -1.000000000000000000, 0.000000000000000000, 0.000000000000000000 ) ) ;
#5977 = AXIS2_PLACEMENT_3D ( 'NONE', #3008, #6041, #1419 ) ;
#5978 = ORIENTED_EDGE ( 'NONE', *, *, #8770, .T. ) ;
#5979 = VERTEX_POINT ( 'NONE', #620 ) ;
#5980 = ORIENTED_EDGE ( 'NONE', *, *, #2925, .T. ) ;
#5981 = CARTESIAN_POINT ( 'NONE',  ( 0.000000000000000000, 5.445829513119708277E-13, -213.0000000000000000 ) ) ;
#5982 = AXIS2_PLACEMENT_3D ( 'NONE', #33, #8546, #2303 ) ;
#5983 = CYLINDRICAL_SURFACE ( 'NONE', #2868, 4.499999999999998224 ) ;
#5984 = DIRECTION ( 'NONE',  ( 0.000000000000000000, -6.982962677686266711E-15, 1.000000000000000000 ) ) ;
#5985 = CARTESIAN_POINT ( 'NONE',  ( 0.000000000000000000, 0.000000000000000000, 55.99999999999999289 ) ) ;
#5986 = AXIS2_PLACEMENT_3D ( 'NONE', #5867, #5320, #6264 ) ;
#5987 = FACE_OUTER_BOUND ( 'NONE', #8153, .T. ) ;
#5988 = CARTESIAN_POINT ( 'NONE',  ( 38.75000000000000000, -201.1999999999999886, -8.968695557326041623 ) ) ;
#5989 = DIRECTION ( 'NONE',  ( -0.000000000000000000, -0.000000000000000000, -1.000000000000000000 ) ) ;
#5990 = ORIENTED_EDGE ( 'NONE', *, *, #3888, .T. ) ;
#5991 = AXIS2_PLACEMENT_3D ( 'NONE', #7940, #7846, #9388 ) ;
#5992 = CARTESIAN_POINT ( 'NONE',  ( 0.000000000000000000, -201.1999999999999886, 9.000000000000000000 ) ) ;
#5993 = AXIS2_PLACEMENT_3D ( 'NONE', #7863, #1020, #2450 ) ;
#5994 = CARTESIAN_POINT ( 'NONE',  ( 5.207783158331747764, 48.90178664695257282, -37.64868776383102045 ) ) ;
#5995 = LINE ( 'NONE', #4363, #7511 ) ;
#5996 = CIRCLE ( 'NONE', #7141, 3.000000000000001332 ) ;
#5997 = VECTOR ( 'NONE', #4196, 1000.000000000000114 ) ;
#5998 = DIRECTION ( 'NONE',  ( 0.000000000000000000, 1.000000000000000000, 0.000000000000000000 ) ) ;
#5999 = EDGE_CURVE ( 'NONE', #961, #1897, #7148, .T. ) ;
#6000 = DIRECTION ( 'NONE',  ( 0.000000000000000000, 1.396592535537253342E-14, -1.000000000000000000 ) ) ;
#6001 = EDGE_LOOP ( 'NONE', ( #5021, #4933, #219, #6170 ) ) ;
#6002 = CIRCLE ( 'NONE', #9371, 36.00000000000000000 ) ;
#6003 = EDGE_CURVE ( 'NONE', #3501, #3787, #1470, .T. ) ;
#6004 = ORIENTED_EDGE ( 'NONE', *, *, #1037, .T. ) ;
#6005 = DIRECTION ( 'NONE',  ( 0.2249990868562079804, 0.9743589743589744501, 5.634144622830654239E-16 ) ) ;
#6006 = STYLED_ITEM ( 'NONE', ( #5875 ), #3578 ) ;
#6007 = AXIS2_PLACEMENT_3D ( 'NONE', #646, #6892, #2189 ) ;
#6008 = ORIENTED_EDGE ( 'NONE', *, *, #6202, .T. ) ;
#6009 = VECTOR ( 'NONE', #6620, 1000.000000000000000 ) ;
#6010 = CARTESIAN_POINT ( 'NONE',  ( 0.000000000000000000, -201.1999999999999886, 19.00000000000000000 ) ) ;
#6011 = CARTESIAN_POINT ( 'NONE',  ( -35.92084013153258581, -198.4573544831870038, -9.186626416931209960 ) ) ;
#6012 =( NAMED_UNIT ( * ) PLANE_ANGLE_UNIT ( ) SI_UNIT ( $, .RADIAN. ) );
#6013 = ADVANCED_FACE ( 'NONE', ( #2263 ), #2826, .F. ) ;
#6014 = CIRCLE ( 'NONE', #5358, 36.00000000000000000 ) ;
#6015 = ORIENTED_EDGE ( 'NONE', *, *, #427, .T. ) ;
#6016 = FACE_BOUND ( 'NONE', #8931, .T. ) ;
#6017 = EDGE_CURVE ( 'NONE', #6393, #4655, #6820, .T. ) ;
#6018 = ORIENTED_EDGE ( 'NONE', *, *, #1449, .F. ) ;
#6019 = EDGE_LOOP ( 'NONE', ( #8760, #7524, #6684, #4560 ) ) ;
#6020 = CARTESIAN_POINT ( 'NONE',  ( 8.999999999999998224, -145.5999999999999659, -8.000000000000000000 ) ) ;
#6021 = FACE_OUTER_BOUND ( 'NONE', #7571, .T. ) ;
#6022 = EDGE_CURVE ( 'NONE', #1212, #2334, #290, .T. ) ;
#6023 = VERTEX_POINT ( 'NONE', #8342 ) ;
#6024 = FILL_AREA_STYLE_COLOUR ( '', #449 ) ;
#6025 = AXIS2_PLACEMENT_3D ( 'NONE', #8494, #7750, #2608 ) ;
#6026 = LINE ( 'NONE', #649, #3676 ) ;
#6027 = DIRECTION ( 'NONE',  ( -1.000000000000000000, -5.551115123125782702E-15, -1.734723475976807094E-16 ) ) ;
#6028 = CARTESIAN_POINT ( 'NONE',  ( 0.000000000000000000, 1.319691808535146862E-12, -324.0000000000000000 ) ) ;
#6029 = EDGE_CURVE ( 'NONE', #9378, #503, #1518, .T. ) ;
#6030 = LINE ( 'NONE', #6945, #7612 ) ;
#6031 = CARTESIAN_POINT ( 'NONE',  ( -42.04246384666694070, 20.28854475724025264, -6.235652389971078513 ) ) ;
#6032 = EDGE_CURVE ( 'NONE', #5548, #1009, #3149, .T. ) ;
#6033 = CARTESIAN_POINT ( 'NONE',  ( -20.17144731659489310, 16.92520595448939247, 32.21134797343358969 ) ) ;
#6034 = VERTEX_POINT ( 'NONE', #9751 ) ;
#6035 = EDGE_LOOP ( 'NONE', ( #6231, #998, #6773, #94 ) ) ;
#6036 = CIRCLE ( 'NONE', #6528, 8.000000000000000000 ) ;
#6037 = ORIENTED_EDGE ( 'NONE', *, *, #7515, .T. ) ;
#6038 = CARTESIAN_POINT ( 'NONE',  ( 0.000000000000000000, 90.00000000000000000, 0.000000000000000000 ) ) ;
#6039 = B_SPLINE_CURVE_WITH_KNOTS ( 'NONE', 3,
 ( #157, #8424, #4676, #7735, #208, #5425, #3992, #4728, #9225, #3934, #3130, #6992, #2442, #2387, #7690, #841, #5478, #7786, #7046, #6938, #8480, #1651, #1597, #8527, #103, #3186, #891, #6230 ),
 .UNSPECIFIED., .F., .F.,
 ( 4, 2, 2, 2, 2, 2, 2, 2, 2, 2, 2, 2, 2, 4 ),
 ( 0.007077448531226340767, 0.009804615744934941021, 0.01253178295864354128, 0.01798611738606073832, 0.02071328459976932990, 0.02207686820662362742, 0.02344045181347792148, 0.02889478624089510117, 0.03162195345460369622, 0.03434912066831229127, 0.03980345509572946749, 0.04253062230943806254, 0.04525778952314665066, 0.05071212395056384076 ),
 .UNSPECIFIED. ) ;
#6040 = DIRECTION ( 'NONE',  ( 1.000000000000000000, 0.000000000000000000, 0.000000000000000000 ) ) ;
#6041 = DIRECTION ( 'NONE',  ( 0.000000000000000000, -6.982962677686266711E-15, 1.000000000000000000 ) ) ;
#6042 = CARTESIAN_POINT ( 'NONE',  ( 38.75000000000000000, -2.647129237368599264E-15, -8.968695557326041623 ) ) ;
#6043 = CARTESIAN_POINT ( 'NONE',  ( 34.51751045525493566, 54.22455240934177567, -212.9999999999996021 ) ) ;
#6044 = CARTESIAN_POINT ( 'NONE',  ( -26.99999999999998579, -43.99999999999761258, -345.0000000000006253 ) ) ;
#6045 = DIRECTION ( 'NONE',  ( 0.000000000000000000, 6.982962677686266711E-15, -1.000000000000000000 ) ) ;
#6046 = FACE_OUTER_BOUND ( 'NONE', #6925, .T. ) ;
#6047 = ORIENTED_EDGE ( 'NONE', *, *, #2862, .F. ) ;
#6048 = TOROIDAL_SURFACE ( 'NONE', #8279, 30.00000000000000000, 3.000000000000000000 ) ;
#6049 = CARTESIAN_POINT ( 'NONE',  ( 7.373639327806753130, 48.27078819195893544, -37.28489245510372996 ) ) ;
#6050 = FACE_OUTER_BOUND ( 'NONE', #6458, .T. ) ;
#6051 = PRODUCT_DEFINITION ( 'UNKNOWN', '', #3935, #8618 ) ;
#6052 = AXIS2_PLACEMENT_3D ( 'NONE', #7642, #1357, #5928 ) ;
#6053 = DIRECTION ( 'NONE',  ( 0.2840153447039234225, 0.9588197348681927190, 6.695402423213631037E-15 ) ) ;
#6054 = CARTESIAN_POINT ( 'NONE',  ( 27.00000000000000000, 0.000000000000000000, 19.00000000000000000 ) ) ;
#6055 = VERTEX_POINT ( 'NONE', #5780 ) ;
#6056 = ORIENTED_EDGE ( 'NONE', *, *, #3358, .T. ) ;
#6057 = VECTOR ( 'NONE', #7892, 1000.000000000000000 ) ;
#6058 = AXIS2_PLACEMENT_3D ( 'NONE', #8714, #2072, #8806 ) ;
#6059 = CARTESIAN_POINT ( 'NONE',  ( 21.97319628634809874, 31.85474263041061960, 31.00301655737916917 ) ) ;
#6060 = DIRECTION ( 'NONE',  ( 0.000000000000000000, -1.000000000000000000, -1.110223024625593254E-14 ) ) ;
#6061 = CONTEXT_DEPENDENT_SHAPE_REPRESENTATION ( #2065, #8119 ) ;
#6062 = VECTOR ( 'NONE', #3861, 1000.000000000000000 ) ;
#6063 = EDGE_LOOP ( 'NONE', ( #1792, #7169, #5830, #7849 ) ) ;
#6064 = DIRECTION ( 'NONE',  ( 0.000000000000000000, 1.000000000000000000, 0.000000000000000000 ) ) ;
#6065 = AXIS2_PLACEMENT_3D ( 'NONE', #9191, #3754, #619 ) ;
#6066 = ORIENTED_EDGE ( 'NONE', *, *, #4808, .T. ) ;
#6067 = EDGE_LOOP ( 'NONE', ( #4812, #5388, #2105, #4475 ) ) ;
#6068 = DIRECTION ( 'NONE',  ( 1.000000000000000000, -3.469446951953614189E-15, 1.734723475976807094E-16 ) ) ;
#6069 = CARTESIAN_POINT ( 'NONE',  ( 29.18878273068382967, 10.37557696029271348, 24.33246394046443584 ) ) ;
#6070 = ORIENTED_EDGE ( 'NONE', *, *, #5294, .T. ) ;
#6071 = ADVANCED_FACE ( 'NONE', ( #2790 ), #2196, .F. ) ;
#6072 = ADVANCED_FACE ( 'NONE', ( #5034, #457 ), #1350, .F. ) ;
#6073 = EDGE_CURVE ( 'NONE', #6604, #9737, #5737, .T. ) ;
#6074 = SURFACE_STYLE_FILL_AREA ( #1039 ) ;
#6075 = AXIS2_PLACEMENT_3D ( 'NONE', #4960, #5749, #5102 ) ;
#6076 = CARTESIAN_POINT ( 'NONE',  ( -28.64792046032370720, 7.701737560465632626, -24.96606083414427246 ) ) ;
#6077 = DIRECTION ( 'NONE',  ( 0.000000000000000000, -1.000000000000000000, 0.000000000000000000 ) ) ;
#6078 = DIRECTION ( 'NONE',  ( 1.000000000000000000, 0.000000000000000000, 0.000000000000000000 ) ) ;
#6079 = DIRECTION ( 'NONE',  ( 1.000000000000000000, 0.000000000000000000, 0.000000000000000000 ) ) ;
#6080 = CARTESIAN_POINT ( 'NONE',  ( 46.49956922558554595, -13.77379991454191632, -46.00000000000000000 ) ) ;
#6081 = DIRECTION ( 'NONE',  ( 0.000000000000000000, -6.982962677686266711E-15, 1.000000000000000000 ) ) ;
#6082 = CARTESIAN_POINT ( 'NONE',  ( 0.000000000000000000, 5.445829513119708277E-13, -213.0000000000000284 ) ) ;
#6083 = CARTESIAN_POINT ( 'NONE',  ( 22.87790625487069818, -171.1999999999999602, 9.269897892228822656 ) ) ;
#6084 = ORIENTED_EDGE ( 'NONE', *, *, #5819, .T. ) ;
#6085 = ORIENTED_EDGE ( 'NONE', *, *, #4886, .T. ) ;
#6086 = ORIENTED_EDGE ( 'NONE', *, *, #4767, .F. ) ;
#6087 = EDGE_CURVE ( 'NONE', #9737, #2056, #604, .T. ) ;
#6088 = DIRECTION ( 'NONE',  ( 0.9588197348681928300, 0.2840153447039234780, 3.966537103915394834E-15 ) ) ;
#6089 = B_SPLINE_CURVE_WITH_KNOTS ( 'NONE', 3,
 ( #2927, #6161, #1, #4716, #5365, #4616, #6981, #2975, #5317, #7676, #149, #8414, #3072, #6929, #3026, #882, #831, #8311, #1587, #6109, #2323, #3926, #5270, #5414, #3878, #95, #9809, #2276, #3119, #3178, #4668, #1533, #6059, #5467, #732, #6218 ),
 .UNSPECIFIED., .F., .F.,
 ( 4, 2, 2, 2, 2, 2, 2, 2, 2, 2, 2, 2, 2, 2, 2, 2, 2, 4 ),
 ( 0.03608921202721307453, 0.03721459763491125755, 0.03833998324260944057, 0.04059075445800579968, 0.04284152567340215878, 0.04396691128110034180, 0.04509229688879852482, 0.04959383931959127079, 0.05071922492728945381, 0.05184461053498762989, 0.05409538175038401675, 0.05634615296578038279, 0.05859692418117676271, 0.06309846661196949480, 0.06534923782736586084, 0.06647462343506402305, 0.06760000904276219913, 0.07210155147355486183 ),
 .UNSPECIFIED. ) ;
#6090 = FACE_BOUND ( 'NONE', #3860, .T. ) ;
#6091 = CYLINDRICAL_SURFACE ( 'NONE', #2012, 42.50000000000000711 ) ;
#6092 = CARTESIAN_POINT ( 'NONE',  ( 36.00000000000000000, 0.000000000000000000, -19.00000000000000000 ) ) ;
#6093 = ADVANCED_FACE ( 'NONE', ( #6594 ), #5064, .F. ) ;
#6094 = CARTESIAN_POINT ( 'NONE',  ( -22.48353060487828259, -171.1999999999999886, -9.407652717443276913 ) ) ;
#6095 = CARTESIAN_POINT ( 'NONE',  ( 8.919190210719643019, 0.4674349519468579683, -9.000000000000000000 ) ) ;
#6096 = CYLINDRICAL_SURFACE ( 'NONE', #9664, 72.00000000000000000 ) ;
#6097 = ORIENTED_EDGE ( 'NONE', *, *, #2801, .F. ) ;
#6098 = AXIS2_PLACEMENT_3D ( 'NONE', #901, #8379, #854 ) ;
#6099 = FACE_BOUND ( 'NONE', #9221, .T. ) ;
#6100 = DIRECTION ( 'NONE',  ( -0.000000000000000000, 6.982962677686266711E-15, -1.000000000000000000 ) ) ;
#6101 = CIRCLE ( 'NONE', #1022, 30.00000000000000000 ) ;
#6102 = CARTESIAN_POINT ( 'NONE',  ( 0.000000000000000000, 27.00000000000000000, -19.00000000000000000 ) ) ;
#6103 = CARTESIAN_POINT ( 'NONE',  ( 5.204748896376250896E-15, 59.50000000000000000, 42.50000000000000711 ) ) ;
#6104 = VERTEX_POINT ( 'NONE', #7438 ) ;
#6105 = VERTEX_POINT ( 'NONE', #8921 ) ;
#6106 = CIRCLE ( 'NONE', #5480, 80.00000000000000000 ) ;
#6107 = CIRCLE ( 'NONE', #4689, 3.000000000000002665 ) ;
#6108 = B_SPLINE_CURVE_WITH_KNOTS ( 'NONE', 3,
 ( #2791, #5821, #1202, #6447, #9488, #8874 ),
 .UNSPECIFIED., .F., .F.,
 ( 4, 2, 4 ),
 ( 0.000000000000000000, 0.004403506556374454060, 0.008807013112748908121 ),
 .UNSPECIFIED. ) ;
#6109 = CARTESIAN_POINT ( 'NONE',  ( 14.91181263206659224, 43.86438509253741813, 34.95707670966052660 ) ) ;
#6110 = CARTESIAN_POINT ( 'NONE',  ( -38.00000000000000000, 8.774964387392122589, 8.999999999999984013 ) ) ;
#6111 = APPLICATION_PROTOCOL_DEFINITION ( 'draft international standard', 'automotive_design', 1998, #1681 ) ;
#6112 = CYLINDRICAL_SURFACE ( 'NONE', #9535, 5.000000000000941469 ) ;
#6113 = VERTEX_POINT ( 'NONE', #8078 ) ;
#6114 = VERTEX_POINT ( 'NONE', #8873 ) ;
#6115 = ORIENTED_EDGE ( 'NONE', *, *, #6574, .F. ) ;
#6116 = DIRECTION ( 'NONE',  ( -0.2840153447039231449, -0.9588197348681929411, 0.000000000000000000 ) ) ;
#6117 = VECTOR ( 'NONE', #63, 1000.000000000000000 ) ;
#6118 = CARTESIAN_POINT ( 'NONE',  ( -34.51751045525492145, -54.22455240933833664, -403.0000000000007390 ) ) ;
#6119 = ORIENTED_EDGE ( 'NONE', *, *, #3158, .T. ) ;
#6120 = CARTESIAN_POINT ( 'NONE',  ( 34.36931771216880094, 90.00000000000000000, 25.00000000000000000 ) ) ;
#6121 = CYLINDRICAL_SURFACE ( 'NONE', #4635, 9.999999999999998224 ) ;
#6122 = DIRECTION ( 'NONE',  ( 0.000000000000000000, 1.396592535537253342E-14, -1.000000000000000000 ) ) ;
#6123 = LINE ( 'NONE', #5537, #4893 ) ;
#6124 = FACE_OUTER_BOUND ( 'NONE', #7463, .T. ) ;
#6125 = VECTOR ( 'NONE', #9329, 1000.000000000000000 ) ;
#6126 = LINE ( 'NONE', #3799, #3780 ) ;
#6127 = FACE_OUTER_BOUND ( 'NONE', #9067, .T. ) ;
#6128 = CARTESIAN_POINT ( 'NONE',  ( 1.106884595926295456E-14, -55.59999999999998010, 4.999999999999999112 ) ) ;
#6129 = EDGE_CURVE ( 'NONE', #6213, #4784, #4291, .T. ) ;
#6130 = ORIENTED_EDGE ( 'NONE', *, *, #2378, .F. ) ;
#6131 = EDGE_CURVE ( 'NONE', #4783, #1347, #5089, .T. ) ;
#6132 = VERTEX_POINT ( 'NONE', #7343 ) ;
#6133 = ORIENTED_EDGE ( 'NONE', *, *, #2914, .F. ) ;
#6134 = DIRECTION ( 'NONE',  ( 0.000000000000000000, -6.982962677686266711E-15, 1.000000000000000000 ) ) ;
#6135 = CARTESIAN_POINT ( 'NONE',  ( -35.07692307692307310, 8.099967126823498731, -9.000000000000015987 ) ) ;
#6136 = CARTESIAN_POINT ( 'NONE',  ( 0.000000000000000000, -39.00000000000000000, -96.00000000000031264 ) ) ;
#6137 = DIRECTION ( 'NONE',  ( 0.000000000000000000, -0.000000000000000000, 1.000000000000000000 ) ) ;
#6138 = CARTESIAN_POINT ( 'NONE',  ( -16.89999999999999858, 26.44235826176164039, -38.99538434225261341 ) ) ;
#6139 = DIRECTION ( 'NONE',  ( -1.000000000000000000, 0.000000000000000000, 0.000000000000000000 ) ) ;
#6140 = LINE ( 'NONE', #4598, #755 ) ;
#6141 = EDGE_CURVE ( 'NONE', #6868, #9306, #2747, .T. ) ;
#6142 = ORIENTED_EDGE ( 'NONE', *, *, #495, .T. ) ;
#6143 = EDGE_CURVE ( 'NONE', #7580, #2586, #8825, .T. ) ;
#6144 = CIRCLE ( 'NONE', #3925, 39.00000000000000000 ) ;
#6145 = EDGE_CURVE ( 'NONE', #4677, #7919, #2035, .T. ) ;
#6146 = PLANE ( 'NONE',  #7206 ) ;
#6147 = DIRECTION ( 'NONE',  ( 0.000000000000000000, 0.000000000000000000, 1.000000000000000000 ) ) ;
#6148 = PRODUCT_DEFINITION_SHAPE ( 'NONE', 'NONE',  #7536 ) ;
#6149 = DIRECTION ( 'NONE',  ( -0.000000000000000000, -1.396592535537253342E-14, 1.000000000000000000 ) ) ;
#6150 = CARTESIAN_POINT ( 'NONE',  ( -38.00000000000000000, -192.4250356126078714, 8.999999999999987566 ) ) ;
#6151 = AXIS2_PLACEMENT_3D ( 'NONE', #6359, #8694, #5742 ) ;
#6152 = CARTESIAN_POINT ( 'NONE',  ( 46.49956922558554595, 13.77379991454219343, -174.9999999999999432 ) ) ;
#6153 = ORIENTED_EDGE ( 'NONE', *, *, #8593, .F. ) ;
#6154 = CARTESIAN_POINT ( 'NONE',  ( -34.36931771216880094, 6.755772121541200548, 25.00000000000000000 ) ) ;
#6155 = CARTESIAN_POINT ( 'NONE',  ( -55.00000000000000000, 3.452951341474671211E-12, -441.0000000000000000 ) ) ;
#6156 = ORIENTED_EDGE ( 'NONE', *, *, #9559, .T. ) ;
#6157 = AXIS2_PLACEMENT_3D ( 'NONE', #1077, #2765, #2626 ) ;
#6158 = VERTEX_POINT ( 'NONE', #6445 ) ;
#6159 =( GEOMETRIC_REPRESENTATION_CONTEXT ( 3 ) GLOBAL_UNCERTAINTY_ASSIGNED_CONTEXT ( ( #1272 ) ) GLOBAL_UNIT_ASSIGNED_CONTEXT ( ( #4473, #6585, #8122 ) ) REPRESENTATION_CONTEXT ( 'NONE', 'WORKASPACE' ) );
#6160 = CARTESIAN_POINT ( 'NONE',  ( -35.66733504618166251, 12.61822993163660911, -23.11253619070911469 ) ) ;
#6161 = CARTESIAN_POINT ( 'NONE',  ( 0.3786736946806478765, 49.49999999999999289, 38.00000000000000000 ) ) ;
#6162 = CARTESIAN_POINT ( 'NONE',  ( 36.00000000000000000, -201.1999999999999886, -19.00000000000000000 ) ) ;
#6163 =( NAMED_UNIT ( * ) SI_UNIT ( $, .STERADIAN. ) SOLID_ANGLE_UNIT ( ) );
#6164 = VECTOR ( 'NONE', #2860, 1000.000000000000000 ) ;
#6165 = ITEM_DEFINED_TRANSFORMATION ( 'NONE', 'NONE', #8889,  #2024 ) ;
#6166 = DIRECTION ( 'NONE',  ( 0.000000000000000000, -1.000000000000000000, -1.110223024624947492E-14 ) ) ;
#6167 = ORIENTED_EDGE ( 'NONE', *, *, #9497, .F. ) ;
#6168 = VERTEX_POINT ( 'NONE', #4990 ) ;
#6169 = AXIS2_PLACEMENT_3D ( 'NONE', #5154, #6810, #7605 ) ;
#6170 = ORIENTED_EDGE ( 'NONE', *, *, #3778, .F. ) ;
#6171 = DIRECTION ( 'NONE',  ( 1.000000000000000000, 0.000000000000000000, 0.000000000000000000 ) ) ;
#6172 = DIRECTION ( 'NONE',  ( 0.2840153447039234225, 0.9588197348681927190, 6.695402423213631037E-15 ) ) ;
#6173 = VECTOR ( 'NONE', #5671, 1000.000000000000000 ) ;
#6174 = ORIENTED_EDGE ( 'NONE', *, *, #4139, .F. ) ;
#6175 =( NAMED_UNIT ( * ) PLANE_ANGLE_UNIT ( ) SI_UNIT ( $, .RADIAN. ) );
#6176 = DIRECTION ( 'NONE',  ( -1.224646799147353207E-16, 1.000000000000000000, 0.000000000000000000 ) ) ;
#6177 = AXIS2_PLACEMENT_3D ( 'NONE', #9350, #1568, #4596 ) ;
#6178 = DIRECTION ( 'NONE',  ( 0.000000000000000000, 1.396592535537253342E-14, -1.000000000000000000 ) ) ;
#6179 = CARTESIAN_POINT ( 'NONE',  ( 16.32274705575109763, 31.41424973911101404, -39.24090619108468303 ) ) ;
#6180 = CARTESIAN_POINT ( 'NONE',  ( 0.000000000000000000, 0.000000000000000000, -38.99999999999998579 ) ) ;
#6181 = ORIENTED_EDGE ( 'NONE', *, *, #3457, .T. ) ;
#6182 = LINE ( 'NONE', #5434, #598 ) ;
#6183 = FACE_BOUND ( 'NONE', #3866, .T. ) ;
#6184 = DIRECTION ( 'NONE',  ( -1.000000000000000000, 0.000000000000000000, 0.000000000000000000 ) ) ;
#6185 = ORIENTED_EDGE ( 'NONE', *, *, #3279, .T. ) ;
#6186 = ORIENTED_EDGE ( 'NONE', *, *, #5415, .F. ) ;
#6187 = PRESENTATION_STYLE_ASSIGNMENT (( #364 ) ) ;
#6188 = CARTESIAN_POINT ( 'NONE',  ( -7.999999999999989342, -55.60000000000000853, -4.999999999999999112 ) ) ;
#6189 = ORIENTED_EDGE ( 'NONE', *, *, #4928, .T. ) ;
#6190 = CARTESIAN_POINT ( 'NONE',  ( 21.26804159345164891, 19.64763317071530935, -31.49116742877600927 ) ) ;
#6191 = PLANE ( 'NONE',  #2811 ) ;
#6192 = EDGE_CURVE ( 'NONE', #5628, #4866, #8130, .T. ) ;
#6193 = CARTESIAN_POINT ( 'NONE',  ( 35.92084013154767774, 2.742645516830535257, -9.186626416936244155 ) ) ;
#6194 = FACE_OUTER_BOUND ( 'NONE', #920, .T. ) ;
#6195 = CARTESIAN_POINT ( 'NONE',  ( -12.70004276879072869, 15.83655026083519424, -40.55976184958274899 ) ) ;
#6196 = CARTESIAN_POINT ( 'NONE',  ( -34.89292859012117987, 10.52749002328275374, 24.26406658245677761 ) ) ;
#6197 = DIRECTION ( 'NONE',  ( -1.000000000000000000, 0.000000000000000000, 0.000000000000000000 ) ) ;
#6198 = AXIS2_PLACEMENT_3D ( 'NONE', #7640, #9331, #3846 ) ;
#6199 = ORIENTED_EDGE ( 'NONE', *, *, #7801, .F. ) ;
#6200 = B_SPLINE_CURVE_WITH_KNOTS ( 'NONE', 3,
 ( #2538, #8716, #246, #4179, #388, #1799 ),
 .UNSPECIFIED., .F., .F.,
 ( 4, 2, 4 ),
 ( 0.000000000000000000, 0.004403506556374447989, 0.008807013112748895978 ),
 .UNSPECIFIED. ) ;
#6201 = EDGE_CURVE ( 'NONE', #3758, #6227, #7617, .T. ) ;
#6202 = EDGE_CURVE ( 'NONE', #3721, #5099, #9537, .T. ) ;
#6203 = CARTESIAN_POINT ( 'NONE',  ( 0.000000000000000000, 2.709389518942271787E-12, -388.0000000000000000 ) ) ;
#6204 = LINE ( 'NONE', #9255, #2578 ) ;
#6205 = ADVANCED_FACE ( 'NONE', ( #1201 ), #5138, .T. ) ;
#6206 = DIRECTION ( 'NONE',  ( 1.000000000000000000, 0.000000000000000000, 0.000000000000000000 ) ) ;
#6207 = CARTESIAN_POINT ( 'NONE',  ( -55.00000000000000000, -4.999999999993139710, -456.0000000000000568 ) ) ;
#6208 = CARTESIAN_POINT ( 'NONE',  ( 8.000000000000010658, -55.59999999999997300, -4.999999999999999112 ) ) ;
#6209 = ORIENTED_EDGE ( 'NONE', *, *, #3457, .F. ) ;
#6210 = DIRECTION ( 'NONE',  ( 0.000000000000000000, 1.000000000000000000, 1.110223024625866357E-14 ) ) ;
#6211 = MECHANICAL_DESIGN_GEOMETRIC_PRESENTATION_REPRESENTATION (  '', ( #635 ), #7032 ) ;
#6212 = ORIENTED_EDGE ( 'NONE', *, *, #7159, .F. ) ;
#6213 = VERTEX_POINT ( 'NONE', #8180 ) ;
#6214 = EDGE_CURVE ( 'NONE', #2235, #6934, #7783, .T. ) ;
#6215 = CARTESIAN_POINT ( 'NONE',  ( -34.67950817397739627, 9.672003492554454240, -24.56801450019053590 ) ) ;
#6216 = AXIS2_PLACEMENT_3D ( 'NONE', #6549, #8039, #7212 ) ;
#6217 = EDGE_CURVE ( 'NONE', #6800, #1648, #927, .T. ) ;
#6218 = CARTESIAN_POINT ( 'NONE',  ( 22.50000000000000355, 27.00000000000000355, 30.62270399556512857 ) ) ;
#6219 = CARTESIAN_POINT ( 'NONE',  ( -11.57850892444558255, 14.67736825057615491, 40.89437818645298250 ) ) ;
#6220 = CONTEXT_DEPENDENT_SHAPE_REPRESENTATION ( #3145, #5097 ) ;
#6221 = LINE ( 'NONE', #2326, #3959 ) ;
#6222 = AXIS2_PLACEMENT_3D ( 'NONE', #8569, #1747, #3276 ) ;
#6223 = EDGE_CURVE ( 'NONE', #6158, #5884, #3788, .T. ) ;
#6224 = ORIENTED_EDGE ( 'NONE', *, *, #2573, .F. ) ;
#6225 = ORIENTED_EDGE ( 'NONE', *, *, #7568, .F. ) ;
#6226 = VECTOR ( 'NONE', #2131, 1000.000000000000227 ) ;
#6227 = VERTEX_POINT ( 'NONE', #9071 ) ;
#6228 = TOROIDAL_SURFACE ( 'NONE', #3849, 7.000000000000000000, 1.000000000000000000 ) ;
#6229 = CARTESIAN_POINT ( 'NONE',  ( 0.000000000000000000, -71.99999999999653255, -441.0000000000010232 ) ) ;
#6230 = CARTESIAN_POINT ( 'NONE',  ( -32.31098884280702777, 15.41602615938555587, 20.00000000000000711 ) ) ;
#6231 = ORIENTED_EDGE ( 'NONE', *, *, #5007, .T. ) ;
#6232 = AXIS2_PLACEMENT_3D ( 'NONE', #615, #6088, #2258 ) ;
#6233 = CARTESIAN_POINT ( 'NONE',  ( 0.000000000000000000, 0.000000000000000000, 55.99999999999999289 ) ) ;
#6234 = CARTESIAN_POINT ( 'NONE',  ( 1.539749897050354256E-14, -43.99999999999729283, -388.0000000000006253 ) ) ;
#6235 = CARTESIAN_POINT ( 'NONE',  ( 15.99816555471541157, 32.47506813557510696, -39.37435064896251902 ) ) ;
#6236 = DIRECTION ( 'NONE',  ( 0.000000000000000000, -1.000000000000000000, -7.195889974422310326E-15 ) ) ;
#6237 = AXIS2_PLACEMENT_3D ( 'NONE', #6609, #7959, #5058 ) ;
#6238 = ORIENTED_EDGE ( 'NONE', *, *, #3423, .T. ) ;
#6239 = CARTESIAN_POINT ( 'NONE',  ( -16.89999999999999858, 27.00000000000000355, -42.50000000000000711 ) ) ;
#6240 = PLANE ( 'NONE',  #5529 ) ;
#6241 = CARTESIAN_POINT ( 'NONE',  ( -13.82967212023960712, 9.191951402737450039, 35.41731281862032432 ) ) ;
#6242 = ORIENTED_EDGE ( 'NONE', *, *, #5305, .T. ) ;
#6243 = EDGE_LOOP ( 'NONE', ( #4712, #2875, #958, #1459 ) ) ;
#6244 = ORIENTED_EDGE ( 'NONE', *, *, #2806, .F. ) ;
#6245 = AXIS2_PLACEMENT_3D ( 'NONE', #4191, #7244, #452 ) ;
#6246 = FILL_AREA_STYLE_COLOUR ( '', #1281 ) ;
#6247 = CARTESIAN_POINT ( 'NONE',  ( 35.37782300511179301, 6.796919414599377873, 9.080507977802275477 ) ) ;
#6248 = AXIS2_PLACEMENT_3D ( 'NONE', #2568, #228, #2413 ) ;
#6249 = PRODUCT ( '6. Piston Pin', '6. Piston Pin', '', ( #5961 ) ) ;
#6250 = ORIENTED_EDGE ( 'NONE', *, *, #312, .T. ) ;
#6251 = CARTESIAN_POINT ( 'NONE',  ( 22.42333047020683523, 25.10659645407466201, -30.67892497752260894 ) ) ;
#6252 =( NAMED_UNIT ( * ) PLANE_ANGLE_UNIT ( ) SI_UNIT ( $, .RADIAN. ) );
#6253 = FACE_OUTER_BOUND ( 'NONE', #2057, .T. ) ;
#6254 = PLANE ( 'NONE',  #3534 ) ;
#6255 = FACE_OUTER_BOUND ( 'NONE', #8535, .T. ) ;
#6256 = CARTESIAN_POINT ( 'NONE',  ( 4.776122516674677878E-15, 39.00000000000002132, -98.99999999999975842 ) ) ;
#6257 = DIRECTION ( 'NONE',  ( 0.000000000000000000, -6.982962677686266711E-15, 1.000000000000000000 ) ) ;
#6258 = ORIENTED_EDGE ( 'NONE', *, *, #986, .F. ) ;
#6259 = EDGE_CURVE ( 'NONE', #5806, #1921, #2239, .T. ) ;
#6260 = PLANE ( 'NONE',  #1935 ) ;
#6261 =( REPRESENTATION_RELATIONSHIP ('NONE','NONE', #4268, #4579 ) REPRESENTATION_RELATIONSHIP_WITH_TRANSFORMATION ( #7779 )SHAPE_REPRESENTATION_RELATIONSHIP( ) );
#6262 = CARTESIAN_POINT ( 'NONE',  ( 1.539749897050354256E-14, 44.00000000000066080, -230.9999999999996874 ) ) ;
#6263 = CARTESIAN_POINT ( 'NONE',  ( 38.00000000000000000, -171.1999999999999886, 8.999999999999996447 ) ) ;
#6264 = DIRECTION ( 'NONE',  ( 1.000000000000000000, 0.000000000000000000, 0.000000000000000000 ) ) ;
#6265 = CARTESIAN_POINT ( 'NONE',  ( 37.21871564217248363, 20.03353598779737865, 7.679067262416110928 ) ) ;
#6266 = VERTEX_POINT ( 'NONE', #1541 ) ;
#6267 = AXIS2_PLACEMENT_3D ( 'NONE', #2501, #7103, #4097 ) ;
#6268 = EDGE_CURVE ( 'NONE', #6731, #2535, #450, .T. ) ;
#6269 = ADVANCED_FACE ( 'NONE', ( #2986 ), #6787, .T. ) ;
#6270 = EDGE_CURVE ( 'NONE', #7043, #4957, #4459, .T. ) ;
#6271 = VERTEX_POINT ( 'NONE', #3037 ) ;
#6272 = CARTESIAN_POINT ( 'NONE',  ( 5.204749478119698868E-15, 43.89999999999999858, 42.50000000000000711 ) ) ;
#6273 = FACE_OUTER_BOUND ( 'NONE', #5918, .T. ) ;
#6274 = CARTESIAN_POINT ( 'NONE',  ( -10.31895815763302870, 13.60474021229387809, 41.23060171143604435 ) ) ;
#6275 =( NAMED_UNIT ( * ) PLANE_ANGLE_UNIT ( ) SI_UNIT ( $, .RADIAN. ) );
#6276 = CONTEXT_DEPENDENT_SHAPE_REPRESENTATION ( #3667, #5012 ) ;
#6277 = CARTESIAN_POINT ( 'NONE',  ( -13.73636705258562785, 36.86042204954018331, -40.22024876930367299 ) ) ;
#6278 = ORIENTED_EDGE ( 'NONE', *, *, #1517, .T. ) ;
#6279 = APPLICATION_CONTEXT ( 'automotive_design' ) ;
#6280 = ORIENTED_EDGE ( 'NONE', *, *, #8828, .T. ) ;
#6281 = EDGE_CURVE ( 'NONE', #9, #2716, #3662, .T. ) ;
#6282 = ORIENTED_EDGE ( 'NONE', *, *, #910, .F. ) ;
#6283 = EDGE_CURVE ( 'NONE', #4324, #8628, #2567, .T. ) ;
#6284 = CARTESIAN_POINT ( 'NONE',  ( -0.5568857641890526677, 43.89999999999999858, 42.50000000000000711 ) ) ;
#6285 = AXIS2_PLACEMENT_3D ( 'NONE', #7922, #1086, #1041 ) ;
#6286 = ORIENTED_EDGE ( 'NONE', *, *, #81, .T. ) ;
#6287 = CIRCLE ( 'NONE', #2773, 39.00000000000000000 ) ;
#6288 = EDGE_CURVE ( 'NONE', #4228, #5047, #2389, .T. ) ;
#6289 = CARTESIAN_POINT ( 'NONE',  ( -32.31098884280703487, 15.41602615938556298, -19.99999999999999645 ) ) ;
#6290 = CARTESIAN_POINT ( 'NONE',  ( -34.51751045525492145, 54.22455240934142751, -159.9999999999996305 ) ) ;
#6291 = CARTESIAN_POINT ( 'NONE',  ( 4.776122516674677878E-15, 39.00000000000051870, -209.9999999999997158 ) ) ;
#6292 = CARTESIAN_POINT ( 'NONE',  ( -16.53687776098880136, -15.25718433781653616, -9.000000000000000000 ) ) ;
#6293 = DIRECTION ( 'NONE',  ( 1.000000000000000000, 0.000000000000000000, 0.000000000000000000 ) ) ;
#6294 = VERTEX_POINT ( 'NONE', #3838 ) ;
#6295 = CARTESIAN_POINT ( 'NONE',  ( 35.07692307692307310, -193.1000328731765023, -11.99999999999998934 ) ) ;
#6296 = FACE_BOUND ( 'NONE', #9428, .T. ) ;
#6297 = DIRECTION ( 'NONE',  ( 1.000000000000000000, 0.000000000000000000, 0.000000000000000000 ) ) ;
#6298 = VERTEX_POINT ( 'NONE', #8423 ) ;
#6299 = ORIENTED_EDGE ( 'NONE', *, *, #7932, .T. ) ;
#6300 = ORIENTED_EDGE ( 'NONE', *, *, #8329, .T. ) ;
#6301 = CARTESIAN_POINT ( 'NONE',  ( 0.000000000000000000, 1.075288114816126795E-12, -289.0000000000000000 ) ) ;
#6302 = EDGE_LOOP ( 'NONE', ( #7031, #2659 ) ) ;
#6303 = LINE ( 'NONE', #3905, #5427 ) ;
#6304 = CARTESIAN_POINT ( 'NONE',  ( 38.00000000000000000, 0.000000000000000000, 8.123104788713556130E-15 ) ) ;
#6305 = CARTESIAN_POINT ( 'NONE',  ( -38.00000000000000000, 47.19999999999999574, 4.499999999999983125 ) ) ;
#6306 = PLANE ( 'NONE',  #8798 ) ;
#6307 = CARTESIAN_POINT ( 'NONE',  ( -16.67708025828446239, 24.20835484807386706, -39.09142052726452476 ) ) ;
#6308 = DIRECTION ( 'NONE',  ( 1.000000000000000000, 0.000000000000000000, 0.000000000000000000 ) ) ;
#6309 = EDGE_LOOP ( 'NONE', ( #3053, #9585, #7237, #6037, #1835, #3835, #7890, #3617 ) ) ;
#6310 = SHAPE_REPRESENTATION ( '5. Connecting Cap', ( #2024 ), #4116 ) ;
#6311 = DIRECTION ( 'NONE',  ( 1.000000000000000000, 0.000000000000000000, 0.000000000000000000 ) ) ;
#6312 = CARTESIAN_POINT ( 'NONE',  ( -38.89087296526011528, -38.89087296525645598, -456.0000000000005684 ) ) ;
#6313 = DIRECTION ( 'NONE',  ( 0.000000000000000000, 1.396592535537253342E-14, -1.000000000000000000 ) ) ;
#6314 = CARTESIAN_POINT ( 'NONE',  ( -13.21416943464769922, 45.21449163784002678, -35.62979603069049972 ) ) ;
#6315 = DIRECTION ( 'NONE',  ( -0.2840153447039234225, -0.9588197348681927190, -6.695402423213631037E-15 ) ) ;
#6316 = CARTESIAN_POINT ( 'NONE',  ( 37.34964526556845499, 20.15761149942744268, -7.232035312406678074 ) ) ;
#6317 = ORIENTED_EDGE ( 'NONE', *, *, #411, .T. ) ;
#6318 = CIRCLE ( 'NONE', #1378, 39.00000000000000000 ) ;
#6319 = EDGE_LOOP ( 'NONE', ( #8477, #5719, #7080, #8797, #2279 ) ) ;
#6320 = LINE ( 'NONE', #8668, #7878 ) ;
#6321 = EDGE_CURVE ( 'NONE', #3363, #789, #5614, .T. ) ;
#6322 = AXIS2_PLACEMENT_3D ( 'NONE', #4109, #2566, #4951 ) ;
#6323 = FACE_OUTER_BOUND ( 'NONE', #4977, .T. ) ;
#6324 = CARTESIAN_POINT ( 'NONE',  ( 1.907143936794560016E-14, -73.99999999999728573, -388.0000000000010800 ) ) ;
#6325 = PRODUCT_DEFINITION_FORMATION_WITH_SPECIFIED_SOURCE ( 'ANY', '', #5693, .NOT_KNOWN. ) ;
#6326 = EDGE_CURVE ( 'NONE', #8735, #2706, #1567, .T. ) ;
#6327 = CARTESIAN_POINT ( 'NONE',  ( 0.000000000000000000, 3.001792575929515181E-13, -178.0000000000000284 ) ) ;
#6328 = CARTESIAN_POINT ( 'NONE',  ( 28.61817604250837377, 6.755772121541173014, 25.00000000000000000 ) ) ;
#6329 = ORIENTED_EDGE ( 'NONE', *, *, #5305, .F. ) ;
#6330 = VECTOR ( 'NONE', #7269, 1000.000000000000000 ) ;
#6331 = VERTEX_POINT ( 'NONE', #4726 ) ;
#6332 = VERTEX_POINT ( 'NONE', #9327 ) ;
#6333 = CARTESIAN_POINT ( 'NONE',  ( 0.000000000000000000, 66.79999999999999716, 39.50000000000000000 ) ) ;
#6334 = B_SPLINE_CURVE_WITH_KNOTS ( 'NONE', 3,
 ( #8681, #1852, #9005, #636, #3727, #6680, #7528, #7333, #9715, #3530, #8817, #2130 ),
 .UNSPECIFIED., .F., .F.,
 ( 4, 2, 2, 2, 2, 4 ),
 ( 0.000000000000000000, 0.002788532341232674745, 0.005577064682465349491, 0.008365597023698025103, 0.009759863194314363777, 0.01115412936493070419 ),
 .UNSPECIFIED. ) ;
#6335 = AXIS2_PLACEMENT_3D ( 'NONE', #5332, #167, #20 ) ;
#6336 = AXIS2_PLACEMENT_3D ( 'NONE', #1194, #1243, #5812 ) ;
#6337 = ORIENTED_EDGE ( 'NONE', *, *, #3513, .T. ) ;
#6338 = AXIS2_PLACEMENT_3D ( 'NONE', #3161, #8552, #7812 ) ;
#6339 = EDGE_CURVE ( 'NONE', #85, #887, #1119, .T. ) ;
#6340 = EDGE_CURVE ( 'NONE', #2958, #7104, #6991, .T. ) ;
#6341 = CARTESIAN_POINT ( 'NONE',  ( 0.000000000000000000, 82.69999999999998863, 39.50000000000000000 ) ) ;
#6342 = LINE ( 'NONE', #7791, #2720 ) ;
#6343 = LINE ( 'NONE', #8732, #442 ) ;
#6344 = EDGE_CURVE ( 'NONE', #3076, #2502, #8128, .T. ) ;
#6345 = DIRECTION ( 'NONE',  ( 0.000000000000000000, 0.000000000000000000, 1.000000000000000000 ) ) ;
#6346 = PRESENTATION_LAYER_ASSIGNMENT (  '', '', ( #6006 ) ) ;
#6347 = VECTOR ( 'NONE', #5690, 1000.000000000000000 ) ;
#6348 = ORIENTED_EDGE ( 'NONE', *, *, #2295, .F. ) ;
#6349 = LINE ( 'NONE', #7150, #1624 ) ;
#6350 = DIRECTION ( 'NONE',  ( 0.000000000000000000, -0.000000000000000000, 1.000000000000000000 ) ) ;
#6351 = ORIENTED_EDGE ( 'NONE', *, *, #8992, .F. ) ;
#6352 = ORIENTED_EDGE ( 'NONE', *, *, #62, .F. ) ;
#6353 = AXIS2_PLACEMENT_3D ( 'NONE', #5717, #7470, #5905 ) ;
#6354 = EDGE_LOOP ( 'NONE', ( #2188, #7124 ) ) ;
#6355 = DIRECTION ( 'NONE',  ( 0.000000000000000000, 0.000000000000000000, 1.000000000000000000 ) ) ;
#6356 = CARTESIAN_POINT ( 'NONE',  ( 38.25123110766364931, 7.324355332767233939, 9.000000000000007105 ) ) ;
#6357 = AXIS2_PLACEMENT_3D ( 'NONE', #7242, #4938, #7983 ) ;
#6358 = CARTESIAN_POINT ( 'NONE',  ( 5.224092216468692484, 5.102071505809584906, -37.64644167275575626 ) ) ;
#6359 = CARTESIAN_POINT ( 'NONE',  ( 33.07375552197760982, -30.51436867563304389, -8.999999999999998224 ) ) ;
#6360 = EDGE_CURVE ( 'NONE', #7022, #8177, #8911, .T. ) ;
#6361 = DIRECTION ( 'NONE',  ( 1.224646799147351975E-16, 1.000000000000000000, 0.000000000000000000 ) ) ;
#6362 = CARTESIAN_POINT ( 'NONE',  ( 35.92308074463417711, -198.4836866598347456, 11.96609650565750727 ) ) ;
#6363 = ORIENTED_EDGE ( 'NONE', *, *, #8098, .T. ) ;
#6364 = DIRECTION ( 'NONE',  ( 0.000000000000000000, 1.396592535537253342E-14, -1.000000000000000000 ) ) ;
#6365 = AXIS2_PLACEMENT_3D ( 'NONE', #173, #9397, #3201 ) ;
#6366 = CARTESIAN_POINT ( 'NONE',  ( 8.000000000000010658, -55.59999999999997300, 8.000000000000000000 ) ) ;
#6367 = CARTESIAN_POINT ( 'NONE',  ( 22.48353060487831456, -171.1999999999999886, 9.407652717443264478 ) ) ;
#6368 = CARTESIAN_POINT ( 'NONE',  ( 0.000000000000000000, 0.000000000000000000, 19.00000000000000000 ) ) ;
#6369 = CARTESIAN_POINT ( 'NONE',  ( 37.96853445382857473, 20.74511375178408557, -1.795980744473340662 ) ) ;
#6370 = ORIENTED_EDGE ( 'NONE', *, *, #9759, .T. ) ;
#6371 = AXIS2_PLACEMENT_3D ( 'NONE', #5281, #6742, #4482 ) ;
#6372 = ORIENTED_EDGE ( 'NONE', *, *, #2482, .T. ) ;
#6373 = CARTESIAN_POINT ( 'NONE',  ( 0.000000000000000000, 0.000000000000000000, 41.00000000000000000 ) ) ;
#6374 = DIRECTION ( 'NONE',  ( 1.000000000000000000, 0.000000000000000000, 0.000000000000000000 ) ) ;
#6375 = AXIS2_PLACEMENT_3D ( 'NONE', #5251, #8288, #6806 ) ;
#6376 = ITEM_DEFINED_TRANSFORMATION ( 'NONE', 'NONE', #766,  #2024 ) ;
#6377 = FACE_OUTER_BOUND ( 'NONE', #2755, .T. ) ;
#6378 = CARTESIAN_POINT ( 'NONE',  ( 36.00000000000000000, 0.000000000000000000, -11.95826074310138765 ) ) ;
#6379 = ORIENTED_EDGE ( 'NONE', *, *, #5532, .T. ) ;
#6380 = ORIENTED_EDGE ( 'NONE', *, *, #1514, .T. ) ;
#6381 = VERTEX_POINT ( 'NONE', #6333 ) ;
#6382 = ORIENTED_EDGE ( 'NONE', *, *, #1093, .F. ) ;
#6383 = EDGE_CURVE ( 'NONE', #486, #8810, #7181, .T. ) ;
#6384 = CARTESIAN_POINT ( 'NONE',  ( 6.999999999999996447, -145.5999999999999943, 4.999999999999999112 ) ) ;
#6385 = DIRECTION ( 'NONE',  ( -0.000000000000000000, -0.000000000000000000, -1.000000000000000000 ) ) ;
#6386 = DIRECTION ( 'NONE',  ( 1.000000000000000000, 0.000000000000000000, 0.000000000000000000 ) ) ;
#6387 = DIRECTION ( 'NONE',  ( 1.000000000000000000, 0.000000000000000000, 0.000000000000000000 ) ) ;
#6388 = VERTEX_POINT ( 'NONE', #9224 ) ;
#6389 = SURFACE_STYLE_USAGE ( .BOTH. , #1814 ) ;
#6390 = AXIS2_PLACEMENT_3D ( 'NONE', #3907, #271, #5446 ) ;
#6391 = CARTESIAN_POINT ( 'NONE',  ( -55.00000000000000000, -4.999999999993139710, -456.0000000000000568 ) ) ;
#6392 = VERTEX_POINT ( 'NONE', #3991 ) ;
#6393 = VERTEX_POINT ( 'NONE', #6229 ) ;
#6394 = ORIENTED_EDGE ( 'NONE', *, *, #6201, .T. ) ;
#6395 = EDGE_CURVE ( 'NONE', #6104, #5883, #102, .T. ) ;
#6396 = CARTESIAN_POINT ( 'NONE',  ( 10.33070025100230716, 40.41991448443760504, 41.23593192778152883 ) ) ;
#6397 = EDGE_CURVE ( 'NONE', #3671, #1557, #2863, .T. ) ;
#6398 = CARTESIAN_POINT ( 'NONE',  ( 38.74999999995428368, 1.474284678808428728, 8.968695557329882107 ) ) ;
#6399 = EDGE_CURVE ( 'NONE', #4968, #4839, #7734, .T. ) ;
#6400 = AXIS2_PLACEMENT_3D ( 'NONE', #1064, #4105, #1821 ) ;
#6401 = AXIS2_PLACEMENT_3D ( 'NONE', #8484, #261, #3243 ) ;
#6402 = CIRCLE ( 'NONE', #5432, 1.000000000000000000 ) ;
#6403 = CARTESIAN_POINT ( 'NONE',  ( 26.99999999999999645, -201.1999999999999886, -19.00000000000000000 ) ) ;
#6404 = CARTESIAN_POINT ( 'NONE',  ( 38.75000000000000000, 0.000000000000000000, 8.968695557326057610 ) ) ;
#6405 = CARTESIAN_POINT ( 'NONE',  ( 0.000000000000000000, 90.00000000000000000, -42.50000000000000711 ) ) ;
#6406 = DIRECTION ( 'NONE',  ( 1.000000000000000000, 0.000000000000000000, 0.000000000000000000 ) ) ;
#6407 = CARTESIAN_POINT ( 'NONE',  ( 35.61613899619977275, -195.7836607057123501, 11.98693117703045630 ) ) ;
#6408 = CIRCLE ( 'NONE', #6886, 1.000000000000000000 ) ;
#6409 = ORIENTED_EDGE ( 'NONE', *, *, #1643, .F. ) ;
#6410 = ORIENTED_EDGE ( 'NONE', *, *, #7079, .F. ) ;
#6411 = AXIS2_PLACEMENT_3D ( 'NONE', #3864, #1367, #5253 ) ;
#6412 = EDGE_CURVE ( 'NONE', #9710, #3098, #5527, .T. ) ;
#6413 = ADVANCED_FACE ( 'NONE', ( #1002 ), #4786, .F. ) ;
#6414 = CARTESIAN_POINT ( 'NONE',  ( 39.00000000000000000, -201.1999999999999886, -11.95826074310139120 ) ) ;
#6415 = DIRECTION ( 'NONE',  ( 0.000000000000000000, 1.000000000000000000, 0.000000000000000000 ) ) ;
#6416 = PRODUCT ( '4 Cylinder Engine', '4 Cylinder Engine', '', ( #8123 ) ) ;
#6417 = CARTESIAN_POINT ( 'NONE',  ( 0.000000000000000000, 59.50000000000000000, 0.000000000000000000 ) ) ;
#6418 = CARTESIAN_POINT ( 'NONE',  ( -14.91181263206659224, 43.86438509253741813, -34.95707670966052660 ) ) ;
#6419 = DIRECTION ( 'NONE',  ( 0.000000000000000000, 1.000000000000000000, 7.709882115452475800E-15 ) ) ;
#6420 = B_SPLINE_CURVE_WITH_KNOTS ( 'NONE', 3,
 ( #4531, #5143, #7589, #2996, #5288, #7545 ),
 .UNSPECIFIED., .F., .F.,
 ( 4, 2, 4 ),
 ( 0.000000000000000000, 0.001235105069189693702, 0.002470210138379387403 ),
 .UNSPECIFIED. ) ;
#6421 = EDGE_LOOP ( 'NONE', ( #3990, #6066 ) ) ;
#6422 = ORIENTED_EDGE ( 'NONE', *, *, #9264, .T. ) ;
#6423 = CARTESIAN_POINT ( 'NONE',  ( -39.00000000000000000, -201.1999999999999886, 11.95826074310138409 ) ) ;
#6424 = DIRECTION ( 'NONE',  ( -0.000000000000000000, -0.000000000000000000, -1.000000000000000000 ) ) ;
#6425 = CYLINDRICAL_SURFACE ( 'NONE', #2080, 36.00000000000000000 ) ;
#6426 = CARTESIAN_POINT ( 'NONE',  ( 64.56989347527211009, 47.23059238027839513, 0.000000000000000000 ) ) ;
#6427 = CARTESIAN_POINT ( 'NONE',  ( 36.00000000000000000, 5.445829513119708277E-13, -213.0000000000000284 ) ) ;
#6428 = FACE_OUTER_BOUND ( 'NONE', #5274, .T. ) ;
#6429 = ORIENTED_EDGE ( 'NONE', *, *, #4698, .F. ) ;
#6430 = CARTESIAN_POINT ( 'NONE',  ( 14.33973790429180895, 35.96009210660806588, -40.00908528615636328 ) ) ;
#6431 = ORIENTED_EDGE ( 'NONE', *, *, #9119, .T. ) ;
#6432 = EDGE_LOOP ( 'NONE', ( #3023, #5218, #1251 ) ) ;
#6433 = ORIENTED_EDGE ( 'NONE', *, *, #6288, .F. ) ;
#6434 = VECTOR ( 'NONE', #4484, 1000.000000000000000 ) ;
#6435 = PLANE ( 'NONE',  #7417 ) ;
#6436 = DIRECTION ( 'NONE',  ( -1.000000000000000000, 0.000000000000000000, 0.000000000000000000 ) ) ;
#6437 = DIRECTION ( 'NONE',  ( -0.000000000000000000, 6.982962677686266711E-15, -1.000000000000000000 ) ) ;
#6438 = CARTESIAN_POINT ( 'NONE',  ( -3.596725004804978284E-15, 130.1999999999981128, 205.0000000000000000 ) ) ;
#6439 = DIRECTION ( 'NONE',  ( -1.000000000000000000, 0.000000000000000000, 0.000000000000000000 ) ) ;
#6440 = CARTESIAN_POINT ( 'NONE',  ( -28.61817604250838087, 6.755772121541173014, 25.00000000000000000 ) ) ;
#6441 = CARTESIAN_POINT ( 'NONE',  ( -21.90140744488950375, 21.79117434197830150, 31.05416929952389182 ) ) ;
#6442 = VERTEX_POINT ( 'NONE', #7841 ) ;
#6443 = AXIS2_PLACEMENT_3D ( 'NONE', #7627, #781, #6882 ) ;
#6444 = ORIENTED_EDGE ( 'NONE', *, *, #9618, .F. ) ;
#6445 = CARTESIAN_POINT ( 'NONE',  ( 64.56989347527211009, 47.23059238027839513, 15.00000000000000000 ) ) ;
#6446 = CIRCLE ( 'NONE', #240, 38.00000000000000711 ) ;
#6447 = CARTESIAN_POINT ( 'NONE',  ( -38.68759559582433383, -198.2589617060768603, -8.974564642706466699 ) ) ;
#6448 = CYLINDRICAL_SURFACE ( 'NONE', #7392, 40.00000000000000000 ) ;
#6449 = DIRECTION ( 'NONE',  ( 1.000000000000000000, 0.000000000000000000, 0.000000000000000000 ) ) ;
#6450 = CARTESIAN_POINT ( 'NONE',  ( -22.50000000000000355, 27.00000000000000000, 30.62270399556512501 ) ) ;
#6451 = CARTESIAN_POINT ( 'NONE',  ( 21.93588259989763856, -170.2531712170662672, 9.185314602748556823 ) ) ;
#6452 = CIRCLE ( 'NONE', #2937, 8.000000000000000000 ) ;
#6453 = AXIS2_PLACEMENT_3D ( 'NONE', #5436, #3091, #6947 ) ;
#6454 = ADVANCED_FACE ( 'NONE', ( #4041 ), #7092, .F. ) ;
#6455 = EDGE_CURVE ( 'NONE', #2746, #7022, #5734, .T. ) ;
#6456 = CARTESIAN_POINT ( 'NONE',  ( 35.61183127812026328, -195.7524782914860282, 9.128065913155843702 ) ) ;
#6457 = ORIENTED_EDGE ( 'NONE', *, *, #7366, .F. ) ;
#6458 = EDGE_LOOP ( 'NONE', ( #2328, #2504 ) ) ;
#6459 = CLOSED_SHELL ( 'NONE', ( #656, #115, #3636, #6576, #7613, #5497, #4382, #3240, #8815, #3052, #203, #4948, #4144, #8100, #7558, #6902, #4868, #6071, #6093, #1145, #4625, #420, #8885, #1647, #5904, #7391, #7323, #4090, #2864, #9384, #8712, #2491, #2848, #4507, #6627, #1276, #419, #554, #7262, #7918, #8765, #4424, #9678, #8899, #8002, #9805, #7738, #4931, #7868, #9811, #6518, #7680, #2054, #1211, #132, #8478, #8782, #3664, #6701, #4610, #4766, #4087, #8710, #242, #7825, #7374, #1349, #7070, #3724, #5596, #1024, #9398, #8952, #9077, #9749, #2106, #7916, #477, #5224, #4036, #1222, #4704, #2629, #9205, #7378, #3155, #4870, #4752, #5280, #1110, #4032, #8554, #969, #4019, #9558, #5957, #2066, #323, #5610, #5594, #440, #1706, #5656, #3891, #4085, #1914, #4389, #412, #3296, #3831, #8032, #6013, #790, #292, #7884, #4161, #7998, #5184, #1845, #7016, #6770, #7739, #9693, #9060, #421, #9785, #7610, #5068 ) ) ;
#6460 = CARTESIAN_POINT ( 'NONE',  ( 5.475045296464518430, 42.99817767541921398, 42.14924913131129358 ) ) ;
#6461 = FACE_OUTER_BOUND ( 'NONE', #4185, .T. ) ;
#6462 = EDGE_CURVE ( 'NONE', #1907, #4324, #8594, .T. ) ;
#6463 = ADVANCED_FACE ( 'NONE', ( #4055 ), #9396, .T. ) ;
#6464 = CARTESIAN_POINT ( 'NONE',  ( 38.00000000000000000, 47.19999999999998863, -8.999999999999992895 ) ) ;
#6465 = CARTESIAN_POINT ( 'NONE',  ( -7.024303749265628838, 48.37870491213082147, -37.34689806603864781 ) ) ;
#6466 = LINE ( 'NONE', #8105, #6330 ) ;
#6467 = ORIENTED_EDGE ( 'NONE', *, *, #2011, .F. ) ;
#6468 = ADVANCED_FACE ( 'NONE', ( #9294, #7949 ), #2560, .F. ) ;
#6469 = B_SPLINE_CURVE_WITH_KNOTS ( 'NONE', 3,
 ( #7291, #453, #1995, #1346, #5964, #6540 ),
 .UNSPECIFIED., .F., .F.,
 ( 4, 2, 4 ),
 ( 0.000000000000000000, 0.001668364605102499445, 0.003336729210204998890 ),
 .UNSPECIFIED. ) ;
#6470 = EDGE_LOOP ( 'NONE', ( #7156, #197, #1984, #1302, #6185, #2638 ) ) ;
#6471 = CARTESIAN_POINT ( 'NONE',  ( -17.50000000000000355, 0.000000000000000000, 55.99999999999999289 ) ) ;
#6472 = CARTESIAN_POINT ( 'NONE',  ( 8.919190210719643019, 0.4674349519468579683, 9.000000000000000000 ) ) ;
#6473 = CARTESIAN_POINT ( 'NONE',  ( 9.000000000000017764, -145.5999999999999659, 9.000000000000000000 ) ) ;
#6474 = CARTESIAN_POINT ( 'NONE',  ( 38.43829896936482271, -195.3339319716639011, -8.990188665593587203 ) ) ;
#6475 = DIRECTION ( 'NONE',  ( -0.000000000000000000, 1.396592535537253342E-14, -1.000000000000000000 ) ) ;
#6476 = ORIENTED_EDGE ( 'NONE', *, *, #7151, .F. ) ;
#6477 = ORIENTED_EDGE ( 'NONE', *, *, #4808, .F. ) ;
#6478 = EDGE_CURVE ( 'NONE', #8656, #8814, #6696, .T. ) ;
#6479 = CIRCLE ( 'NONE', #8555, 4.999999999999997335 ) ;
#6480 = VERTEX_POINT ( 'NONE', #4896 ) ;
#6481 =( BOUNDED_SURFACE ( )  B_SPLINE_SURFACE ( 3, 2, ( 
 ( #7371, #3564, #9654 ),
 ( #2818, #6821, #5854 ),
 ( #9053, #3615, #8904 ),
 ( #2075, #5263, #7569 ),
 ( #724, #3765, #2869 ),
 ( #5120, #8851, #8161 ) ),
 .UNSPECIFIED., .F., .F., .T. ) 
 B_SPLINE_SURFACE_WITH_KNOTS ( ( 4, 2, 4 ),
 ( 3, 3 ),
 ( 0.000000000000000000, 0.004411853782887461758, 0.008823707565774923517 ),
 ( 0.000000000000000000, 1.000000000000000000 ),
 .UNSPECIFIED. ) 
 GEOMETRIC_REPRESENTATION_ITEM ( )  RATIONAL_B_SPLINE_SURFACE ( (
 ( 1.000000000000000000, 0.7071067811865467956, 1.000000000000000000),
 ( 1.000000000000000000, 0.7167217121882379915, 1.000000000000000000),
 ( 1.000000000000000000, 0.7239293624834937102, 1.000000000000000000),
 ( 1.000000000000000000, 0.7335575311261357534, 1.000000000000000000),
 ( 1.000000000000000000, 0.7359783963883560487, 1.000000000000000000),
 ( 1.000000000000000000, 0.7359800721939872004, 1.000000000000000000) ) ) 
 REPRESENTATION_ITEM ( '' )  SURFACE ( )  );
#6482 = AXIS2_PLACEMENT_3D ( 'NONE', #4402, #1468, #2260 ) ;
#6483 = LINE ( 'NONE', #4230, #7904 ) ;
#6484 = CARTESIAN_POINT ( 'NONE',  ( 5.211978077973158818, 5.099305607717381505, 37.64805318902472209 ) ) ;
#6485 = DIRECTION ( 'NONE',  ( 1.000000000000000000, 0.000000000000000000, 0.000000000000000000 ) ) ;
#6486 = DIRECTION ( 'NONE',  ( 0.8530789953630331102, -2.122260452012540180E-16, -0.5217817816581928891 ) ) ;
#6487 = ORIENTED_EDGE ( 'NONE', *, *, #4553, .T. ) ;
#6488 = CARTESIAN_POINT ( 'NONE',  ( 0.000000000000000000, 0.000000000000000000, 133.0000000000000000 ) ) ;
#6489 = ORIENTED_EDGE ( 'NONE', *, *, #8021, .T. ) ;
#6490 = CIRCLE ( 'NONE', #6151, 22.50000000000000000 ) ;
#6491 = DIRECTION ( 'NONE',  ( 1.000000000000000000, 1.776356839400252042E-15, 0.000000000000000000 ) ) ;
#6492 = VERTEX_POINT ( 'NONE', #4102 ) ;
#6493 = DIRECTION ( 'NONE',  ( -0.000000000000000000, -0.000000000000000000, 1.000000000000000000 ) ) ;
#6494 = CIRCLE ( 'NONE', #6157, 36.00000000000000000 ) ;
#6495 = PRODUCT_DEFINITION_SHAPE ( 'NONE', 'NONE',  #5636 ) ;
#6496 = DIRECTION ( 'NONE',  ( -0.000000000000000000, -1.396592535537253342E-14, 1.000000000000000000 ) ) ;
#6497 = AXIS2_PLACEMENT_3D ( 'NONE', #1294, #5081, #587 ) ;
#6498 = AXIS2_PLACEMENT_3D ( 'NONE', #7224, #9603, #8660 ) ;
#6499 = DIRECTION ( 'NONE',  ( 1.000000000000000000, 1.776356839400252042E-15, 0.000000000000000000 ) ) ;
#6500 = CARTESIAN_POINT ( 'NONE',  ( -21.89984631173079777, 32.21564149094116658, 31.05527401543731969 ) ) ;
#6501 = CARTESIAN_POINT ( 'NONE',  ( -46.49956922558553885, -13.77379991454192876, 15.00000000000000000 ) ) ;
#6502 = CIRCLE ( 'NONE', #6338, 36.00000000000000000 ) ;
#6503 = CARTESIAN_POINT ( 'NONE',  ( -11.16846064533467064, 14.26928472265268155, -41.01420984958792815 ) ) ;
#6504 = ORIENTED_EDGE ( 'NONE', *, *, #2574, .F. ) ;
#6505 = VERTEX_POINT ( 'NONE', #907 ) ;
#6506 = MECHANICAL_DESIGN_GEOMETRIC_PRESENTATION_REPRESENTATION (  '', ( #3147 ), #2195 ) ;
#6507 = AXIS2_PLACEMENT_3D ( 'NONE', #5871, #8269, #4525 ) ;
#6508 = VECTOR ( 'NONE', #4927, 1000.000000000000000 ) ;
#6509 = VECTOR ( 'NONE', #3563, 1000.000000000000000 ) ;
#6510 = CARTESIAN_POINT ( 'NONE',  ( 42.38224933252630677, 20.64987890535590509, -3.193933342153425947 ) ) ;
#6511 = DIRECTION ( 'NONE',  ( 1.000000000000000000, 0.000000000000000000, 0.000000000000000000 ) ) ;
#6512 = AXIS2_PLACEMENT_3D ( 'NONE', #3211, #5396, #3160 ) ;
#6513 = CARTESIAN_POINT ( 'NONE',  ( 11.56961540340032357, 14.66881888264113876, -40.89692939356141466 ) ) ;
#6514 = CARTESIAN_POINT ( 'NONE',  ( 38.89087296526012238, 43.89087296526580673, -440.9999999999993747 ) ) ;
#6515 = PLANE ( 'NONE',  #7928 ) ;
#6516 = VERTEX_POINT ( 'NONE', #5598 ) ;
#6517 = EDGE_CURVE ( 'NONE', #3725, #2640, #221, .T. ) ;
#6518 = ADVANCED_FACE ( 'NONE', ( #4007 ), #1108, .T. ) ;
#6519 = ADVANCED_FACE ( 'NONE', ( #4846 ), #7901, .F. ) ;
#6520 = AXIS2_PLACEMENT_3D ( 'NONE', #6312, #618, #9602 ) ;
#6521 = CARTESIAN_POINT ( 'NONE',  ( 4.837354856632044663E-15, 82.69999999999998863, -39.50000000000000000 ) ) ;
#6522 = CARTESIAN_POINT ( 'NONE',  ( 16.89999999999999858, 2.069653090559026923E-15, 41.00000000000000000 ) ) ;
#6523 = CARTESIAN_POINT ( 'NONE',  ( -46.99999999999999289, 40.00000000000000000, -4.500000000000015099 ) ) ;
#6524 = CARTESIAN_POINT ( 'NONE',  ( 38.25142132890803737, -193.8767430044894127, -9.000000000000003553 ) ) ;
#6525 = DIRECTION ( 'NONE',  ( 1.000000000000000000, 0.000000000000000000, 0.000000000000000000 ) ) ;
#6526 = ORIENTED_EDGE ( 'NONE', *, *, #7223, .F. ) ;
#6527 = VERTEX_POINT ( 'NONE', #4749 ) ;
#6528 = AXIS2_PLACEMENT_3D ( 'NONE', #4388, #647, #7486 ) ;
#6529 = VERTEX_POINT ( 'NONE', #2506 ) ;
#6530 = VECTOR ( 'NONE', #6619, 1000.000000000000000 ) ;
#6531 = EDGE_CURVE ( 'NONE', #169, #1956, #483, .T. ) ;
#6532 = PRODUCT_DEFINITION_SHAPE ( 'NONE', 'NONE',  #9841 ) ;
#6533 = DIRECTION ( 'NONE',  ( 0.000000000000000000, -1.000000000000000000, -1.439177994884462065E-14 ) ) ;
#6534 = CARTESIAN_POINT ( 'NONE',  ( 34.46221800625678355, 8.581455290019416537, 24.87359058957515856 ) ) ;
#6535 = EDGE_CURVE ( 'NONE', #2810, #892, #5495, .T. ) ;
#6536 = DIRECTION ( 'NONE',  ( -1.000000000000000000, 0.000000000000000000, 0.000000000000000000 ) ) ;
#6537 = CARTESIAN_POINT ( 'NONE',  ( 1.640386734144152827E-11, 245.1999999999973454, 90.99999999999666045 ) ) ;
#6538 = CARTESIAN_POINT ( 'NONE',  ( -38.00000000000000711, -201.1999999999999886, -1.514518439508615673E-14 ) ) ;
#6539 = CARTESIAN_POINT ( 'NONE',  ( -22.50000000000000355, 27.00000000000000355, -30.62270399556512857 ) ) ;
#6540 = CARTESIAN_POINT ( 'NONE',  ( 20.91567205257160467, -168.2829123009146315, -9.000000000000000000 ) ) ;
#6541 = VERTEX_POINT ( 'NONE', #5441 ) ;
#6542 = B_SPLINE_CURVE_WITH_KNOTS ( 'NONE', 3,
 ( #5657, #8702, #8006, #1873, #4912, #6460, #9499, #1170, #2662, #5703, #4211, #6396, #4971, #4127, #9652, #3378, #5715, #2769, #3562, #9608, #6617, #7370, #2719, #4923, #1889, #481, #1131, #5071 ),
 .UNSPECIFIED., .F., .F.,
 ( 4, 2, 2, 2, 2, 2, 2, 2, 2, 2, 2, 2, 2, 4 ),
 ( 0.08007194787454337270, 0.08340509606779111795, 0.08507167016441498364, 0.08673824426103884933, 0.08840481835766272889, 0.09007139245428659458, 0.09340454064753433983, 0.09507111474415820551, 0.09673768884078207120, 0.1000708370340297887, 0.1017374111306536405, 0.1034039852272775062, 0.1050705593239013580, 0.1067371334205252098 ),
 .UNSPECIFIED. ) ;
#6543 = CIRCLE ( 'NONE', #4303, 17.50000000000000355 ) ;
#6544 = ORIENTED_EDGE ( 'NONE', *, *, #5113, .T. ) ;
#6545 = DIRECTION ( 'NONE',  ( 1.000000000000000000, 0.000000000000000000, 0.000000000000000000 ) ) ;
#6546 = DIRECTION ( 'NONE',  ( 0.000000000000000000, -1.000000000000000000, -6.938893903907228378E-15 ) ) ;
#6547 = MANIFOLD_SOLID_BREP ( 'Boss-Extrude1', #9637 ) ;
#6548 = CARTESIAN_POINT ( 'NONE',  ( 191.5194180755570699, -19.22498999199198622, 0.000000000000000000 ) ) ;
#6549 = CARTESIAN_POINT ( 'NONE',  ( 0.000000000000000000, 66.79999999999999716, 0.000000000000000000 ) ) ;
#6550 = DIRECTION ( 'NONE',  ( 0.000000000000000000, 1.396592535537253342E-14, -1.000000000000000000 ) ) ;
#6551 = AXIS2_PLACEMENT_3D ( 'NONE', #6304, #9243, #2353 ) ;
#6552 = TOROIDAL_SURFACE ( 'NONE', #8928, 9.000000000000001776, 1.000000000000000000 ) ;
#6553 = CARTESIAN_POINT ( 'NONE',  ( 6.999999999999996447, -145.5999999999999659, -4.999999999999999112 ) ) ;
#6554 = CARTESIAN_POINT ( 'NONE',  ( 36.00000000000000000, -199.8391218349300971, 11.95826074310524412 ) ) ;
#6555 = ORIENTED_EDGE ( 'NONE', *, *, #8608, .T. ) ;
#6556 = ORIENTED_EDGE ( 'NONE', *, *, #9635, .T. ) ;
#6557 = VECTOR ( 'NONE', #7476, 1000.000000000000114 ) ;
#6558 = VECTOR ( 'NONE', #5948, 1000.000000000000227 ) ;
#6559 = UNCERTAINTY_MEASURE_WITH_UNIT (LENGTH_MEASURE( 1.000000000000000082E-05 ), #9824, 'distance_accuracy_value', 'NONE');
#6560 = CARTESIAN_POINT ( 'NONE',  ( 42.49936592117559542, 20.77433629923642400, -0.9305251205887555832 ) ) ;
#6561 = CARTESIAN_POINT ( 'NONE',  ( 0.000000000000000000, 0.000000000000000000, 55.99999999999999289 ) ) ;
#6562 = CARTESIAN_POINT ( 'NONE',  ( 7.541064663498850962, 42.16525453650348254, -41.83856912202745093 ) ) ;
#6563 = VECTOR ( 'NONE', #4551, 1000.000000000000114 ) ;
#6564 = DIRECTION ( 'NONE',  ( 0.000000000000000000, 1.000000000000000000, 1.110223024624947492E-14 ) ) ;
#6565 = VECTOR ( 'NONE', #9448, 1000.000000000000000 ) ;
#6566 = UNCERTAINTY_MEASURE_WITH_UNIT (LENGTH_MEASURE( 1.000000000000000082E-05 ), #8536, 'distance_accuracy_value', 'NONE');
#6567 = CARTESIAN_POINT ( 'NONE',  ( 36.00000000000000000, -201.1999999999999886, -9.198662110077989951 ) ) ;
#6568 = DIRECTION ( 'NONE',  ( 0.000000000000000000, 1.000000000000000000, 1.110223024625799620E-14 ) ) ;
#6569 = ORIENTED_EDGE ( 'NONE', *, *, #9498, .T. ) ;
#6570 = CIRCLE ( 'NONE', #30, 36.00000000000000000 ) ;
#6571 = DIRECTION ( 'NONE',  ( 0.000000000000000000, 0.000000000000000000, 1.000000000000000000 ) ) ;
#6572 = CARTESIAN_POINT ( 'NONE',  ( -35.92232950245770695, -198.4737665732858716, -11.96616446274451384 ) ) ;
#6573 = CARTESIAN_POINT ( 'NONE',  ( 4.837354856632044663E-15, 78.39999999999999147, -39.50000000000000000 ) ) ;
#6574 = EDGE_CURVE ( 'NONE', #8202, #2706, #2154, .T. ) ;
#6575 = CARTESIAN_POINT ( 'NONE',  ( 38.89087296526011528, -43.89087296525740101, -456.0000000000006253 ) ) ;
#6576 = ADVANCED_FACE ( 'NONE', ( #5198 ), #6048, .F. ) ;
#6577 = DIRECTION ( 'NONE',  ( 1.000000000000000000, 0.000000000000000000, 0.000000000000000000 ) ) ;
#6578 = ORIENTED_EDGE ( 'NONE', *, *, #5879, .F. ) ;
#6579 = EDGE_CURVE ( 'NONE', #9209, #9567, #9563, .T. ) ;
#6580 = ORIENTED_EDGE ( 'NONE', *, *, #8155, .F. ) ;
#6581 = ORIENTED_EDGE ( 'NONE', *, *, #6223, .T. ) ;
#6582 = VERTEX_POINT ( 'NONE', #1563 ) ;
#6583 = DIRECTION ( 'NONE',  ( -0.000000000000000000, -0.000000000000000000, 1.000000000000000000 ) ) ;
#6584 = CARTESIAN_POINT ( 'NONE',  ( 35.20756586982619041, 11.51340748400039793, 23.80649930252114643 ) ) ;
#6585 =( NAMED_UNIT ( * ) PLANE_ANGLE_UNIT ( ) SI_UNIT ( $, .RADIAN. ) );
#6586 = DIRECTION ( 'NONE',  ( 1.923416166579576328E-16, -2.893263746265707717E-17, -1.000000000000000000 ) ) ;
#6587 = ADVANCED_FACE ( 'NONE', ( #4452, #6090 ), #1365, .T. ) ;
#6588 = ORIENTED_EDGE ( 'NONE', *, *, #6718, .F. ) ;
#6589 = DIRECTION ( 'NONE',  ( -0.000000000000000000, -0.000000000000000000, -1.000000000000000000 ) ) ;
#6590 = EDGE_CURVE ( 'NONE', #2684, #9352, #6543, .T. ) ;
#6591 = CARTESIAN_POINT ( 'NONE',  ( -55.00000000000000000, 5.000000000000466294, -455.9999999999999432 ) ) ;
#6592 = ORIENTED_EDGE ( 'NONE', *, *, #6321, .T. ) ;
#6593 = EDGE_LOOP ( 'NONE', ( #1383, #5885, #2595, #7989 ) ) ;
#6594 = FACE_OUTER_BOUND ( 'NONE', #4279, .T. ) ;
#6595 = PLANE ( 'NONE',  #3015 ) ;
#6596 = ADVANCED_FACE ( 'NONE', ( #6707 ), #7457, .F. ) ;
#6597 = DIRECTION ( 'NONE',  ( -0.000000000000000000, -0.000000000000000000, -1.000000000000000000 ) ) ;
#6598 =( NAMED_UNIT ( * ) SI_UNIT ( $, .STERADIAN. ) SOLID_ANGLE_UNIT ( ) );
#6599 = DIRECTION ( 'NONE',  ( -1.541976423090496126E-16, -1.000000000000000000, 0.000000000000000000 ) ) ;
#6600 = CARTESIAN_POINT ( 'NONE',  ( -31.86681925807073767, 14.97980075783326903, 20.70420291268113999 ) ) ;
#6601 = AXIS2_PLACEMENT_3D ( 'NONE', #7177, #991, #4871 ) ;
#6602 = DIRECTION ( 'NONE',  ( 0.000000000000000000, 1.000000000000000000, -0.000000000000000000 ) ) ;
#6603 = CARTESIAN_POINT ( 'NONE',  ( -42.34547809345422564, 20.61079497481700784, 3.649084236565246275 ) ) ;
#6604 = VERTEX_POINT ( 'NONE', #4401 ) ;
#6605 = EDGE_LOOP ( 'NONE', ( #7581, #5954, #8908, #683, #4229 ) ) ;
#6606 = AXIS2_PLACEMENT_3D ( 'NONE', #4044, #7096, #396 ) ;
#6607 = CIRCLE ( 'NONE', #5944, 16.89999999999999858 ) ;
#6608 = CARTESIAN_POINT ( 'NONE',  ( 39.26646291270543543, 17.32113956773165597, 16.28229584021926613 ) ) ;
#6609 = CARTESIAN_POINT ( 'NONE',  ( 0.000000000000000000, 1.340640696568205384E-12, -326.9999999999999432 ) ) ;
#6610 = CARTESIAN_POINT ( 'NONE',  ( 46.49956922558554595, 13.77379991454288621, -273.9999999999998863 ) ) ;
#6611 = DIRECTION ( 'NONE',  ( 0.000000000000000000, 1.396592535537253342E-14, -1.000000000000000000 ) ) ;
#6612 = DIRECTION ( 'NONE',  ( 0.000000000000000000, 1.396592535537253342E-14, -1.000000000000000000 ) ) ;
#6613 = DIRECTION ( 'NONE',  ( 0.000000000000000000, 1.396592535537253342E-14, -1.000000000000000000 ) ) ;
#6614 = ORIENTED_EDGE ( 'NONE', *, *, #8940, .F. ) ;
#6615 = PRODUCT_DEFINITION_SHAPE ( 'NONE', 'NONE',  #9852 ) ;
#6616 = DIRECTION ( 'NONE',  ( -0.000000000000000000, -1.396592535537253342E-14, 1.000000000000000000 ) ) ;
#6617 = CARTESIAN_POINT ( 'NONE',  ( 15.99661305137815503, 32.47953636064964655, 39.37498128858705115 ) ) ;
#6618 = AXIS2_PLACEMENT_3D ( 'NONE', #210, #6898, #2446 ) ;
#6619 = DIRECTION ( 'NONE',  ( -0.000000000000000000, -1.396592535537253342E-14, 1.000000000000000000 ) ) ;
#6620 = DIRECTION ( 'NONE',  ( 0.000000000000000000, -6.982962677686266711E-15, 1.000000000000000000 ) ) ;
#6621 = DIRECTION ( 'NONE',  ( -1.000000000000000000, -0.000000000000000000, 0.000000000000000000 ) ) ;
#6622 = ORIENTED_EDGE ( 'NONE', *, *, #5472, .T. ) ;
#6623 = VERTEX_POINT ( 'NONE', #9788 ) ;
#6624 = ORIENTED_EDGE ( 'NONE', *, *, #8788, .F. ) ;
#6625 = DIRECTION ( 'NONE',  ( -0.000000000000000000, -0.000000000000000000, -1.000000000000000000 ) ) ;
#6626 = ORIENTED_EDGE ( 'NONE', *, *, #2430, .T. ) ;
#6627 = ADVANCED_FACE ( 'NONE', ( #9743 ), #9139, .T. ) ;
#6628 = ADVANCED_FACE ( 'NONE', ( #5887 ), #3704, .T. ) ;
#6629 = CARTESIAN_POINT ( 'NONE',  ( 16.32427067421177114, 22.59093665193644185, 39.24027718725322700 ) ) ;
#6630 = CARTESIAN_POINT ( 'NONE',  ( -38.75000000000000000, -201.1999999999999886, -8.968695557326066492 ) ) ;
#6631 = CARTESIAN_POINT ( 'NONE',  ( -34.51751045525492145, 54.22455240934152698, -174.9999999999996589 ) ) ;
#6632 = SHAPE_DEFINITION_REPRESENTATION ( #1158, #4268 ) ;
#6633 = EDGE_LOOP ( 'NONE', ( #4578, #7720 ) ) ;
#6634 = CARTESIAN_POINT ( 'NONE',  ( 0.000000000000000000, 0.000000000000000000, 130.0000000000000000 ) ) ;
#6635 = CARTESIAN_POINT ( 'NONE',  ( 35.38462345019672739, -194.4325299259506608, 12.00000000000001066 ) ) ;
#6636 = VERTEX_POINT ( 'NONE', #8337 ) ;
#6637 = ORIENTED_EDGE ( 'NONE', *, *, #769, .F. ) ;
#6638 = CARTESIAN_POINT ( 'NONE',  ( -46.49956922558553885, -13.77379991454192876, 15.00000000000000000 ) ) ;
#6639 = AXIS2_PLACEMENT_3D ( 'NONE', #5704, #329, #5658 ) ;
#6640 = DIRECTION ( 'NONE',  ( -0.000000000000000000, -1.396592535537253342E-14, 1.000000000000000000 ) ) ;
#6641 = ADVANCED_FACE ( 'NONE', ( #6755 ), #2855, .F. ) ;
#6642 = ADVANCED_FACE ( 'NONE', ( #8984 ), #5983, .F. ) ;
#6643 = EDGE_CURVE ( 'NONE', #24, #5778, #2259, .T. ) ;
#6644 = DIRECTION ( 'NONE',  ( 0.000000000000000000, 0.000000000000000000, 1.000000000000000000 ) ) ;
#6645 = CARTESIAN_POINT ( 'NONE',  ( -36.00000000000000000, 4.163153889128611906E-13, -210.0000000000000000 ) ) ;
#6646 = PLANE ( 'NONE',  #1542 ) ;
#6647 = CARTESIAN_POINT ( 'NONE',  ( -27.00000000000000000, 0.000000000000000000, -19.00000000000000000 ) ) ;
#6648 = AXIS2_PLACEMENT_3D ( 'NONE', #2394, #3847, #8375 ) ;
#6649 =( GEOMETRIC_REPRESENTATION_CONTEXT ( 3 ) GLOBAL_UNCERTAINTY_ASSIGNED_CONTEXT ( ( #7356 ) ) GLOBAL_UNIT_ASSIGNED_CONTEXT ( ( #6735, #8865, #8173 ) ) REPRESENTATION_CONTEXT ( 'NONE', 'WORKASPACE' ) );
#6650 = CARTESIAN_POINT ( 'NONE',  ( -40.93484022786177690, 19.10799372182490075, 11.46031102006163849 ) ) ;
#6651 = ORIENTED_EDGE ( 'NONE', *, *, #1090, .F. ) ;
#6652 = CIRCLE ( 'NONE', #5986, 22.50000000000000355 ) ;
#6653 = ORIENTED_EDGE ( 'NONE', *, *, #8529, .F. ) ;
#6654 = AXIS2_PLACEMENT_3D ( 'NONE', #3532, #2880, #5026 ) ;
#6655 = ORIENTED_EDGE ( 'NONE', *, *, #5838, .T. ) ;
#6656 = AXIS2_PLACEMENT_3D ( 'NONE', #5353, #6149, #3973 ) ;
#6657 = EDGE_CURVE ( 'NONE', #7482, #165, #8284, .T. ) ;
#6658 = MANIFOLD_SOLID_BREP ( 'Fillet4', #8203 ) ;
#6659 = SURFACE_SIDE_STYLE ('',( #7651 ) ) ;
#6660 = AXIS2_PLACEMENT_3D ( 'NONE', #8572, #836, #1592 ) ;
#6661 = CARTESIAN_POINT ( 'NONE',  ( 38.89087296526012238, 43.89087296526601989, -455.9999999999994316 ) ) ;
#6662 = DIRECTION ( 'NONE',  ( -0.000000000000000000, -0.000000000000000000, -1.000000000000000000 ) ) ;
#6663 = ADVANCED_FACE ( 'NONE', ( #810 ), #2715, .F. ) ;
#6664 = CARTESIAN_POINT ( 'NONE',  ( -46.49956922558553885, -13.77379991454007069, -327.0000000000001705 ) ) ;
#6665 = CYLINDRICAL_SURFACE ( 'NONE', #8743, 42.50000000000000711 ) ;
#6666 = DIRECTION ( 'NONE',  ( -1.541976423090496126E-16, -1.000000000000000000, 0.000000000000000000 ) ) ;
#6667 = AXIS2_PLACEMENT_3D ( 'NONE', #3011, #5843, #2807 ) ;
#6668 = EDGE_LOOP ( 'NONE', ( #6785, #9546 ) ) ;
#6669 = CIRCLE ( 'NONE', #3474, 22.50000000000000000 ) ;
#6670 = AXIS2_PLACEMENT_3D ( 'NONE', #182, #717, #2265 ) ;
#6671 = FACE_OUTER_BOUND ( 'NONE', #7974, .T. ) ;
#6672 = LINE ( 'NONE', #9051, #7987 ) ;
#6673 = LINE ( 'NONE', #5072, #6509 ) ;
#6674 = CARTESIAN_POINT ( 'NONE',  ( -35.07692307692307310, 8.099967126823496955, 11.99999999999998579 ) ) ;
#6675 = CARTESIAN_POINT ( 'NONE',  ( 36.73016580209660020, 14.49168859958868083, -21.39250402686659314 ) ) ;
#6676 = VERTEX_POINT ( 'NONE', #2565 ) ;
#6677 = ORIENTED_EDGE ( 'NONE', *, *, #495, .F. ) ;
#6678 = VERTEX_POINT ( 'NONE', #3151 ) ;
#6679 = EDGE_LOOP ( 'NONE', ( #7873, #6715 ) ) ;
#6680 = CARTESIAN_POINT ( 'NONE',  ( 30.17675639024148992, 12.68201994043567993, -23.10183176285252316 ) ) ;
#6681 = CARTESIAN_POINT ( 'NONE',  ( -36.00000000000000711, -201.2000000000000171, -9.198662110078014820 ) ) ;
#6682 = CARTESIAN_POINT ( 'NONE',  ( 0.000000000000000000, 0.000000000000000000, 53.00000000000000000 ) ) ;
#6683 = CARTESIAN_POINT ( 'NONE',  ( -1.309406020289774523E-14, 185.3999999999981299, 205.0000000000000000 ) ) ;
#6684 = ORIENTED_EDGE ( 'NONE', *, *, #599, .F. ) ;
#6685 = CARTESIAN_POINT ( 'NONE',  ( -20.13273825798439987, 16.92766526225294754, -32.23100027029786219 ) ) ;
#6686 = DIRECTION ( 'NONE',  ( 0.000000000000000000, -0.000000000000000000, 1.000000000000000000 ) ) ;
#6687 = ORIENTED_EDGE ( 'NONE', *, *, #7138, .T. ) ;
#6688 = VERTEX_POINT ( 'NONE', #3259 ) ;
#6689 = CARTESIAN_POINT ( 'NONE',  ( -15.38498420518960508, 34.01557465081859988, 39.61823644051790438 ) ) ;
#6690 = LINE ( 'NONE', #12, #1270 ) ;
#6691 = CARTESIAN_POINT ( 'NONE',  ( -34.51751045525492145, -54.22455240934124987, 15.00000000000000000 ) ) ;
#6692 =( NAMED_UNIT ( * ) PLANE_ANGLE_UNIT ( ) SI_UNIT ( $, .RADIAN. ) );
#6693 = DIRECTION ( 'NONE',  ( 0.000000000000000000, 1.000000000000000000, 0.000000000000000000 ) ) ;
#6694 = CARTESIAN_POINT ( 'NONE',  ( -8.000000000000003553, -145.5999999999999659, -8.000000000000000000 ) ) ;
#6695 = DIRECTION ( 'NONE',  ( -0.000000000000000000, -0.000000000000000000, -1.000000000000000000 ) ) ;
#6696 = CIRCLE ( 'NONE', #9414, 14.89999999999999680 ) ;
#6697 = CARTESIAN_POINT ( 'NONE',  ( -42.38224933252630677, 20.64987890535590864, 3.193933342153420618 ) ) ;
#6698 = EDGE_CURVE ( 'NONE', #5806, #2810, #4000, .T. ) ;
#6699 = EDGE_CURVE ( 'NONE', #3539, #2640, #975, .T. ) ;
#6700 = ORIENTED_EDGE ( 'NONE', *, *, #5911, .F. ) ;
#6701 = ADVANCED_FACE ( 'NONE', ( #5392 ), #2410, .T. ) ;
#6702 = ORIENTED_EDGE ( 'NONE', *, *, #8898, .T. ) ;
#6703 = ORIENTED_EDGE ( 'NONE', *, *, #2674, .T. ) ;
#6704 = VECTOR ( 'NONE', #6599, 1000.000000000000000 ) ;
#6705 = CARTESIAN_POINT ( 'NONE',  ( 0.000000000000000000, 0.000000000000000000, -61.00000000000000000 ) ) ;
#6706 = MANIFOLD_SOLID_BREP ( 'Fillet2', #3906 ) ;
#6707 = FACE_OUTER_BOUND ( 'NONE', #8542, .T. ) ;
#6708 = CYLINDRICAL_SURFACE ( 'NONE', #9180, 36.00000000000000000 ) ;
#6709 = DIRECTION ( 'NONE',  ( 1.000000000000000000, 1.776356839400252042E-15, 0.000000000000000000 ) ) ;
#6710 = CARTESIAN_POINT ( 'NONE',  ( 1.106884595926295456E-14, -55.59999999999998010, 8.000000000000000000 ) ) ;
#6711 = VECTOR ( 'NONE', #9420, 1000.000000000000000 ) ;
#6712 = DIRECTION ( 'NONE',  ( 1.000000000000000000, 0.000000000000000000, 0.000000000000000000 ) ) ;
#6713 = DIRECTION ( 'NONE',  ( 1.000000000000000000, 0.000000000000000000, 0.000000000000000000 ) ) ;
#6714 = DIRECTION ( 'NONE',  ( -0.000000000000000000, -1.396592535537253342E-14, 1.000000000000000000 ) ) ;
#6715 = ORIENTED_EDGE ( 'NONE', *, *, #3353, .T. ) ;
#6716 = CIRCLE ( 'NONE', #501, 20.50000000000000355 ) ;
#6717 = AXIS2_PLACEMENT_3D ( 'NONE', #4271, #5801, #2632 ) ;
#6718 = EDGE_CURVE ( 'NONE', #8436, #4839, #3034, .T. ) ;
#6719 = PRODUCT ( '1. Piston', '1. Piston', '', ( #688 ) ) ;
#6720 = EDGE_CURVE ( 'NONE', #1956, #1488, #321, .T. ) ;
#6721 = AXIS2_PLACEMENT_3D ( 'NONE', #4647, #8440, #9242 ) ;
#6722 = DIRECTION ( 'NONE',  ( 0.000000000000000000, -6.982962677686266711E-15, 1.000000000000000000 ) ) ;
#6723 = CYLINDRICAL_SURFACE ( 'NONE', #9099, 22.50000000000000355 ) ;
#6724 = CIRCLE ( 'NONE', #7518, 17.50000000000000355 ) ;
#6725 = DIRECTION ( 'NONE',  ( 1.000000000000000000, 0.000000000000000000, 0.000000000000000000 ) ) ;
#6726 = LINE ( 'NONE', #9760, #6009 ) ;
#6727 = DIRECTION ( 'NONE',  ( 0.2840153447039234225, -0.9588197348681927190, -1.339080484642726207E-14 ) ) ;
#6728 = ORIENTED_EDGE ( 'NONE', *, *, #9492, .T. ) ;
#6729 = CIRCLE ( 'NONE', #4325, 36.00000000000000000 ) ;
#6730 = ORIENTED_EDGE ( 'NONE', *, *, #5534, .T. ) ;
#6731 = VERTEX_POINT ( 'NONE', #9447 ) ;
#6732 = CARTESIAN_POINT ( 'NONE',  ( 3.863639583196175398, 10.53811338712018042, 42.32757437613131657 ) ) ;
#6733 = FACE_OUTER_BOUND ( 'NONE', #2923, .T. ) ;
#6734 = SURFACE_STYLE_USAGE ( .BOTH. , #7477 ) ;
#6735 =( LENGTH_UNIT ( ) NAMED_UNIT ( * ) SI_UNIT ( .MILLI., .METRE. ) );
#6736 = ORIENTED_EDGE ( 'NONE', *, *, #9692, .T. ) ;
#6737 = CARTESIAN_POINT ( 'NONE',  ( -22.30949557729511668, 23.98308780363374382, -30.76191168983335444 ) ) ;
#6738 = CARTESIAN_POINT ( 'NONE',  ( 0.000000000000000000, 71.09999999999999432, 0.000000000000000000 ) ) ;
#6739 = VERTEX_POINT ( 'NONE', #4201 ) ;
#6740 = ORIENTED_EDGE ( 'NONE', *, *, #8658, .F. ) ;
#6741 = CARTESIAN_POINT ( 'NONE',  ( -7.013081732965799731, 42.38612685183476003, 41.92056562428316369 ) ) ;
#6742 = DIRECTION ( 'NONE',  ( -0.000000000000000000, -0.000000000000000000, 1.000000000000000000 ) ) ;
#6743 = DIRECTION ( 'NONE',  ( 1.141265444721583757E-16, 0.000000000000000000, -1.000000000000000000 ) ) ;
#6744 = FACE_OUTER_BOUND ( 'NONE', #5146, .T. ) ;
#6745 = DIRECTION ( 'NONE',  ( -0.000000000000000000, -0.000000000000000000, -1.000000000000000000 ) ) ;
#6746 = CARTESIAN_POINT ( 'NONE',  ( 38.00000000000000711, -201.1999999999999886, -4.499999999999990230 ) ) ;
#6747 = CARTESIAN_POINT ( 'NONE',  ( -40.69420296662806180, 18.85096335803783063, 12.28680423883744766 ) ) ;
#6748 = AXIS2_PLACEMENT_3D ( 'NONE', #5782, #5038, #7345 ) ;
#6749 = ORIENTED_EDGE ( 'NONE', *, *, #6963, .F. ) ;
#6750 = ORIENTED_EDGE ( 'NONE', *, *, #8534, .T. ) ;
#6751 = ORIENTED_EDGE ( 'NONE', *, *, #1829, .T. ) ;
#6752 = CIRCLE ( 'NONE', #2444, 36.00000000000000000 ) ;
#6753 = CARTESIAN_POINT ( 'NONE',  ( 16.53687776098880846, -15.25718433781652550, 9.000000000000000000 ) ) ;
#6754 = ADVANCED_FACE ( 'NONE', ( #1113 ), #5825, .T. ) ;
#6755 = FACE_OUTER_BOUND ( 'NONE', #1167, .T. ) ;
#6756 = LINE ( 'NONE', #7554, #2167 ) ;
#6757 = EDGE_CURVE ( 'NONE', #6934, #8639, #1783, .T. ) ;
#6758 = PLANE ( 'NONE',  #9592 ) ;
#6759 = DIRECTION ( 'NONE',  ( 0.000000000000000000, 1.000000000000000000, 1.110223024625593254E-14 ) ) ;
#6760 = DIRECTION ( 'NONE',  ( 0.000000000000000000, 1.396592535537253342E-14, -1.000000000000000000 ) ) ;
#6761 = PLANE ( 'NONE',  #4567 ) ;
#6762 = ORIENTED_EDGE ( 'NONE', *, *, #7685, .F. ) ;
#6763 = AXIS2_PLACEMENT_3D ( 'NONE', #5855, #1231, #6577 ) ;
#6764 = EDGE_CURVE ( 'NONE', #6623, #7281, #1127, .T. ) ;
#6765 = CARTESIAN_POINT ( 'NONE',  ( 14.04803804104736109, 44.57935999857484433, -35.30925662054602299 ) ) ;
#6766 = DIRECTION ( 'NONE',  ( -1.000000000000000000, 0.000000000000000000, 0.000000000000000000 ) ) ;
#6767 = EDGE_CURVE ( 'NONE', #3622, #1488, #5647, .T. ) ;
#6768 = CARTESIAN_POINT ( 'NONE',  ( -64.56989347527211009, -47.23059238027862961, -99.00000000000036948 ) ) ;
#6769 = CIRCLE ( 'NONE', #1678, 4.999999999996803446 ) ;
#6770 = ADVANCED_FACE ( 'NONE', ( #3496 ), #1606, .F. ) ;
#6771 = DIRECTION ( 'NONE',  ( 0.000000000000000000, 6.982962677686266711E-15, -1.000000000000000000 ) ) ;
#6772 = EDGE_LOOP ( 'NONE', ( #4084, #2272, #2658, #5546, #8664 ) ) ;
#6773 = ORIENTED_EDGE ( 'NONE', *, *, #3108, .F. ) ;
#6774 = EDGE_LOOP ( 'NONE', ( #4869, #4663, #8854, #215 ) ) ;
#6775 = AXIS2_PLACEMENT_3D ( 'NONE', #6233, #5428, #7790 ) ;
#6776 = EDGE_CURVE ( 'NONE', #4417, #6529, #4995, .T. ) ;
#6777 = FACE_OUTER_BOUND ( 'NONE', #6910, .T. ) ;
#6778 = CYLINDRICAL_SURFACE ( 'NONE', #2885, 80.00000000000000000 ) ;
#6779 = CARTESIAN_POINT ( 'NONE',  ( -24.50244656709702440, -171.1999999999999602, 8.999999999999996447 ) ) ;
#6780 = CONTEXT_DEPENDENT_SHAPE_REPRESENTATION ( #8296, #8299 ) ;
#6781 = EDGE_CURVE ( 'NONE', #6381, #375, #4311, .T. ) ;
#6782 = VERTEX_POINT ( 'NONE', #6404 ) ;
#6783 = FACE_OUTER_BOUND ( 'NONE', #4621, .T. ) ;
#6784 = DIRECTION ( 'NONE',  ( 0.000000000000000000, 0.000000000000000000, -1.000000000000000000 ) ) ;
#6785 = ORIENTED_EDGE ( 'NONE', *, *, #1209, .F. ) ;
#6786 = ORIENTED_EDGE ( 'NONE', *, *, #5213, .F. ) ;
#6787 = CYLINDRICAL_SURFACE ( 'NONE', #5583, 9.000000000000001776 ) ;
#6788 = FACE_OUTER_BOUND ( 'NONE', #8630, .T. ) ;
#6789 = EDGE_LOOP ( 'NONE', ( #9615, #8935, #72, #5813 ) ) ;
#6790 = CARTESIAN_POINT ( 'NONE',  ( -35.20756586982619041, 11.51340748400039793, -23.80649930252114288 ) ) ;
#6791 = CARTESIAN_POINT ( 'NONE',  ( 38.00000000000000711, -171.1999999999999886, 8.123104788713554552E-15 ) ) ;
#6792 = CARTESIAN_POINT ( 'NONE',  ( -30.57681027001823182, 13.33774395383518296, 22.57409901008935549 ) ) ;
#6793 = PRODUCT_DEFINITION_SHAPE ( 'NONE', 'NONE',  #9839 ) ;
#6794 = CARTESIAN_POINT ( 'NONE',  ( 38.89087296526011528, -43.89087296525740101, -456.0000000000006253 ) ) ;
#6795 = CARTESIAN_POINT ( 'NONE',  ( 0.000000000000000000, 27.00000000000000000, 500000.0000000000582 ) ) ;
#6796 = CARTESIAN_POINT ( 'NONE',  ( -40.16608544904462264, 18.28600158013898280, 13.91651153100805516 ) ) ;
#6797 = CARTESIAN_POINT ( 'NONE',  ( -38.89087296526011528, 38.89087296526356852, -440.9999999999994316 ) ) ;
#6798 = CIRCLE ( 'NONE', #113, 42.50000000000001421 ) ;
#6799 = ORIENTED_EDGE ( 'NONE', *, *, #7573, .T. ) ;
#6800 = VERTEX_POINT ( 'NONE', #1162 ) ;
#6801 = AXIS2_PLACEMENT_3D ( 'NONE', #1701, #3886, #6172 ) ;
#6802 = ORIENTED_EDGE ( 'NONE', *, *, #1768, .T. ) ;
#6803 = PRODUCT_DEFINITION ( 'UNKNOWN', '', #7924, #1745 ) ;
#6804 = DIRECTION ( 'NONE',  ( 0.000000000000000000, 0.000000000000000000, 1.000000000000000000 ) ) ;
#6805 = AXIS2_PLACEMENT_3D ( 'NONE', #7641, #952, #3997 ) ;
#6806 = DIRECTION ( 'NONE',  ( 0.000000000000000000, 0.000000000000000000, 1.000000000000000000 ) ) ;
#6807 = DIRECTION ( 'NONE',  ( 0.000000000000000000, -1.000000000000000000, -7.116814260417670090E-15 ) ) ;
#6808 = CARTESIAN_POINT ( 'NONE',  ( 36.00000000000000000, -2.443503911417168552E-15, -11.95826074310139120 ) ) ;
#6809 = DIRECTION ( 'NONE',  ( 1.000000000000000000, 0.000000000000000000, 0.000000000000000000 ) ) ;
#6810 = DIRECTION ( 'NONE',  ( 0.000000000000000000, -1.396592535537253342E-14, 1.000000000000000000 ) ) ;
#6811 = DIRECTION ( 'NONE',  ( 0.7808688094430301652, -0.6246950475544243986, 0.000000000000000000 ) ) ;
#6812 = LINE ( 'NONE', #9754, #9524 ) ;
#6813 = ORIENTED_EDGE ( 'NONE', *, *, #9213, .F. ) ;
#6814 = AXIS2_PLACEMENT_3D ( 'NONE', #9527, #1854, #2691 ) ;
#6815 = VECTOR ( 'NONE', #8611, 1000.000000000000000 ) ;
#6816 = CARTESIAN_POINT ( 'NONE',  ( -39.00000000000000000, 4.776122516674677878E-15, 14.99999999999999822 ) ) ;
#6817 = AXIS2_PLACEMENT_3D ( 'NONE', #2249, #8488, #751 ) ;
#6818 = CARTESIAN_POINT ( 'NONE',  ( -64.56989347527211009, 47.23059238027838092, 15.00000000000000000 ) ) ;
#6819 = DIRECTION ( 'NONE',  ( 0.000000000000000000, 6.982962677686266711E-15, -1.000000000000000000 ) ) ;
#6820 = CIRCLE ( 'NONE', #7462, 72.00000000000000000 ) ;
#6821 = CARTESIAN_POINT ( 'NONE',  ( -35.37782300510578182, -194.4030805854128801, 9.080507977815662102 ) ) ;
#6822 = CYLINDRICAL_SURFACE ( 'NONE', #1672, 4.999999999997103650 ) ;
#6823 = VERTEX_POINT ( 'NONE', #3446 ) ;
#6824 = CIRCLE ( 'NONE', #142, 36.00000000000000000 ) ;
#6825 = EDGE_CURVE ( 'NONE', #6739, #3721, #7663, .T. ) ;
#6826 = ORIENTED_EDGE ( 'NONE', *, *, #7151, .T. ) ;
#6827 = CARTESIAN_POINT ( 'NONE',  ( 0.000000000000000000, 85.00000000000000000, 0.000000000000000000 ) ) ;
#6828 = ADVANCED_FACE ( 'NONE', ( #7300 ), #8693, .T. ) ;
#6829 = EDGE_CURVE ( 'NONE', #1717, #5710, #1949, .T. ) ;
#6830 = AXIS2_PLACEMENT_3D ( 'NONE', #6438, #9480, #2644 ) ;
#6831 = CARTESIAN_POINT ( 'NONE',  ( 2.790836030474589169, 43.67716521970998400, -42.41176409555985316 ) ) ;
#6832 = AXIS2_PLACEMENT_3D ( 'NONE', #5107, #6612, #5940 ) ;
#6833 = ORIENTED_EDGE ( 'NONE', *, *, #7757, .T. ) ;
#6834 = CIRCLE ( 'NONE', #8094, 22.50000000000000355 ) ;
#6835 = CYLINDRICAL_SURFACE ( 'NONE', #6443, 36.00000000000000000 ) ;
#6836 = CARTESIAN_POINT ( 'NONE',  ( -38.68750310502051803, 2.942672785202223196, 8.974572379110059117 ) ) ;
#6837 = SURFACE_SIDE_STYLE ('',( #3779 ) ) ;
#6838 = CONTEXT_DEPENDENT_SHAPE_REPRESENTATION ( #154, #1455 ) ;
#6839 = CONICAL_SURFACE ( 'NONE', #1254, 16.89999999999999858, 0.7853981633974500554 ) ;
#6840 = ORIENTED_EDGE ( 'NONE', *, *, #6073, .T. ) ;
#6841 = CARTESIAN_POINT ( 'NONE',  ( 0.000000000000000000, 0.000000000000000000, -19.00000000000000000 ) ) ;
#6842 = ORIENTED_EDGE ( 'NONE', *, *, #4941, .T. ) ;
#6843 = VERTEX_POINT ( 'NONE', #9490 ) ;
#6844 = EDGE_CURVE ( 'NONE', #6332, #3524, #5696, .T. ) ;
#6845 = CARTESIAN_POINT ( 'NONE',  ( 0.000000000000000000, 4.299999999999999822, -39.49999999999999289 ) ) ;
#6846 = LINE ( 'NONE', #2332, #5091 ) ;
#6847 = EDGE_LOOP ( 'NONE', ( #8421, #8525, #5321, #4600 ) ) ;
#6848 = EDGE_CURVE ( 'NONE', #689, #4783, #3510, .T. ) ;
#6849 = CARTESIAN_POINT ( 'NONE',  ( -30.00037002404992137, 12.31263411384540873, -23.32506966874161591 ) ) ;
#6850 = AXIS2_PLACEMENT_3D ( 'NONE', #6136, #3261, #1017 ) ;
#6851 = CARTESIAN_POINT ( 'NONE',  ( 16.95757667148822279, -152.9141158547618033, 9.000000000000000000 ) ) ;
#6852 = CARTESIAN_POINT ( 'NONE',  ( -32.08864635371471508, 15.20863889184843742, 20.35920528421720377 ) ) ;
#6853 = FACE_OUTER_BOUND ( 'NONE', #4101, .T. ) ;
#6854 = CARTESIAN_POINT ( 'NONE',  ( 1.657975655542604885E-14, -145.5999999999999943, -4.999999999999999112 ) ) ;
#6855 = DIRECTION ( 'NONE',  ( 0.000000000000000000, 1.396592535537253342E-14, -1.000000000000000000 ) ) ;
#6856 = DIRECTION ( 'NONE',  ( 0.000000000000000000, 1.000000000000000000, -0.000000000000000000 ) ) ;
#6857 = ORIENTED_EDGE ( 'NONE', *, *, #1208, .T. ) ;
#6858 = VERTEX_POINT ( 'NONE', #5040 ) ;
#6859 = ORIENTED_EDGE ( 'NONE', *, *, #6281, .F. ) ;
#6860 = CARTESIAN_POINT ( 'NONE',  ( 30.00000000000001421, -44.00000000000000000, -1.301042606982605321E-15 ) ) ;
#6861 = CARTESIAN_POINT ( 'NONE',  ( 8.000000000000010658, -55.59999999999998010, 8.000000000000000000 ) ) ;
#6862 = CARTESIAN_POINT ( 'NONE',  ( 0.000000000000000000, 0.000000000000000000, 0.000000000000000000 ) ) ;
#6863 = CARTESIAN_POINT ( 'NONE',  ( 35.38612840771844503, 6.760952852633841381, -11.99999999927686112 ) ) ;
#6864 = CARTESIAN_POINT ( 'NONE',  ( 0.000000000000000000, 0.000000000000000000, 0.000000000000000000 ) ) ;
#6865 = LINE ( 'NONE', #8604, #9377 ) ;
#6866 = CARTESIAN_POINT ( 'NONE',  ( 0.000000000000000000, 5.236340632789118004E-13, -210.0000000000000000 ) ) ;
#6867 = DIRECTION ( 'NONE',  ( -0.000000000000000000, -1.396592535537253342E-14, 1.000000000000000000 ) ) ;
#6868 = VERTEX_POINT ( 'NONE', #1916 ) ;
#6869 = PRODUCT_DEFINITION_SHAPE ( 'NONE', 'NONE',  #9856 ) ;
#6870 = CARTESIAN_POINT ( 'NONE',  ( -35.07692307692307310, 8.099967126823496955, -12.00000000000001421 ) ) ;
#6871 = DIRECTION ( 'NONE',  ( -0.2249990868562080082, 0.9743589743589745611, -5.634144622830651281E-16 ) ) ;
#6872 =( GEOMETRIC_REPRESENTATION_CONTEXT ( 3 ) GLOBAL_UNCERTAINTY_ASSIGNED_CONTEXT ( ( #2763 ) ) GLOBAL_UNIT_ASSIGNED_CONTEXT ( ( #7754, #6252, #963 ) ) REPRESENTATION_CONTEXT ( 'NONE', 'WORKASPACE' ) );
#6873 = DIRECTION ( 'NONE',  ( 0.9588197348681929411, -0.2840153447039231449, -3.966537103915390101E-15 ) ) ;
#6874 = PLANE ( 'NONE',  #2464 ) ;
#6875 = ORIENTED_EDGE ( 'NONE', *, *, #546, .F. ) ;
#6876 = VERTEX_POINT ( 'NONE', #7996 ) ;
#6877 = AXIS2_PLACEMENT_3D ( 'NONE', #3652, #2153, #2300 ) ;
#6878 = ORIENTED_EDGE ( 'NONE', *, *, #2308, .F. ) ;
#6879 = TOROIDAL_SURFACE ( 'NONE', #338, 30.00000000000000000, 3.000000000000000000 ) ;
#6880 = AXIS2_PLACEMENT_3D ( 'NONE', #573, #2913, #3017 ) ;
#6881 = EDGE_CURVE ( 'NONE', #6114, #6529, #5741, .T. ) ;
#6882 = DIRECTION ( 'NONE',  ( -1.000000000000000000, 0.000000000000000000, 0.000000000000000000 ) ) ;
#6883 = CARTESIAN_POINT ( 'NONE',  ( -16.67964707199863383, 24.22261545076395706, 39.09032806390864323 ) ) ;
#6884 = FILL_AREA_STYLE_COLOUR ( '', #8082 ) ;
#6885 = EDGE_CURVE ( 'NONE', #4797, #780, #3194, .T. ) ;
#6886 = AXIS2_PLACEMENT_3D ( 'NONE', #2694, #5542, #8587 ) ;
#6887 = LINE ( 'NONE', #53, #5222 ) ;
#6888 = VERTEX_POINT ( 'NONE', #6645 ) ;
#6889 = VECTOR ( 'NONE', #6662, 1000.000000000000000 ) ;
#6890 = ORIENTED_EDGE ( 'NONE', *, *, #8111, .T. ) ;
#6891 = ORIENTED_EDGE ( 'NONE', *, *, #3709, .T. ) ;
#6892 = DIRECTION ( 'NONE',  ( -1.141265444721583757E-16, 0.000000000000000000, 1.000000000000000000 ) ) ;
#6893 = FACE_OUTER_BOUND ( 'NONE', #7749, .T. ) ;
#6894 = EDGE_LOOP ( 'NONE', ( #6555, #3748, #5001, #4238, #2233, #565, #4162, #3738 ) ) ;
#6895 =( LENGTH_UNIT ( ) NAMED_UNIT ( * ) SI_UNIT ( .MILLI., .METRE. ) );
#6896 = VECTOR ( 'NONE', #8278, 1000.000000000000000 ) ;
#6897 = EDGE_CURVE ( 'NONE', #3452, #3327, #4462, .T. ) ;
#6898 = DIRECTION ( 'NONE',  ( -0.000000000000000000, 1.000000000000000000, -0.000000000000000000 ) ) ;
#6899 = DIRECTION ( 'NONE',  ( -0.000000000000000000, 0.000000000000000000, 1.000000000000000000 ) ) ;
#6900 = FACE_OUTER_BOUND ( 'NONE', #879, .T. ) ;
#6901 = LINE ( 'NONE', #3044, #5043 ) ;
#6902 = ADVANCED_FACE ( 'NONE', ( #3043 ), #5590, .F. ) ;
#6903 = CARTESIAN_POINT ( 'NONE',  ( -35.38462345019669897, -194.4325299259507176, 11.99999999999998224 ) ) ;
#6904 = DIRECTION ( 'NONE',  ( 0.000000000000000000, 1.000000000000000000, 0.000000000000000000 ) ) ;
#6905 = DIRECTION ( 'NONE',  ( 0.000000000000000000, -1.396592535537253342E-14, 1.000000000000000000 ) ) ;
#6906 = CARTESIAN_POINT ( 'NONE',  ( -19.48599380824902028, 15.65912870359021802, 32.63653097700199623 ) ) ;
#6907 = VERTEX_POINT ( 'NONE', #15 ) ;
#6908 = EDGE_CURVE ( 'NONE', #2476, #7761, #2571, .T. ) ;
#6909 = ORIENTED_EDGE ( 'NONE', *, *, #5911, .T. ) ;
#6910 = EDGE_LOOP ( 'NONE', ( #5433, #5347, #1761, #5282 ) ) ;
#6911 = CARTESIAN_POINT ( 'NONE',  ( 22.50000000000000355, 2.755455298081545172E-15, 19.00000000000000000 ) ) ;
#6912 = CARTESIAN_POINT ( 'NONE',  ( -35.37782300511178590, 6.796919414599376985, -9.080507977802284358 ) ) ;
#6913 = PLANE ( 'NONE',  #2656 ) ;
#6914 = CARTESIAN_POINT ( 'NONE',  ( 38.00000000000000000, -95.70788891204318816, 8.999999999999998224 ) ) ;
#6915 = CARTESIAN_POINT ( 'NONE',  ( -22.48353060487828259, -171.1999999999999886, 19.00000000000000000 ) ) ;
#6916 = CYLINDRICAL_SURFACE ( 'NONE', #3795, 10.00000000000000000 ) ;
#6917 = LINE ( 'NONE', #7657, #5533 ) ;
#6918 = ORIENTED_EDGE ( 'NONE', *, *, #7082, .T. ) ;
#6919 = AXIS2_PLACEMENT_3D ( 'NONE', #9632, #1161, #7253 ) ;
#6920 = DIRECTION ( 'NONE',  ( -1.000000000000000000, 0.000000000000000000, 0.000000000000000000 ) ) ;
#6921 = CARTESIAN_POINT ( 'NONE',  ( 0.000000000000000000, 0.000000000000000000, 19.00000000000000000 ) ) ;
#6922 = CARTESIAN_POINT ( 'NONE',  ( 0.000000000000000000, 4.299999999999999822, 0.000000000000000000 ) ) ;
#6923 = CARTESIAN_POINT ( 'NONE',  ( 1.539749897050354256E-14, 44.00000000000017053, -159.9999999999996874 ) ) ;
#6924 = CARTESIAN_POINT ( 'NONE',  ( -38.89087296526011528, 43.89087296526181348, -455.9999999999994316 ) ) ;
#6925 = EDGE_LOOP ( 'NONE', ( #7405, #4987, #8688, #1448 ) ) ;
#6926 = ORIENTED_EDGE ( 'NONE', *, *, #3244, .F. ) ;
#6927 = AXIS2_PLACEMENT_3D ( 'NONE', #4820, #984, #7872 ) ;
#6928 = B_SPLINE_CURVE_WITH_KNOTS ( 'NONE', 3,
 ( #4213, #1075, #8843, #422, #7960, #8103, #3506, #1173, #3461, #2762, #2711, #7267, #7171, #5059, #6513, #2665, #9553, #2579, #1271, #5753, #5617, #9457, #330, #3555, #2624, #4915, #8801, #1122 ),
 .UNSPECIFIED., .F., .F.,
 ( 4, 2, 2, 2, 2, 2, 2, 2, 2, 2, 2, 2, 2, 4 ),
 ( 0.05339503428193238116, 0.05506268288327308830, 0.05673033148461378850, 0.06006562868729519583, 0.06173327728863590297, 0.06340092588997660317, 0.06506857449131731030, 0.06673622309265801744, 0.07007152029533943172, 0.07173916889668015273, 0.07340681749802085987, 0.07674211470070227414, 0.07840976330204299516, 0.08007741190338370230 ),
 .UNSPECIFIED. ) ;
#6929 = CARTESIAN_POINT ( 'NONE',  ( 10.12696549357844589, 47.14638724246007939, 36.65241716136500116 ) ) ;
#6930 = CARTESIAN_POINT ( 'NONE',  ( 0.000000000000000000, 0.000000000000000000, 38.99999999999999289 ) ) ;
#6931 = APPLICATION_PROTOCOL_DEFINITION ( 'draft international standard', 'automotive_design', 1998, #3392 ) ;
#6932 = FACE_OUTER_BOUND ( 'NONE', #6772, .T. ) ;
#6933 = VERTEX_POINT ( 'NONE', #605 ) ;
#6934 = VERTEX_POINT ( 'NONE', #7443 ) ;
#6935 = ORIENTED_EDGE ( 'NONE', *, *, #8482, .T. ) ;
#6936 = DIRECTION ( 'NONE',  ( 0.000000000000000000, -1.000000000000000000, -1.423362852083534018E-14 ) ) ;
#6937 = EDGE_CURVE ( 'NONE', #3569, #3056, #807, .T. ) ;
#6938 = CARTESIAN_POINT ( 'NONE',  ( -37.34964526556845499, 20.15761149942744268, 7.232035312406678074 ) ) ;
#6939 = ORIENTED_EDGE ( 'NONE', *, *, #8048, .F. ) ;
#6940 = EDGE_CURVE ( 'NONE', #8165, #8063, #5926, .T. ) ;
#6941 = CARTESIAN_POINT ( 'NONE',  ( -28.61817604250837732, 7.228669348221290925, -25.00000000000000711 ) ) ;
#6942 = DIRECTION ( 'NONE',  ( -0.000000000000000000, 0.000000000000000000, 1.000000000000000000 ) ) ;
#6943 = CARTESIAN_POINT ( 'NONE',  ( 5.204748896376250896E-15, 90.00000000000000000, 42.50000000000000711 ) ) ;
#6944 = EDGE_LOOP ( 'NONE', ( #8316, #7595 ) ) ;
#6945 = CARTESIAN_POINT ( 'NONE',  ( -18.49218940641787512, 60.00000000000000000, -1.514518439508615042E-14 ) ) ;
#6946 = CARTESIAN_POINT ( 'NONE',  ( -36.00000000000000000, 0.000000000000000000, -19.00000000000000000 ) ) ;
#6947 = DIRECTION ( 'NONE',  ( 1.000000000000000000, 0.000000000000000000, 0.000000000000000000 ) ) ;
#6948 = VERTEX_POINT ( 'NONE', #1498 ) ;
#6949 = ORIENTED_EDGE ( 'NONE', *, *, #1282, .F. ) ;
#6950 = EDGE_CURVE ( 'NONE', #3887, #4446, #4155, .T. ) ;
#6951 = EDGE_CURVE ( 'NONE', #3183, #7043, #9723, .T. ) ;
#6952 = CARTESIAN_POINT ( 'NONE',  ( 35.92308074463208811, 2.716313340183646563, 11.96609650565750727 ) ) ;
#6953 = EDGE_CURVE ( 'NONE', #2078, #4918, #5876, .T. ) ;
#6954 = ORIENTED_EDGE ( 'NONE', *, *, #1645, .F. ) ;
#6955 = CARTESIAN_POINT ( 'NONE',  ( 14.93529165062007635, 10.11083375687096364, -34.95968398034165148 ) ) ;
#6956 = SURFACE_STYLE_FILL_AREA ( #4649 ) ;
#6957 = DIRECTION ( 'NONE',  ( 0.000000000000000000, 0.000000000000000000, 1.000000000000000000 ) ) ;
#6958 = CARTESIAN_POINT ( 'NONE',  ( 0.000000000000000000, 3.001792575929515181E-13, -178.0000000000000284 ) ) ;
#6959 = CARTESIAN_POINT ( 'NONE',  ( -16.02401169206933673, 21.51509780862734544, -39.36615865151868121 ) ) ;
#6960 = CARTESIAN_POINT ( 'NONE',  ( 22.00000000000000711, 60.00000000000000000, -19.00000000000000000 ) ) ;
#6961 = DIRECTION ( 'NONE',  ( 0.000000000000000000, 1.396592535537253342E-14, -1.000000000000000000 ) ) ;
#6962 = ORIENTED_EDGE ( 'NONE', *, *, #4748, .T. ) ;
#6963 = EDGE_CURVE ( 'NONE', #9250, #6623, #1612, .T. ) ;
#6964 = TOROIDAL_SURFACE ( 'NONE', #1705, 30.00000000000000000, 3.000000000000000000 ) ;
#6965 = EDGE_CURVE ( 'NONE', #3236, #4496, #3848, .T. ) ;
#6966 = CARTESIAN_POINT ( 'NONE',  ( 11.37904571058131964, 46.46461770933868962, -36.27866445864791700 ) ) ;
#6967 = DIRECTION ( 'NONE',  ( -0.000000000000000000, 1.000000000000000000, -0.000000000000000000 ) ) ;
#6968 = FACE_OUTER_BOUND ( 'NONE', #6999, .T. ) ;
#6969 = PLANE ( 'NONE',  #1734 ) ;
#6970 = CIRCLE ( 'NONE', #4099, 42.50000000000000711 ) ;
#6971 = CARTESIAN_POINT ( 'NONE',  ( 7.999999999999996447, -145.5999999999999659, 4.999999999999999112 ) ) ;
#6972 = ORIENTED_EDGE ( 'NONE', *, *, #3593, .F. ) ;
#6973 = DIRECTION ( 'NONE',  ( 0.000000000000000000, 0.000000000000000000, 1.000000000000000000 ) ) ;
#6974 = PLANE ( 'NONE',  #4367 ) ;
#6975 = ORIENTED_EDGE ( 'NONE', *, *, #492, .F. ) ;
#6976 = CIRCLE ( 'NONE', #9519, 36.00000000000000000 ) ;
#6977 = ORIENTED_EDGE ( 'NONE', *, *, #255, .T. ) ;
#6978 = CIRCLE ( 'NONE', #1722, 20.50000000000000355 ) ;
#6979 = VECTOR ( 'NONE', #3322, 1000.000000000000000 ) ;
#6980 = DIRECTION ( 'NONE',  ( -0.000000000000000000, -0.000000000000000000, -1.000000000000000000 ) ) ;
#6981 = CARTESIAN_POINT ( 'NONE',  ( 3.764945394558993907, 49.19535298878921736, 37.82021943959540522 ) ) ;
#6982 = DIRECTION ( 'NONE',  ( -0.000000000000000000, -1.396592535537253342E-14, 1.000000000000000000 ) ) ;
#6983 = DIRECTION ( 'NONE',  ( 0.000000000000000000, -0.000000000000000000, -1.000000000000000000 ) ) ;
#6984 = CIRCLE ( 'NONE', #2030, 16.89999999999999858 ) ;
#6985 = CARTESIAN_POINT ( 'NONE',  ( -2.238218530308140775, 43.78789372739025509, -42.45506920229639292 ) ) ;
#6986 = VERTEX_POINT ( 'NONE', #8231 ) ;
#6987 = ORIENTED_EDGE ( 'NONE', *, *, #4732, .F. ) ;
#6988 = AXIS2_PLACEMENT_3D ( 'NONE', #7100, #9389, #1760 ) ;
#6989 = CIRCLE ( 'NONE', #8403, 80.00000000000000000 ) ;
#6990 = ORIENTED_EDGE ( 'NONE', *, *, #3423, .F. ) ;
#6991 = LINE ( 'NONE', #840, #9080 ) ;
#6992 = CARTESIAN_POINT ( 'NONE',  ( -37.46939866218120585, 20.27127788529100627, -6.344287846222203875 ) ) ;
#6993 = VECTOR ( 'NONE', #4133, 1000.000000000000000 ) ;
#6994 = ORIENTED_EDGE ( 'NONE', *, *, #1165, .T. ) ;
#6995 = LINE ( 'NONE', #1600, #6117 ) ;
#6996 = DIRECTION ( 'NONE',  ( -0.000000000000000000, 1.396592535537253342E-14, -1.000000000000000000 ) ) ;
#6997 = CARTESIAN_POINT ( 'NONE',  ( -35.07692307692307310, -193.1000328731765023, -12.00000000000000000 ) ) ;
#6998 = DIRECTION ( 'NONE',  ( 0.000000000000000000, 1.396592535537253342E-14, -1.000000000000000000 ) ) ;
#6999 = EDGE_LOOP ( 'NONE', ( #5686, #8481, #2788, #3064 ) ) ;
#7000 = LINE ( 'NONE', #6239, #2821 ) ;
#7001 = EDGE_CURVE ( 'NONE', #9181, #9440, #1405, .T. ) ;
#7002 = FACE_BOUND ( 'NONE', #2237, .T. ) ;
#7003 = CARTESIAN_POINT ( 'NONE',  ( -10.10371969107511880, 6.882855846261774602, 36.63827787320674645 ) ) ;
#7004 = ORIENTED_EDGE ( 'NONE', *, *, #241, .F. ) ;
#7005 = EDGE_LOOP ( 'NONE', ( #3235, #1195, #4251, #544, #6189, #3855 ) ) ;
#7006 = ORIENTED_EDGE ( 'NONE', *, *, #8047, .T. ) ;
#7007 = DIRECTION ( 'NONE',  ( 0.000000000000000000, 1.000000000000000000, 0.000000000000000000 ) ) ;
#7008 = CARTESIAN_POINT ( 'NONE',  ( 35.92084013154260447, 2.742645516831170305, 9.186626416936261919 ) ) ;
#7009 = EDGE_LOOP ( 'NONE', ( #8106, #2931, #4672, #3768 ) ) ;
#7010 = DIRECTION ( 'NONE',  ( 0.000000000000000000, -6.982962677686266711E-15, 1.000000000000000000 ) ) ;
#7011 = CARTESIAN_POINT ( 'NONE',  ( -35.07692307692307310, 8.099967126823498731, -12.00000000000001599 ) ) ;
#7012 = DIRECTION ( 'NONE',  ( -0.000000000000000000, 1.000000000000000000, 0.000000000000000000 ) ) ;
#7013 = CARTESIAN_POINT ( 'NONE',  ( 35.07692307692307310, 8.099967126823498731, -8.999999999999991118 ) ) ;
#7014 = EDGE_CURVE ( 'NONE', #8810, #590, #6026, .T. ) ;
#7015 = CARTESIAN_POINT ( 'NONE',  ( 0.000000000000000000, 0.000000000000000000, -96.00000000000002842 ) ) ;
#7016 = ADVANCED_FACE ( 'NONE', ( #6744 ), #6879, .F. ) ;
#7017 = EDGE_CURVE ( 'NONE', #5628, #7853, #8298, .T. ) ;
#7018 = FACE_OUTER_BOUND ( 'NONE', #8115, .T. ) ;
#7019 = DIRECTION ( 'NONE',  ( -0.000000000000000000, 1.396592535537253342E-14, -1.000000000000000000 ) ) ;
#7020 = CARTESIAN_POINT ( 'NONE',  ( 38.00000000000000000, 8.774964387392127918, 8.999999999999998224 ) ) ;
#7021 = CIRCLE ( 'NONE', #2699, 39.00000000000000000 ) ;
#7022 = VERTEX_POINT ( 'NONE', #5141 ) ;
#7023 = CIRCLE ( 'NONE', #2701, 36.00000000000000000 ) ;
#7024 = B_SPLINE_CURVE_WITH_KNOTS ( 'NONE', 3,
 ( #5324, #9018, #742, #2190, #3789, #3038, #5237, #3637, #9726, #6069, #7636, #8973, #2142, #8270, #9120, #7539 ),
 .UNSPECIFIED., .F., .F.,
 ( 4, 2, 2, 2, 2, 2, 2, 4 ),
 ( 3.878959614448864246E-18, 0.002786729081989911330, 0.004180093622984866995, 0.005573458163979823528, 0.006966822704974779193, 0.008360187245969735725, 0.009753551786964692258, 0.01114691632795965053 ),
 .UNSPECIFIED. ) ;
#7025 = FACE_OUTER_BOUND ( 'NONE', #7634, .T. ) ;
#7026 = ADVANCED_FACE ( 'NONE', ( #2994, #8184 ), #9075, .T. ) ;
#7027 = DIRECTION ( 'NONE',  ( -0.000000000000000000, -0.000000000000000000, -1.000000000000000000 ) ) ;
#7028 = DIRECTION ( 'NONE',  ( 1.000000000000000000, 0.000000000000000000, 0.000000000000000000 ) ) ;
#7029 = FACE_OUTER_BOUND ( 'NONE', #8888, .T. ) ;
#7030 = CARTESIAN_POINT ( 'NONE',  ( 33.96389090903630859, 16.96188326802875324, -17.12776539809532750 ) ) ;
#7031 = ORIENTED_EDGE ( 'NONE', *, *, #4978, .T. ) ;
#7032 =( GEOMETRIC_REPRESENTATION_CONTEXT ( 3 ) GLOBAL_UNCERTAINTY_ASSIGNED_CONTEXT ( ( #8844 ) ) GLOBAL_UNIT_ASSIGNED_CONTEXT ( ( #4693, #3200, #7059 ) ) REPRESENTATION_CONTEXT ( 'NONE', 'WORKASPACE' ) );
#7033 = EDGE_CURVE ( 'NONE', #47, #6516, #651, .T. ) ;
#7034 = ORIENTED_EDGE ( 'NONE', *, *, #4816, .F. ) ;
#7035 = CARTESIAN_POINT ( 'NONE',  ( 8.999999999999998224, -145.5999999999999659, 9.000000000000000000 ) ) ;
#7036 = PRESENTATION_LAYER_ASSIGNMENT (  '', '', ( #4793 ) ) ;
#7037 = DIRECTION ( 'NONE',  ( 1.000000000000000000, 0.000000000000000000, 0.000000000000000000 ) ) ;
#7038 = DIRECTION ( 'NONE',  ( 0.000000000000000000, 0.000000000000000000, -1.000000000000000000 ) ) ;
#7039 = LINE ( 'NONE', #4619, #8242 ) ;
#7040 = ORIENTED_EDGE ( 'NONE', *, *, #253, .F. ) ;
#7041 = ORIENTED_EDGE ( 'NONE', *, *, #6399, .T. ) ;
#7042 = AXIS2_PLACEMENT_3D ( 'NONE', #4529, #7587, #748 ) ;
#7043 = VERTEX_POINT ( 'NONE', #3796 ) ;
#7044 = AXIS2_PLACEMENT_3D ( 'NONE', #7517, #6871, #626 ) ;
#7045 = CARTESIAN_POINT ( 'NONE',  ( 64.56989347527211009, 47.23059238028130835, -402.9999999999993747 ) ) ;
#7046 = CARTESIAN_POINT ( 'NONE',  ( -37.73924663238852872, 20.52735661889738594, 4.535840349447398445 ) ) ;
#7047 = ORIENTED_EDGE ( 'NONE', *, *, #3708, .T. ) ;
#7048 = VECTOR ( 'NONE', #4508, 1000.000000000000000 ) ;
#7049 = CARTESIAN_POINT ( 'NONE',  ( 38.00000000000000000, -192.4250356126078714, -8.999999999999991118 ) ) ;
#7050 = DIRECTION ( 'NONE',  ( 1.000000000000000000, 0.000000000000000000, 0.000000000000000000 ) ) ;
#7051 = DIRECTION ( 'NONE',  ( -0.000000000000000000, 1.000000000000000000, 0.000000000000000000 ) ) ;
#7052 = DIRECTION ( 'NONE',  ( 0.3957342950827467121, -1.110223024625156540E-16, 0.9183650514339934956 ) ) ;
#7053 = VERTEX_POINT ( 'NONE', #6851 ) ;
#7054 = FACE_BOUND ( 'NONE', #3689, .T. ) ;
#7055 = DIRECTION ( 'NONE',  ( 0.000000000000000000, 1.000000000000000000, 0.000000000000000000 ) ) ;
#7056 = ORIENTED_EDGE ( 'NONE', *, *, #7559, .F. ) ;
#7057 = ORIENTED_EDGE ( 'NONE', *, *, #4022, .F. ) ;
#7058 = VERTEX_POINT ( 'NONE', #7845 ) ;
#7059 =( NAMED_UNIT ( * ) SI_UNIT ( $, .STERADIAN. ) SOLID_ANGLE_UNIT ( ) );
#7060 = CARTESIAN_POINT ( 'NONE',  ( 0.000000000000000000, 2.792303695598926422E-13, -175.0000000000000284 ) ) ;
#7061 = VECTOR ( 'NONE', #1842, 1000.000000000000227 ) ;
#7062 = EDGE_LOOP ( 'NONE', ( #7472, #7537, #739, #8268 ) ) ;
#7063 = DIRECTION ( 'NONE',  ( 0.2840153447039234225, -0.9588197348681927190, -1.339080484642726207E-14 ) ) ;
#7064 = CARTESIAN_POINT ( 'NONE',  ( -38.43811293440705867, 5.867700902121765871, -8.990198382905898455 ) ) ;
#7065 = CARTESIAN_POINT ( 'NONE',  ( -7.999999999999989342, -55.60000000000000853, -8.000000000000000000 ) ) ;
#7066 = DIRECTION ( 'NONE',  ( 1.000000000000000000, 0.000000000000000000, -0.000000000000000000 ) ) ;
#7067 = CARTESIAN_POINT ( 'NONE',  ( -23.27861538330050450, -171.1999999999999602, -9.169995171090700836 ) ) ;
#7068 = DIRECTION ( 'NONE',  ( -0.9588197348681929411, -0.2840153447039231449, -1.983268551957695050E-15 ) ) ;
#7069 = ORIENTED_EDGE ( 'NONE', *, *, #1839, .T. ) ;
#7070 = ADVANCED_FACE ( 'NONE', ( #8429, #211 ), #1549, .T. ) ;
#7071 = EDGE_CURVE ( 'NONE', #3199, #6623, #5421, .T. ) ;
#7072 = CARTESIAN_POINT ( 'NONE',  ( 14.89999999999999680, 1.947188410644291380E-15, 41.00000000000000000 ) ) ;
#7073 = CYLINDRICAL_SURFACE ( 'NONE', #3137, 39.50000000000000000 ) ;
#7074 = CARTESIAN_POINT ( 'NONE',  ( -0.7603243710084796048, 49.49036847265536920, -37.99429473408356728 ) ) ;
#7075 = DIRECTION ( 'NONE',  ( 0.000000000000000000, -0.000000000000000000, 1.000000000000000000 ) ) ;
#7076 = CARTESIAN_POINT ( 'NONE',  ( 37.86857072064281482, 20.65008878081377119, 3.643921329713808888 ) ) ;
#7077 = EDGE_LOOP ( 'NONE', ( #2103, #7875, #888, #7770 ) ) ;
#7078 = CIRCLE ( 'NONE', #7547, 3.000000000000002665 ) ;
#7079 = EDGE_CURVE ( 'NONE', #7404, #4504, #4163, .T. ) ;
#7080 = ORIENTED_EDGE ( 'NONE', *, *, #5415, .T. ) ;
#7081 = EDGE_CURVE ( 'NONE', #7449, #147, #8933, .T. ) ;
#7082 = EDGE_CURVE ( 'NONE', #2640, #3539, #1934, .T. ) ;
#7083 = CARTESIAN_POINT ( 'NONE',  ( -38.00000000000000000, -0.000000000000000000, -1.514518439508615042E-14 ) ) ;
#7084 = CIRCLE ( 'NONE', #2767, 27.00000000000000000 ) ;
#7085 = LINE ( 'NONE', #3984, #5584 ) ;
#7086 = DIRECTION ( 'NONE',  ( -0.000000000000000000, 0.000000000000000000, 1.000000000000000000 ) ) ;
#7087 = FACE_OUTER_BOUND ( 'NONE', #5663, .T. ) ;
#7088 = DIRECTION ( 'NONE',  ( 1.000000000000000000, 1.776356839400250465E-15, 0.000000000000000000 ) ) ;
#7089 = ORIENTED_EDGE ( 'NONE', *, *, #9324, .T. ) ;
#7090 = ORIENTED_EDGE ( 'NONE', *, *, #8827, .T. ) ;
#7091 = ORIENTED_EDGE ( 'NONE', *, *, #8285, .F. ) ;
#7092 = CYLINDRICAL_SURFACE ( 'NONE', #19, 8.000000000000000000 ) ;
#7093 = ORIENTED_EDGE ( 'NONE', *, *, #4074, .F. ) ;
#7094 = EDGE_CURVE ( 'NONE', #1900, #4504, #5327, .T. ) ;
#7095 = VECTOR ( 'NONE', #2425, 1000.000000000000000 ) ;
#7096 = DIRECTION ( 'NONE',  ( 0.000000000000000000, -1.000000000000000000, 0.000000000000000000 ) ) ;
#7097 = DIRECTION ( 'NONE',  ( 1.000000000000000000, 0.000000000000000000, 0.000000000000000000 ) ) ;
#7098 = EDGE_CURVE ( 'NONE', #4432, #7733, #1708, .T. ) ;
#7099 = CARTESIAN_POINT ( 'NONE',  ( 0.000000000000000000, 0.000000000000000000, 17.99999999999999645 ) ) ;
#7100 = CARTESIAN_POINT ( 'NONE',  ( -2.435025866260508616E-14, 1.034676953205693476E-13, 455.9999999999992042 ) ) ;
#7101 = ORIENTED_EDGE ( 'NONE', *, *, #9320, .F. ) ;
#7102 = SURFACE_SIDE_STYLE ('',( #1857 ) ) ;
#7103 = DIRECTION ( 'NONE',  ( 0.000000000000000000, 0.000000000000000000, 1.000000000000000000 ) ) ;
#7104 = VERTEX_POINT ( 'NONE', #6290 ) ;
#7105 = ORIENTED_EDGE ( 'NONE', *, *, #8700, .T. ) ;
#7106 = ORIENTED_EDGE ( 'NONE', *, *, #4679, .T. ) ;
#7107 = CARTESIAN_POINT ( 'NONE',  ( 0.000000000000000000, -88.12499999999992895, 0.000000000000000000 ) ) ;
#7108 = CARTESIAN_POINT ( 'NONE',  ( 38.00000000000000000, 47.19999999999999574, 4.500000000000005329 ) ) ;
#7109 = CARTESIAN_POINT ( 'NONE',  ( 18.28383450411389077, 13.86726513857589005, -33.31535941653876165 ) ) ;
#7110 = AXIS2_PLACEMENT_3D ( 'NONE', #2688, #7284, #1946 ) ;
#7111 = CARTESIAN_POINT ( 'NONE',  ( 0.000000000000000000, 4.299999999999999822, 0.000000000000000000 ) ) ;
#7112 = CARTESIAN_POINT ( 'NONE',  ( -16.93750815350362515, 41.88042172875395153, 34.03477046245894400 ) ) ;
#7113 = DIRECTION ( 'NONE',  ( -0.000000000000000000, 0.000000000000000000, 1.000000000000000000 ) ) ;
#7114 = CARTESIAN_POINT ( 'NONE',  ( 27.00000000000001421, 44.00000000000080291, -270.9999999999996589 ) ) ;
#7115 = DIRECTION ( 'NONE',  ( 0.000000000000000000, -6.982962677686266711E-15, 1.000000000000000000 ) ) ;
#7116 = ORIENTED_EDGE ( 'NONE', *, *, #1476, .F. ) ;
#7117 = CARTESIAN_POINT ( 'NONE',  ( 34.51751045525493566, -54.22455240934123566, -46.00000000000000000 ) ) ;
#7118 = CARTESIAN_POINT ( 'NONE',  ( 34.51751045525493566, 54.22455240934188225, -227.9999999999996305 ) ) ;
#7119 = CARTESIAN_POINT ( 'NONE',  ( -15.44126869452381001, 43.38077108206121579, -34.72573656951526999 ) ) ;
#7120 = FACE_OUTER_BOUND ( 'NONE', #735, .T. ) ;
#7121 = CARTESIAN_POINT ( 'NONE',  ( 34.31168965457367648, 17.28908721122579450, 16.35373354657012257 ) ) ;
#7122 = EDGE_LOOP ( 'NONE', ( #9232, #155, #5028, #6677 ) ) ;
#7123 = VECTOR ( 'NONE', #9456, 1000.000000000000000 ) ;
#7124 = ORIENTED_EDGE ( 'NONE', *, *, #1884, .T. ) ;
#7125 = CARTESIAN_POINT ( 'NONE',  ( 5.204748896376250896E-15, 71.09999999999999432, 42.50000000000000711 ) ) ;
#7126 = SURFACE_STYLE_USAGE ( .BOTH. , #4078 ) ;
#7127 = VECTOR ( 'NONE', #3797, 1000.000000000000000 ) ;
#7128 = CARTESIAN_POINT ( 'NONE',  ( 8.000000000000010658, -55.59999999999997300, 4.999999999999999112 ) ) ;
#7129 = LINE ( 'NONE', #5575, #6889 ) ;
#7130 = CIRCLE ( 'NONE', #444, 36.00000000000000000 ) ;
#7131 = CONTEXT_DEPENDENT_SHAPE_REPRESENTATION ( #8698, #1920 ) ;
#7132 = EDGE_CURVE ( 'NONE', #8814, #6392, #6342, .T. ) ;
#7133 = FACE_OUTER_BOUND ( 'NONE', #4548, .T. ) ;
#7134 = ADVANCED_FACE ( 'NONE', ( #161, #951 ), #3893, .T. ) ;
#7135 = DIRECTION ( 'NONE',  ( 0.000000000000000000, -0.000000000000000000, -1.000000000000000000 ) ) ;
#7136 = ORIENTED_EDGE ( 'NONE', *, *, #1053, .F. ) ;
#7137 = AXIS2_PLACEMENT_3D ( 'NONE', #5963, #9115, #9010 ) ;
#7138 = EDGE_CURVE ( 'NONE', #3197, #9690, #5116, .T. ) ;
#7139 = ORIENTED_EDGE ( 'NONE', *, *, #5213, .T. ) ;
#7140 = ORIENTED_EDGE ( 'NONE', *, *, #4543, .T. ) ;
#7141 = AXIS2_PLACEMENT_3D ( 'NONE', #4937, #2643, #7241 ) ;
#7142 = CIRCLE ( 'NONE', #1723, 3.000000000000002665 ) ;
#7143 = EDGE_LOOP ( 'NONE', ( #8163, #8961, #5677, #2138 ) ) ;
#7144 = AXIS2_PLACEMENT_3D ( 'NONE', #9288, #6081, #3944 ) ;
#7145 = CARTESIAN_POINT ( 'NONE',  ( 19.44014712769683229, 15.64835886370031659, 32.65341035545828419 ) ) ;
#7146 = CARTESIAN_POINT ( 'NONE',  ( 0.000000000000000000, 0.000000000000000000, 53.00000000000000000 ) ) ;
#7147 = CARTESIAN_POINT ( 'NONE',  ( -1.633702623558061999E-14, 197.0000000000015064, 319.0000000000000568 ) ) ;
#7148 = CIRCLE ( 'NONE', #8878, 3.000000000000003109 ) ;
#7149 = ORIENTED_EDGE ( 'NONE', *, *, #970, .T. ) ;
#7150 = CARTESIAN_POINT ( 'NONE',  ( 34.51751045525493566, 54.22455240934151277, -174.9999999999996589 ) ) ;
#7151 = EDGE_CURVE ( 'NONE', #6636, #4220, #4045, .T. ) ;
#7152 = CARTESIAN_POINT ( 'NONE',  ( 0.000000000000000000, -71.99999999999633360, -456.0000000000010232 ) ) ;
#7153 = ORIENTED_EDGE ( 'NONE', *, *, #9119, .F. ) ;
#7154 = EDGE_LOOP ( 'NONE', ( #6655, #392 ) ) ;
#7155 = AXIS2_PLACEMENT_3D ( 'NONE', #772, #3819, #9153 ) ;
#7156 = ORIENTED_EDGE ( 'NONE', *, *, #3476, .T. ) ;
#7157 = CARTESIAN_POINT ( 'NONE',  ( -46.49956922558553885, -13.77379991454192876, -61.00000000000000000 ) ) ;
#7158 = CARTESIAN_POINT ( 'NONE',  ( 35.07692307692307310, 8.099967126823498731, 9.000000000000008882 ) ) ;
#7159 = EDGE_CURVE ( 'NONE', #8177, #7022, #7510, .T. ) ;
#7160 = AXIS2_PLACEMENT_3D ( 'NONE', #3533, #1393, #8217 ) ;
#7161 = VECTOR ( 'NONE', #2017, 1000.000000000000000 ) ;
#7162 = CARTESIAN_POINT ( 'NONE',  ( 0.000000000000000000, 1.319691808535146862E-12, -324.0000000000000000 ) ) ;
#7163 = DIRECTION ( 'NONE',  ( -0.000000000000000000, -1.000000000000000000, -0.000000000000000000 ) ) ;
#7164 = DIRECTION ( 'NONE',  ( 1.000000000000000000, 0.000000000000000000, 0.000000000000000000 ) ) ;
#7165 = CARTESIAN_POINT ( 'NONE',  ( -21.16049240559685884, -168.7874508811447072, 9.000000000000000000 ) ) ;
#7166 = CARTESIAN_POINT ( 'NONE',  ( 4.776122516674677878E-15, 39.00000000000000000, -95.99999999999975842 ) ) ;
#7167 = CARTESIAN_POINT ( 'NONE',  ( 36.00000000000000000, -201.2000000000000171, 9.198662110078009491 ) ) ;
#7168 = ORIENTED_EDGE ( 'NONE', *, *, #3041, .F. ) ;
#7169 = ORIENTED_EDGE ( 'NONE', *, *, #6767, .T. ) ;
#7170 = DIRECTION ( 'NONE',  ( -1.000000000000000000, 0.000000000000000000, 0.000000000000000000 ) ) ;
#7171 = CARTESIAN_POINT ( 'NONE',  ( 10.31657964610097800, 13.60306847813557418, -41.23116516727125713 ) ) ;
#7172 = CARTESIAN_POINT ( 'NONE',  ( -22.34622667088705938, 30.02229222736975700, -30.73728037256177004 ) ) ;
#7173 = CARTESIAN_POINT ( 'NONE',  ( -34.36931771216880804, 6.755772121541173014, -25.00000000000000000 ) ) ;
#7174 = ORIENTED_EDGE ( 'NONE', *, *, #6897, .F. ) ;
#7175 = AXIS2_PLACEMENT_3D ( 'NONE', #5781, #2748, #7344 ) ;
#7176 = ORIENTED_EDGE ( 'NONE', *, *, #112, .T. ) ;
#7177 = CARTESIAN_POINT ( 'NONE',  ( 1.907143936794560016E-14, -73.99999999999732836, -385.0000000000010800 ) ) ;
#7178 = DIRECTION ( 'NONE',  ( -0.000000000000000000, -0.000000000000000000, -1.000000000000000000 ) ) ;
#7179 = DIRECTION ( 'NONE',  ( 0.000000000000000000, -1.000000000000000000, -1.387778780781445676E-14 ) ) ;
#7180 = CARTESIAN_POINT ( 'NONE',  ( -24.73913988196211733, 57.80868809443030187, -19.00000000000000000 ) ) ;
#7181 = CIRCLE ( 'NONE', #8443, 9.000000000000001776 ) ;
#7182 = CONTEXT_DEPENDENT_SHAPE_REPRESENTATION ( #8437, #6869 ) ;
#7183 = DIRECTION ( 'NONE',  ( 1.000000000000000000, 0.000000000000000000, 0.000000000000000000 ) ) ;
#7184 = CARTESIAN_POINT ( 'NONE',  ( -9.000000000000005329, -145.5999999999999659, 8.000000000000000000 ) ) ;
#7185 = VERTEX_POINT ( 'NONE', #2447 ) ;
#7186 = EDGE_LOOP ( 'NONE', ( #5856, #6624, #858, #7494 ) ) ;
#7187 = EDGE_LOOP ( 'NONE', ( #6238, #5084 ) ) ;
#7188 = VERTEX_POINT ( 'NONE', #3996 ) ;
#7189 = VECTOR ( 'NONE', #4243, 1000.000000000000000 ) ;
#7190 = EDGE_CURVE ( 'NONE', #1047, #3173, #4958, .T. ) ;
#7191 = ADVANCED_FACE ( 'NONE', ( #3086 ), #6121, .T. ) ;
#7192 = AXIS2_PLACEMENT_3D ( 'NONE', #8622, #7967, #6374 ) ;
#7193 = CARTESIAN_POINT ( 'NONE',  ( 1.106884595926295456E-14, -55.59999999999998010, 9.000000000000000000 ) ) ;
#7194 = CARTESIAN_POINT ( 'NONE',  ( 20.44820645917294399, 17.58422541711050258, 32.03101669184484024 ) ) ;
#7195 = CARTESIAN_POINT ( 'NONE',  ( -10.60459098999968575, -31.69192769109931263, -9.000000000000000000 ) ) ;
#7196 = CARTESIAN_POINT ( 'NONE',  ( -2.138066321438057145E-14, 208.6000000000015575, 319.0000000000000568 ) ) ;
#7197 = CARTESIAN_POINT ( 'NONE',  ( 0.000000000000000000, 0.000000000000000000, 0.000000000000000000 ) ) ;
#7198 = DIRECTION ( 'NONE',  ( 0.000000000000000000, 1.000000000000000000, 0.000000000000000000 ) ) ;
#7199 = AXIS2_PLACEMENT_3D ( 'NONE', #2942, #5972, #2245 ) ;
#7200 = AXIS2_PLACEMENT_3D ( 'NONE', #9544, #1206, #2613 ) ;
#7201 = CARTESIAN_POINT ( 'NONE',  ( -21.38730451045369563, 20.00198683962645063, 31.41020561305098724 ) ) ;
#7202 = ORIENTED_EDGE ( 'NONE', *, *, #5032, .T. ) ;
#7203 = EDGE_LOOP ( 'NONE', ( #6972, #2093 ) ) ;
#7204 = DIRECTION ( 'NONE',  ( -0.000000000000000000, -1.000000000000000000, -0.000000000000000000 ) ) ;
#7205 = CARTESIAN_POINT ( 'NONE',  ( -46.49956922558553885, -13.77379991453986108, -342.0000000000001705 ) ) ;
#7206 = AXIS2_PLACEMENT_3D ( 'NONE', #3715, #87, #4460 ) ;
#7207 = EDGE_CURVE ( 'NONE', #4504, #6823, #9229, .T. ) ;
#7208 = AXIS2_PLACEMENT_3D ( 'NONE', #5959, #9006, #686 ) ;
#7209 = AXIS2_PLACEMENT_3D ( 'NONE', #8205, #9102, #1373 ) ;
#7210 = EDGE_CURVE ( 'NONE', #7631, #9055, #6716, .T. ) ;
#7211 = CYLINDRICAL_SURFACE ( 'NONE', #4834, 9.000000000000000000 ) ;
#7212 = DIRECTION ( 'NONE',  ( 0.000000000000000000, 0.000000000000000000, 1.000000000000000000 ) ) ;
#7213 = CARTESIAN_POINT ( 'NONE',  ( 0.000000000000000000, 0.000000000000000000, 19.00000000000000000 ) ) ;
#7214 = DIRECTION ( 'NONE',  ( 0.000000000000000000, 1.396592535537253342E-14, -1.000000000000000000 ) ) ;
#7215 = EDGE_CURVE ( 'NONE', #2873, #268, #8780, .T. ) ;
#7216 = CARTESIAN_POINT ( 'NONE',  ( -2.777479002660203644, 10.32035473169219664, -42.41273655846772073 ) ) ;
#7217 = AXIS2_PLACEMENT_3D ( 'NONE', #5638, #7985, #8686 ) ;
#7218 = ORIENTED_EDGE ( 'NONE', *, *, #9797, .F. ) ;
#7219 = ORIENTED_EDGE ( 'NONE', *, *, #1517, .F. ) ;
#7220 = AXIS2_PLACEMENT_3D ( 'NONE', #4853, #1018, #7908 ) ;
#7221 = CARTESIAN_POINT ( 'NONE',  ( -38.00000000000000000, -0.000000000000000000, -4.500000000000012434 ) ) ;
#7222 = CYLINDRICAL_SURFACE ( 'NONE', #7763, 80.00000000000000000 ) ;
#7223 = EDGE_CURVE ( 'NONE', #8632, #2684, #3190, .T. ) ;
#7224 = CARTESIAN_POINT ( 'NONE',  ( 38.89087296526011528, -38.89087296525645598, -456.0000000000005684 ) ) ;
#7225 = CARTESIAN_POINT ( 'NONE',  ( -21.88945349699435283, 32.21939802019239352, -31.06227124854425625 ) ) ;
#7226 = DIRECTION ( 'NONE',  ( 1.000000000000000000, 0.000000000000000000, 0.000000000000000000 ) ) ;
#7227 = ORIENTED_EDGE ( 'NONE', *, *, #5534, .F. ) ;
#7228 = ORIENTED_EDGE ( 'NONE', *, *, #6574, .T. ) ;
#7229 = CYLINDRICAL_SURFACE ( 'NONE', #3078, 16.89999999999999858 ) ;
#7230 = LINE ( 'NONE', #8762, #3517 ) ;
#7231 = FACE_OUTER_BOUND ( 'NONE', #3527, .T. ) ;
#7232 = CARTESIAN_POINT ( 'NONE',  ( 34.51751045525493566, 54.22455240934098697, -98.99999999999964473 ) ) ;
#7233 = DIRECTION ( 'NONE',  ( 1.000000000000000000, 0.000000000000000000, 1.141265444721583757E-16 ) ) ;
#7234 = EDGE_LOOP ( 'NONE', ( #414, #5857, #1219, #9832 ) ) ;
#7235 = VERTEX_POINT ( 'NONE', #5727 ) ;
#7236 = EDGE_LOOP ( 'NONE', ( #1869, #5336, #2135, #1155 ) ) ;
#7237 = ORIENTED_EDGE ( 'NONE', *, *, #4928, .F. ) ;
#7238 = AXIS2_PLACEMENT_3D ( 'NONE', #9823, #6980, #7489 ) ;
#7239 = CYLINDRICAL_SURFACE ( 'NONE', #7110, 80.00000000000000000 ) ;
#7240 = CARTESIAN_POINT ( 'NONE',  ( 0.000000000000000000, 1.096237002849186125E-12, -292.0000000000000000 ) ) ;
#7241 = DIRECTION ( 'NONE',  ( 0.9743589743589743390, 0.2249990868562079249, 0.000000000000000000 ) ) ;
#7242 = CARTESIAN_POINT ( 'NONE',  ( -1.650092433212505711E-14, 208.5999999999981185, 205.0000000000000000 ) ) ;
#7243 = ORIENTED_EDGE ( 'NONE', *, *, #532, .F. ) ;
#7244 = DIRECTION ( 'NONE',  ( -0.000000000000000000, 1.000000000000000000, 0.000000000000000000 ) ) ;
#7245 = CARTESIAN_POINT ( 'NONE',  ( 9.000000000000010658, -55.59999999999997300, 9.000000000000000000 ) ) ;
#7246 = ORIENTED_EDGE ( 'NONE', *, *, #3029, .F. ) ;
#7247 = PRODUCT_RELATED_PRODUCT_CATEGORY ( 'part', '', ( #3678 ) ) ;
#7248 = EDGE_CURVE ( 'NONE', #8810, #1488, #40, .T. ) ;
#7249 = EDGE_LOOP ( 'NONE', ( #9019, #3630 ) ) ;
#7250 = CARTESIAN_POINT ( 'NONE',  ( 0.000000000000000000, -2.514747939442635268E-13, -99.00000000000002842 ) ) ;
#7251 = CIRCLE ( 'NONE', #4361, 36.00000000000000000 ) ;
#7252 = CARTESIAN_POINT ( 'NONE',  ( 0.000000000000000000, 0.000000000000000000, -99.00000000000000000 ) ) ;
#7253 = DIRECTION ( 'NONE',  ( 1.000000000000000000, 0.000000000000000000, 0.000000000000000000 ) ) ;
#7254 = DIRECTION ( 'NONE',  ( 0.000000000000000000, -1.000000000000000000, -6.982962677686266711E-15 ) ) ;
#7255 = CARTESIAN_POINT ( 'NONE',  ( 34.36931771216875120, 6.755772121541173014, 25.00000000000000000 ) ) ;
#7256 = CARTESIAN_POINT ( 'NONE',  ( 1.539749897050354256E-14, -43.99999999999729283, -388.0000000000006253 ) ) ;
#7257 = VECTOR ( 'NONE', #8073, 1000.000000000000000 ) ;
#7258 = DIRECTION ( 'NONE',  ( 0.000000000000000000, -1.000000000000000000, 0.000000000000000000 ) ) ;
#7259 = EDGE_CURVE ( 'NONE', #1431, #4302, #1454, .T. ) ;
#7260 = ADVANCED_FACE ( 'NONE', ( #1052 ), #2090, .T. ) ;
#7261 = ORIENTED_EDGE ( 'NONE', *, *, #4454, .T. ) ;
#7262 = ADVANCED_FACE ( 'NONE', ( #4092 ), #8067, .T. ) ;
#7263 = VERTEX_POINT ( 'NONE', #8024 ) ;
#7264 = PRODUCT_DEFINITION_CONTEXT ( 'detailed design', #9508, 'design' ) ;
#7265 = DIRECTION ( 'NONE',  ( -0.2840153447039231449, -0.9588197348681929411, -1.339080484642726365E-14 ) ) ;
#7266 = CARTESIAN_POINT ( 'NONE',  ( 0.000000000000000000, 90.00000000000000000, 0.000000000000000000 ) ) ;
#7267 = CARTESIAN_POINT ( 'NONE',  ( 9.878133675256320245, 13.27658046386738278, -41.33871934557321737 ) ) ;
#7268 = CARTESIAN_POINT ( 'NONE',  ( -8.426293783401057169, 47.86585655779064297, -37.05563071509168083 ) ) ;
#7269 = DIRECTION ( 'NONE',  ( -0.000000000000000000, -0.000000000000000000, 1.000000000000000000 ) ) ;
#7270 = VERTEX_POINT ( 'NONE', #1192 ) ;
#7271 = EDGE_CURVE ( 'NONE', #258, #9326, #8818, .T. ) ;
#7272 = B_SPLINE_CURVE_WITH_KNOTS ( 'NONE', 3,
 ( #6450, #2654, #8746, #6500, #9543, #2703, #1257, #4244, #462, #2752, #7112, #272, #3310, #9025, #2943, #8926, #2844, #558, #7491, #5826, #2100, #5877, #3742, #700, #9686, #7348 ),
 .UNSPECIFIED., .F., .F.,
 ( 4, 2, 2, 2, 2, 2, 2, 2, 2, 2, 2, 2, 4 ),
 ( 0.000000000000000000, 0.004511151503401622173, 0.006766727255102433260, 0.009022303006803244346, 0.01353345451020487519, 0.01804460601360650604, 0.02030018176530731452, 0.02142796964115772224, 0.02255575751700812648, 0.02706690902040977814, 0.02932248477211060050, 0.03157806052381142287, 0.03608921202721307453 ),
 .UNSPECIFIED. ) ;
#7273 = EDGE_CURVE ( 'NONE', #8127, #8331, #3494, .T. ) ;
#7274 = CARTESIAN_POINT ( 'NONE',  ( -36.00000000000000000, 0.000000000000000000, -11.95826074310141607 ) ) ;
#7275 = LINE ( 'NONE', #6522, #7355 ) ;
#7276 = CYLINDRICAL_SURFACE ( 'NONE', #5599, 27.00000000000000000 ) ;
#7277 = CARTESIAN_POINT ( 'NONE',  ( 0.000000000000000000, 85.00000000000000000, -38.00000000000000711 ) ) ;
#7278 = VECTOR ( 'NONE', #964, 1000.000000000000000 ) ;
#7279 = DIRECTION ( 'NONE',  ( 1.000000000000000000, 0.000000000000000000, 0.000000000000000000 ) ) ;
#7280 = ORIENTED_EDGE ( 'NONE', *, *, #1023, .F. ) ;
#7281 = VERTEX_POINT ( 'NONE', #4231 ) ;
#7282 = ORIENTED_EDGE ( 'NONE', *, *, #5790, .T. ) ;
#7283 = AXIS2_PLACEMENT_3D ( 'NONE', #66, #2494, #3087 ) ;
#7284 = DIRECTION ( 'NONE',  ( 0.000000000000000000, -6.982962677686266711E-15, 1.000000000000000000 ) ) ;
#7285 = DIRECTION ( 'NONE',  ( 0.000000000000000000, 0.000000000000000000, 1.000000000000000000 ) ) ;
#7286 = CARTESIAN_POINT ( 'NONE',  ( 1.888774234807349744E-14, 17.00000000000094147, -270.9999999999998295 ) ) ;
#7287 = TOROIDAL_SURFACE ( 'NONE', #916, 39.00000000000000000, 3.000000000000000000 ) ;
#7288 = CARTESIAN_POINT ( 'NONE',  ( -4.784900315554402900E-12, -43.99999999999678124, 205.0000000000002842 ) ) ;
#7289 = CARTESIAN_POINT ( 'NONE',  ( 1.106884595926295456E-14, -55.59999999999998010, -4.999999999999999112 ) ) ;
#7290 = FACE_OUTER_BOUND ( 'NONE', #2281, .T. ) ;
#7291 = CARTESIAN_POINT ( 'NONE',  ( 22.48353060487831456, -171.1999999999999886, -9.407652717443262702 ) ) ;
#7292 = ORIENTED_EDGE ( 'NONE', *, *, #7969, .T. ) ;
#7293 = AXIS2_PLACEMENT_3D ( 'NONE', #609, #3644, #2201 ) ;
#7294 = ORIENTED_EDGE ( 'NONE', *, *, #9635, .F. ) ;
#7295 = CARTESIAN_POINT ( 'NONE',  ( 0.000000000000000000, 2.960776175338977691E-12, -406.0000000000000000 ) ) ;
#7296 = CARTESIAN_POINT ( 'NONE',  ( 0.000000000000000000, 5.236340632789118004E-13, -210.0000000000000000 ) ) ;
#7297 = CIRCLE ( 'NONE', #4255, 30.00000000000000000 ) ;
#7298 = CARTESIAN_POINT ( 'NONE',  ( 38.00000000000000711, -296.9078889120432336, 8.123104788713554552E-15 ) ) ;
#7299 = AXIS2_PLACEMENT_3D ( 'NONE', #2955, #8894, #5106 ) ;
#7300 = FACE_OUTER_BOUND ( 'NONE', #158, .T. ) ;
#7301 = DIRECTION ( 'NONE',  ( -0.000000000000000000, -1.000000000000000000, -0.000000000000000000 ) ) ;
#7302 = DIRECTION ( 'NONE',  ( 0.000000000000000000, 6.982962677686266711E-15, -1.000000000000000000 ) ) ;
#7303 = CIRCLE ( 'NONE', #2988, 36.00000000000000000 ) ;
#7304 = CARTESIAN_POINT ( 'NONE',  ( -0.5558942167171789794, 10.09999999999999609, -42.49999999999999289 ) ) ;
#7305 = ORIENTED_EDGE ( 'NONE', *, *, #5672, .F. ) ;
#7306 = APPLICATION_CONTEXT ( 'automotive_design' ) ;
#7307 = VERTEX_POINT ( 'NONE', #494 ) ;
#7308 = STYLED_ITEM ( 'NONE', ( #2098 ), #9662 ) ;
#7309 = AXIS2_PLACEMENT_3D ( 'NONE', #4308, #6760, #5155 ) ;
#7310 = AXIS2_PLACEMENT_3D ( 'NONE', #5405, #874, #3918 ) ;
#7311 = EDGE_CURVE ( 'NONE', #2456, #9437, #2407, .T. ) ;
#7312 = EDGE_CURVE ( 'NONE', #7911, #3584, #5164, .T. ) ;
#7313 = CARTESIAN_POINT ( 'NONE',  ( -36.00000000000000000, -199.8324372353107492, 11.95826074310138409 ) ) ;
#7314 = CARTESIAN_POINT ( 'NONE',  ( -8.999999999999984013, -145.5999999999999659, 9.000000000000000000 ) ) ;
#7315 = ADVANCED_FACE ( 'NONE', ( #2928 ), #5602, .F. ) ;
#7316 = CIRCLE ( 'NONE', #2360, 3.000000000000001332 ) ;
#7317 = DIRECTION ( 'NONE',  ( -1.541976423090495633E-16, -1.000000000000000000, 0.000000000000000000 ) ) ;
#7318 = DIRECTION ( 'NONE',  ( 0.000000000000000000, 0.000000000000000000, 1.000000000000000000 ) ) ;
#7319 = DIRECTION ( 'NONE',  ( 1.000000000000000000, 0.000000000000000000, 0.000000000000000000 ) ) ;
#7320 = VERTEX_POINT ( 'NONE', #1342 ) ;
#7321 = ADVANCED_FACE ( 'NONE', ( #3576 ), #9541, .F. ) ;
#7322 = DIRECTION ( 'NONE',  ( 1.000000000000000000, 0.000000000000000000, 0.000000000000000000 ) ) ;
#7323 = ADVANCED_FACE ( 'NONE', ( #6733 ), #1389, .F. ) ;
#7324 = CARTESIAN_POINT ( 'NONE',  ( 0.000000000000000000, 90.00000000000000000, -42.50000000000000711 ) ) ;
#7325 = LINE ( 'NONE', #1980, #4757 ) ;
#7326 = EDGE_CURVE ( 'NONE', #1347, #9413, #5915, .T. ) ;
#7327 = DIRECTION ( 'NONE',  ( 0.000000000000000000, 6.982962677686266711E-15, -1.000000000000000000 ) ) ;
#7328 = VERTEX_POINT ( 'NONE', #2177 ) ;
#7329 = ORIENTED_EDGE ( 'NONE', *, *, #5283, .F. ) ;
#7330 = ORIENTED_EDGE ( 'NONE', *, *, #6657, .T. ) ;
#7331 = AXIS2_PLACEMENT_3D ( 'NONE', #8742, #3542, #9631 ) ;
#7332 = ORIENTED_EDGE ( 'NONE', *, *, #6270, .T. ) ;
#7333 = CARTESIAN_POINT ( 'NONE',  ( 31.20919935692044689, 14.20696390824577371, -21.68222067966054212 ) ) ;
#7334 = DIRECTION ( 'NONE',  ( 0.000000000000000000, 0.000000000000000000, 1.000000000000000000 ) ) ;
#7335 = CARTESIAN_POINT ( 'NONE',  ( -38.00000000000000711, -171.1999999999999886, 4.499999999999983125 ) ) ;
#7336 = DIRECTION ( 'NONE',  ( -1.680624337472560549E-15, -6.895296992936543788E-15, -1.000000000000000000 ) ) ;
#7337 = VERTEX_POINT ( 'NONE', #9666 ) ;
#7338 = CARTESIAN_POINT ( 'NONE',  ( -5.933886600177124215, 5.283713645548954396, -37.54083719092381699 ) ) ;
#7339 = CARTESIAN_POINT ( 'NONE',  ( -38.00000000000000711, -171.1999999999999886, -4.500000000000012434 ) ) ;
#7340 = ORIENTED_EDGE ( 'NONE', *, *, #5472, .F. ) ;
#7341 = AXIS2_PLACEMENT_3D ( 'NONE', #7107, #7007, #8690 ) ;
#7342 = ORIENTED_EDGE ( 'NONE', *, *, #3948, .F. ) ;
#7343 = CARTESIAN_POINT ( 'NONE',  ( 4.592425496802574367E-15, 36.00000000000051870, -209.9999999999997442 ) ) ;
#7344 = DIRECTION ( 'NONE',  ( 0.000000000000000000, -1.000000000000000000, -1.110223024624657980E-14 ) ) ;
#7345 = DIRECTION ( 'NONE',  ( -1.541976423090496126E-16, -1.000000000000000000, 0.000000000000000000 ) ) ;
#7346 =( NAMED_UNIT ( * ) SI_UNIT ( $, .STERADIAN. ) SOLID_ANGLE_UNIT ( ) );
#7347 = CARTESIAN_POINT ( 'NONE',  ( -38.00000000000000000, -192.4250356126078714, 11.99999999999998224 ) ) ;
#7348 = CARTESIAN_POINT ( 'NONE',  ( 5.372584090453488010E-15, 49.50000000000001421, 38.00000000000001421 ) ) ;
#7349 = AXIS2_PLACEMENT_3D ( 'NONE', #7347, #510, #1065 ) ;
#7350 = AXIS2_PLACEMENT_3D ( 'NONE', #7256, #4157, #1866 ) ;
#7351 = CYLINDRICAL_SURFACE ( 'NONE', #3365, 27.00000000000000000 ) ;
#7352 = CARTESIAN_POINT ( 'NONE',  ( 0.000000000000000000, 0.000000000000000000, 17.99999999999999645 ) ) ;
#7353 = ORIENTED_EDGE ( 'NONE', *, *, #2515, .F. ) ;
#7354 = ORIENTED_EDGE ( 'NONE', *, *, #657, .F. ) ;
#7355 = VECTOR ( 'NONE', #7178, 1000.000000000000000 ) ;
#7356 = UNCERTAINTY_MEASURE_WITH_UNIT (LENGTH_MEASURE( 1.000000000000000082E-05 ), #6735, 'distance_accuracy_value', 'NONE');
#7357 = DIRECTION ( 'NONE',  ( 0.000000000000000000, 0.000000000000000000, 1.000000000000000000 ) ) ;
#7358 = CARTESIAN_POINT ( 'NONE',  ( 0.000000000000000000, 0.000000000000000000, 0.000000000000000000 ) ) ;
#7359 = CIRCLE ( 'NONE', #7514, 5.000000000000941469 ) ;
#7360 = CARTESIAN_POINT ( 'NONE',  ( 1.657975655542604885E-14, -145.5999999999999943, 4.999999999999999112 ) ) ;
#7361 = DIRECTION ( 'NONE',  ( -0.000000000000000000, -0.000000000000000000, -1.000000000000000000 ) ) ;
#7362 = TOROIDAL_SURFACE ( 'NONE', #8638, 9.000000000000001776, 1.000000000000000000 ) ;
#7363 = FACE_OUTER_BOUND ( 'NONE', #5817, .T. ) ;
#7364 = DIRECTION ( 'NONE',  ( -0.000000000000000000, -1.396592535537253342E-14, 1.000000000000000000 ) ) ;
#7365 = ORIENTED_EDGE ( 'NONE', *, *, #1337, .T. ) ;
#7366 = EDGE_CURVE ( 'NONE', #2384, #2056, #5177, .T. ) ;
#7367 = EDGE_CURVE ( 'NONE', #3171, #1922, #5862, .T. ) ;
#7368 = CIRCLE ( 'NONE', #6075, 4.999999999999997335 ) ;
#7369 = LINE ( 'NONE', #9756, #538 ) ;
#7370 = CARTESIAN_POINT ( 'NONE',  ( 16.32114954996851353, 31.42007072463398742, 39.24157053380592686 ) ) ;
#7371 = CARTESIAN_POINT ( 'NONE',  ( -35.07692307692307310, -193.1000328731765023, 11.99999999999998401 ) ) ;
#7372 = DIRECTION ( 'NONE',  ( 0.000000000000000000, 1.396592535537253342E-14, -1.000000000000000000 ) ) ;
#7373 = ORIENTED_EDGE ( 'NONE', *, *, #843, .F. ) ;
#7374 = ADVANCED_FACE ( 'NONE', ( #8259 ), #1293, .T. ) ;
#7375 = EDGE_LOOP ( 'NONE', ( #2989, #613, #3920, #2778 ) ) ;
#7376 = ORIENTED_EDGE ( 'NONE', *, *, #8155, .T. ) ;
#7377 = CARTESIAN_POINT ( 'NONE',  ( 22.50000000000000355, 27.00000000000000000, -19.00000000000000000 ) ) ;
#7378 = ADVANCED_FACE ( 'NONE', ( #3728 ), #6778, .T. ) ;
#7379 = ORIENTED_EDGE ( 'NONE', *, *, #9497, .T. ) ;
#7380 = EDGE_CURVE ( 'NONE', #6541, #5730, #2380, .T. ) ;
#7381 = ADVANCED_FACE ( 'NONE', ( #9318 ), #8192, .F. ) ;
#7382 = CARTESIAN_POINT ( 'NONE',  ( 15.16812426425126503, 19.46603614250689063, 39.70375150425920197 ) ) ;
#7383 = CARTESIAN_POINT ( 'NONE',  ( 0.000000000000000000, 55.00000000000366640, -455.9999999999992610 ) ) ;
#7384 = DIRECTION ( 'NONE',  ( 0.000000000000000000, -6.982962677686266711E-15, 1.000000000000000000 ) ) ;
#7385 = SHAPE_DEFINITION_REPRESENTATION ( #6148, #4579 ) ;
#7386 = ORIENTED_EDGE ( 'NONE', *, *, #6145, .F. ) ;
#7387 = CARTESIAN_POINT ( 'NONE',  ( -8.068490273200403351, 5.983458315865552990, -37.14011923704806861 ) ) ;
#7388 = DIRECTION ( 'NONE',  ( 0.000000000000000000, 0.000000000000000000, -1.000000000000000000 ) ) ;
#7389 = EDGE_LOOP ( 'NONE', ( #2984, #9454 ) ) ;
#7390 = ORIENTED_EDGE ( 'NONE', *, *, #6844, .F. ) ;
#7391 = ADVANCED_FACE ( 'NONE', ( #3120 ), #1748, .F. ) ;
#7392 = AXIS2_PLACEMENT_3D ( 'NONE', #6548, #9489, #508 ) ;
#7393 = CARTESIAN_POINT ( 'NONE',  ( 0.000000000000000000, 78.39999999999999147, 0.000000000000000000 ) ) ;
#7394 = DIRECTION ( 'NONE',  ( 1.000000000000000000, 0.000000000000000000, 0.000000000000000000 ) ) ;
#7395 = EDGE_CURVE ( 'NONE', #9741, #5334, #5902, .T. ) ;
#7396 = CARTESIAN_POINT ( 'NONE',  ( -26.99999999999998579, 44.00000000000001421, -156.9999999999997158 ) ) ;
#7397 =( NAMED_UNIT ( * ) PLANE_ANGLE_UNIT ( ) SI_UNIT ( $, .RADIAN. ) );
#7398 = DIRECTION ( 'NONE',  ( -1.000000000000000000, -0.000000000000000000, 0.000000000000000000 ) ) ;
#7399 = CYLINDRICAL_SURFACE ( 'NONE', #278, 16.89999999999999858 ) ;
#7400 = AXIS2_PLACEMENT_3D ( 'NONE', #6423, #9368, #3377 ) ;
#7401 = FACE_OUTER_BOUND ( 'NONE', #8027, .T. ) ;
#7402 = CARTESIAN_POINT ( 'NONE',  ( -41.92050961139743492, 20.15883973202062407, 7.220252216595313577 ) ) ;
#7403 = CIRCLE ( 'NONE', #9630, 36.00000000000000000 ) ;
#7404 = VERTEX_POINT ( 'NONE', #6162 ) ;
#7405 = ORIENTED_EDGE ( 'NONE', *, *, #1963, .F. ) ;
#7406 = ORIENTED_EDGE ( 'NONE', *, *, #8461, .F. ) ;
#7407 = AXIS2_PLACEMENT_3D ( 'NONE', #4687, #9082, #9235 ) ;
#7408 = CARTESIAN_POINT ( 'NONE',  ( 38.93560560128499048, 16.96548799984305944, 17.05733898669027582 ) ) ;
#7409 = CARTESIAN_POINT ( 'NONE',  ( 8.817456953860954333E-15, 72.00000000000365219, -455.9999999999990337 ) ) ;
#7410 = CARTESIAN_POINT ( 'NONE',  ( 0.000000000000000000, 85.00000000000000000, 0.000000000000000000 ) ) ;
#7411 = DIRECTION ( 'NONE',  ( 1.000000000000000000, 0.000000000000000000, 0.000000000000000000 ) ) ;
#7412 = FACE_OUTER_BOUND ( 'NONE', #4277, .T. ) ;
#7413 = DIRECTION ( 'NONE',  ( -0.000000000000000000, -0.000000000000000000, -1.000000000000000000 ) ) ;
#7414 = ORIENTED_EDGE ( 'NONE', *, *, #9575, .T. ) ;
#7415 = LINE ( 'NONE', #2813, #8669 ) ;
#7416 = DIRECTION ( 'NONE',  ( -0.000000000000000000, -0.000000000000000000, -1.000000000000000000 ) ) ;
#7417 = AXIS2_PLACEMENT_3D ( 'NONE', #1757, #3482, #7938 ) ;
#7418 = DIRECTION ( 'NONE',  ( 0.000000000000000000, 0.000000000000000000, 1.000000000000000000 ) ) ;
#7419 = EDGE_CURVE ( 'NONE', #6392, #729, #2418, .T. ) ;
#7420 = CARTESIAN_POINT ( 'NONE',  ( 0.000000000000000000, 59.50000000000000000, 0.000000000000000000 ) ) ;
#7421 = CARTESIAN_POINT ( 'NONE',  ( 37.11123950955698092, 14.99518058349635652, -20.72892591958069275 ) ) ;
#7422 = ORIENTED_EDGE ( 'NONE', *, *, #5943, .T. ) ;
#7423 = ORIENTED_EDGE ( 'NONE', *, *, #3338, .F. ) ;
#7424 = VERTEX_POINT ( 'NONE', #8471 ) ;
#7425 = VERTEX_POINT ( 'NONE', #8570 ) ;
#7426 = EDGE_CURVE ( 'NONE', #4227, #8735, #4216, .T. ) ;
#7427 = ADVANCED_FACE ( 'NONE', ( #938 ), #347, .F. ) ;
#7428 = LINE ( 'NONE', #586, #1981 ) ;
#7429 = CARTESIAN_POINT ( 'NONE',  ( -35.61613899619977275, -195.7836607057123501, -11.98693117703046163 ) ) ;
#7430 = CYLINDRICAL_SURFACE ( 'NONE', #1733, 36.00000000000000000 ) ;
#7431 = EDGE_CURVE ( 'NONE', #744, #9352, #4306, .T. ) ;
#7432 = APPLICATION_PROTOCOL_DEFINITION ( 'draft international standard', 'automotive_design', 1998, #8308 ) ;
#7433 = ORIENTED_EDGE ( 'NONE', *, *, #6590, .T. ) ;
#7434 = LINE ( 'NONE', #8867, #1073 ) ;
#7435 = FACE_OUTER_BOUND ( 'NONE', #7249, .T. ) ;
#7436 = EDGE_LOOP ( 'NONE', ( #1929, #8077, #1235, #6282 ) ) ;
#7437 = VERTEX_POINT ( 'NONE', #5625 ) ;
#7438 = CARTESIAN_POINT ( 'NONE',  ( 64.56989347527211009, 47.23059238028130835, -402.9999999999993747 ) ) ;
#7439 = CIRCLE ( 'NONE', #9004, 3.000000000000000888 ) ;
#7440 = FACE_OUTER_BOUND ( 'NONE', #2570, .T. ) ;
#7441 = DIRECTION ( 'NONE',  ( -0.000000000000000000, 1.000000000000000000, 0.000000000000000000 ) ) ;
#7442 = SHAPE_REPRESENTATION_RELATIONSHIP ( 'NONE' , 'NONE' ,  #3188, #2756 ) ;
#7443 = CARTESIAN_POINT ( 'NONE',  ( 0.000000000000000000, 0.000000000000000000, -38.00000000000000711 ) ) ;
#7444 = CARTESIAN_POINT ( 'NONE',  ( 0.000000000000000000, 0.000000000000000000, 19.00000000000000000 ) ) ;
#7445 = ADVANCED_FACE ( 'NONE', ( #7880 ), #8475, .F. ) ;
#7446 = DIRECTION ( 'NONE',  ( 0.000000000000000000, -0.000000000000000000, 1.000000000000000000 ) ) ;
#7447 = AXIS2_PLACEMENT_3D ( 'NONE', #6180, #9173, #6079 ) ;
#7448 = CARTESIAN_POINT ( 'NONE',  ( -41.57102972101731808, 19.78660200232219424, -8.882374446587828487 ) ) ;
#7449 = VERTEX_POINT ( 'NONE', #6324 ) ;
#7450 = EDGE_CURVE ( 'NONE', #1594, #5764, #2539, .T. ) ;
#7451 = CIRCLE ( 'NONE', #428, 4.999999999997103650 ) ;
#7452 = VERTEX_POINT ( 'NONE', #5669 ) ;
#7453 = AXIS2_PLACEMENT_3D ( 'NONE', #8914, #5131, #1242 ) ;
#7454 = EDGE_LOOP ( 'NONE', ( #3184, #5678, #8723, #4290 ) ) ;
#7455 = CIRCLE ( 'NONE', #7293, 26.99999999999999645 ) ;
#7456 = CYLINDRICAL_SURFACE ( 'NONE', #4810, 42.50000000000000711 ) ;
#7457 = CYLINDRICAL_SURFACE ( 'NONE', #6375, 10.00000000000000000 ) ;
#7458 = PLANE ( 'NONE',  #1213 ) ;
#7459 = CARTESIAN_POINT ( 'NONE',  ( 1.539749897050354256E-14, 44.00000000000107292, -288.9999999999997158 ) ) ;
#7460 = CARTESIAN_POINT ( 'NONE',  ( 0.000000000000000000, 90.00000000000000000, 0.000000000000000000 ) ) ;
#7461 = CARTESIAN_POINT ( 'NONE',  ( 1.888774234807349744E-14, -16.99999999999789679, -345.0000000000002274 ) ) ;
#7462 = AXIS2_PLACEMENT_3D ( 'NONE', #7560, #4404, #5893 ) ;
#7463 = EDGE_LOOP ( 'NONE', ( #9641, #7473, #383, #1506, #1464, #1385, #9711, #4690, #788 ) ) ;
#7464 = VECTOR ( 'NONE', #4081, 1000.000000000000000 ) ;
#7465 = CIRCLE ( 'NONE', #4428, 4.499999999999998224 ) ;
#7466 = FACE_OUTER_BOUND ( 'NONE', #8124, .T. ) ;
#7467 = DIRECTION ( 'NONE',  ( -0.000000000000000000, -1.000000000000000000, -0.000000000000000000 ) ) ;
#7468 = CARTESIAN_POINT ( 'NONE',  ( 0.000000000000000000, 0.000000000000000000, 53.00000000000000000 ) ) ;
#7469 = CONTEXT_DEPENDENT_SHAPE_REPRESENTATION ( #5259, #1434 ) ;
#7470 = DIRECTION ( 'NONE',  ( 0.9588197348681929411, 0.2840153447039231449, 1.983268551957695050E-15 ) ) ;
#7471 = CARTESIAN_POINT ( 'NONE',  ( 38.89087296526011528, -43.89087296525760706, -441.0000000000006253 ) ) ;
#7472 = ORIENTED_EDGE ( 'NONE', *, *, #478, .F. ) ;
#7473 = ORIENTED_EDGE ( 'NONE', *, *, #4698, .T. ) ;
#7474 = ORIENTED_EDGE ( 'NONE', *, *, #3109, .T. ) ;
#7475 = CARTESIAN_POINT ( 'NONE',  ( 16.89999999999999858, 27.00000000000000000, 38.99538434225262051 ) ) ;
#7476 = DIRECTION ( 'NONE',  ( 0.2840153447039234225, 0.9588197348681927190, 6.695402423213631037E-15 ) ) ;
#7477 = SURFACE_SIDE_STYLE ('',( #8216 ) ) ;
#7478 = DIRECTION ( 'NONE',  ( -1.000000000000000000, -2.672861931785068789E-14, 1.680624337472744945E-15 ) ) ;
#7479 = VERTEX_POINT ( 'NONE', #9370 ) ;
#7480 = CARTESIAN_POINT ( 'NONE',  ( -13.75997936937523036, 9.183154063274145074, -35.42638025516230726 ) ) ;
#7481 = LINE ( 'NONE', #1396, #5160 ) ;
#7482 = VERTEX_POINT ( 'NONE', #9467 ) ;
#7483 = EDGE_LOOP ( 'NONE', ( #2745, #8310 ) ) ;
#7484 = CARTESIAN_POINT ( 'NONE',  ( -13.40235850969390974, 37.30951588802298602, 40.33311388402875508 ) ) ;
#7485 = EDGE_CURVE ( 'NONE', #3283, #4115, #8717, .T. ) ;
#7486 = DIRECTION ( 'NONE',  ( 1.000000000000000000, 0.000000000000000000, 0.000000000000000000 ) ) ;
#7487 = EDGE_CURVE ( 'NONE', #2854, #5553, #7129, .T. ) ;
#7488 = APPLICATION_CONTEXT ( 'automotive_design' ) ;
#7489 = DIRECTION ( 'NONE',  ( -1.000000000000000000, 0.000000000000000000, 0.000000000000000000 ) ) ;
#7490 = CARTESIAN_POINT ( 'NONE',  ( 30.00000000000001421, -44.00000000000000000, -3.000000000000002665 ) ) ;
#7491 = CARTESIAN_POINT ( 'NONE',  ( -10.10354833807047292, 47.15765895799403751, 36.65865478851088000 ) ) ;
#7492 = LINE ( 'NONE', #6746, #6896 ) ;
#7493 = DIRECTION ( 'NONE',  ( 0.000000000000000000, 0.000000000000000000, 1.000000000000000000 ) ) ;
#7494 = ORIENTED_EDGE ( 'NONE', *, *, #7190, .T. ) ;
#7495 = ORIENTED_EDGE ( 'NONE', *, *, #5488, .T. ) ;
#7496 = EDGE_CURVE ( 'NONE', #3056, #2979, #993, .T. ) ;
#7497 = EDGE_CURVE ( 'NONE', #5979, #3387, #5913, .T. ) ;
#7498 =( BOUNDED_SURFACE ( )  B_SPLINE_SURFACE ( 3, 2, ( 
 ( #2007, #5044, #4205 ),
 ( #276, #1019, #3407 ),
 ( #3499, #6456, #6407 ),
 ( #1868, #7909, #6362 ),
 ( #9449, #4855, #6554 ),
 ( #1116, #7167, #3451 ) ),
 .UNSPECIFIED., .F., .F., .T. ) 
 B_SPLINE_SURFACE_WITH_KNOTS ( ( 4, 2, 4 ),
 ( 3, 3 ),
 ( 0.000000000000000000, 0.004411853782887461758, 0.008823707565774923517 ),
 ( 0.000000000000000000, 1.000000000000000000 ),
 .UNSPECIFIED. ) 
 GEOMETRIC_REPRESENTATION_ITEM ( )  RATIONAL_B_SPLINE_SURFACE ( (
 ( 1.000000000000000000, 0.7071067811865467956, 1.000000000000000000),
 ( 1.000000000000000000, 0.7167217121882991648, 1.000000000000000000),
 ( 1.000000000000000000, 0.7239293624834121088, 1.000000000000000000),
 ( 1.000000000000000000, 0.7335575311262175768, 1.000000000000000000),
 ( 1.000000000000000000, 0.7359783963882947644, 1.000000000000000000),
 ( 1.000000000000000000, 0.7359800721939870893, 1.000000000000000000) ) ) 
 REPRESENTATION_ITEM ( '' )  SURFACE ( )  );
#7499 = ORIENTED_EDGE ( 'NONE', *, *, #5655, .T. ) ;
#7500 = CARTESIAN_POINT ( 'NONE',  ( 1.888774234807349744E-14, 70.99999999999987210, -116.9999999999995168 ) ) ;
#7501 = ADVANCED_FACE ( 'NONE', ( #8623 ), #3277, .F. ) ;
#7502 = DIRECTION ( 'NONE',  ( 0.000000000000000000, 1.000000000000000000, 0.000000000000000000 ) ) ;
#7503 = DIRECTION ( 'NONE',  ( 0.000000000000000000, 1.000000000000000000, 0.000000000000000000 ) ) ;
#7504 = CYLINDRICAL_SURFACE ( 'NONE', #2422, 4.499999999999998224 ) ;
#7505 = AXIS2_PLACEMENT_3D ( 'NONE', #3428, #4924, #8014 ) ;
#7506 = DIRECTION ( 'NONE',  ( -0.000000000000000000, -0.000000000000000000, 1.000000000000000000 ) ) ;
#7507 = CARTESIAN_POINT ( 'NONE',  ( -16.89999999999999858, 27.00000000000000355, -38.99538434225262051 ) ) ;
#7508 = DIRECTION ( 'NONE',  ( 0.000000000000000000, -1.000000000000000000, -6.938893903907228378E-15 ) ) ;
#7509 = ORIENTED_EDGE ( 'NONE', *, *, #3281, .F. ) ;
#7510 = CIRCLE ( 'NONE', #8142, 39.00000000000000000 ) ;
#7511 = VECTOR ( 'NONE', #771, 1000.000000000000000 ) ;
#7512 = PRODUCT_DEFINITION_SHAPE ( 'NONE', 'NONE',  #9834 ) ;
#7513 = EDGE_CURVE ( 'NONE', #9215, #3197, #1471, .T. ) ;
#7514 = AXIS2_PLACEMENT_3D ( 'NONE', #3205, #4755, #7858 ) ;
#7515 = EDGE_CURVE ( 'NONE', #5265, #6858, #4485, .T. ) ;
#7516 = CARTESIAN_POINT ( 'NONE',  ( 12.88223401311496374, 45.45073300230107094, -35.75121757147596213 ) ) ;
#7517 = CARTESIAN_POINT ( 'NONE',  ( 38.00000000000000000, 8.774964387392120813, -12.00000000000000711 ) ) ;
#7518 = AXIS2_PLACEMENT_3D ( 'NONE', #6561, #8050, #6511 ) ;
#7519 = EDGE_CURVE ( 'NONE', #4149, #4324, #9698, .T. ) ;
#7520 = CYLINDRICAL_SURFACE ( 'NONE', #4118, 1.000000000000000000 ) ;
#7521 = CARTESIAN_POINT ( 'NONE',  ( -8.000000000000003553, -145.5999999999999659, 8.000000000000000000 ) ) ;
#7522 = ORIENTED_EDGE ( 'NONE', *, *, #529, .F. ) ;
#7523 = VECTOR ( 'NONE', #4338, 1000.000000000000000 ) ;
#7524 = ORIENTED_EDGE ( 'NONE', *, *, #6535, .T. ) ;
#7525 = FACE_OUTER_BOUND ( 'NONE', #1314, .T. ) ;
#7526 = CIRCLE ( 'NONE', #6248, 9.999999999999998224 ) ;
#7527 = ORIENTED_EDGE ( 'NONE', *, *, #1387, .T. ) ;
#7528 = CARTESIAN_POINT ( 'NONE',  ( 30.57681027001823182, 13.33774395383518296, -22.57409901008935549 ) ) ;
#7529 = CARTESIAN_POINT ( 'NONE',  ( -35.38612840772156432, -194.4390471473797106, -11.99999999927688599 ) ) ;
#7530 = CARTESIAN_POINT ( 'NONE',  ( -24.91987158875422637, -171.1999999999999886, 8.999999999999996447 ) ) ;
#7531 = APPLICATION_PROTOCOL_DEFINITION ( 'draft international standard', 'automotive_design', 1998, #9508 ) ;
#7532 = ORIENTED_EDGE ( 'NONE', *, *, #9516, .F. ) ;
#7533 = DIRECTION ( 'NONE',  ( -0.000000000000000000, 0.000000000000000000, 1.000000000000000000 ) ) ;
#7534 = CYLINDRICAL_SURFACE ( 'NONE', #552, 22.50000000000000355 ) ;
#7535 = ORIENTED_EDGE ( 'NONE', *, *, #3858, .F. ) ;
#7536 = PRODUCT_DEFINITION ( 'UNKNOWN', '', #743, #7827 ) ;
#7537 = ORIENTED_EDGE ( 'NONE', *, *, #1053, .T. ) ;
#7538 = CARTESIAN_POINT ( 'NONE',  ( -4.425736780315530972, 43.34803405579064872, 42.28306325147377720 ) ) ;
#7539 = CARTESIAN_POINT ( 'NONE',  ( 28.61817604250837377, 6.755772121541173014, 25.00000000000000000 ) ) ;
#7540 = ORIENTED_EDGE ( 'NONE', *, *, #9806, .F. ) ;
#7541 = FACE_BOUND ( 'NONE', #5722, .T. ) ;
#7542 =( NAMED_UNIT ( * ) PLANE_ANGLE_UNIT ( ) SI_UNIT ( $, .RADIAN. ) );
#7543 = DIRECTION ( 'NONE',  ( -0.2249990868562107282, 0.9743589743589737839, 0.000000000000000000 ) ) ;
#7544 = CARTESIAN_POINT ( 'NONE',  ( -30.17675639024148992, 12.68201994043567993, 23.10183176285252316 ) ) ;
#7545 = CARTESIAN_POINT ( 'NONE',  ( 22.48353060487831456, -171.1999999999999886, -9.407652717443262702 ) ) ;
#7546 = CARTESIAN_POINT ( 'NONE',  ( 0.000000000000000000, 85.00000000000000000, 0.000000000000000000 ) ) ;
#7547 = AXIS2_PLACEMENT_3D ( 'NONE', #2795, #460, #320 ) ;
#7548 = VERTEX_POINT ( 'NONE', #6426 ) ;
#7549 = VERTEX_POINT ( 'NONE', #1800 ) ;
#7550 = ORIENTED_EDGE ( 'NONE', *, *, #5159, .F. ) ;
#7551 = CIRCLE ( 'NONE', #1492, 5.000000000002245315 ) ;
#7552 = CARTESIAN_POINT ( 'NONE',  ( 0.000000000000000000, 66.79999999999999716, 0.000000000000000000 ) ) ;
#7553 = DIRECTION ( 'NONE',  ( 0.000000000000000000, 0.000000000000000000, -1.000000000000000000 ) ) ;
#7554 = CARTESIAN_POINT ( 'NONE',  ( -36.00000000000000000, -201.1999999999999886, 19.00000000000000000 ) ) ;
#7555 = CARTESIAN_POINT ( 'NONE',  ( 36.00000000000000000, 1.360878165056200961, -11.95826074310139120 ) ) ;
#7556 = EDGE_CURVE ( 'NONE', #7691, #8553, #8309, .T. ) ;
#7557 = CARTESIAN_POINT ( 'NONE',  ( 36.00000000000000000, 4.119066604359306748E-13, -210.0000000000000000 ) ) ;
#7558 = ADVANCED_FACE ( 'NONE', ( #1318 ), #4813, .F. ) ;
#7559 = EDGE_CURVE ( 'NONE', #2029, #3883, #2734, .T. ) ;
#7560 = CARTESIAN_POINT ( 'NONE',  ( 0.000000000000000000, 3.449583562777016209E-12, -441.0000000000000000 ) ) ;
#7561 = FACE_OUTER_BOUND ( 'NONE', #3931, .T. ) ;
#7562 = DIRECTION ( 'NONE',  ( -0.000000000000000000, 1.000000000000000000, -0.000000000000000000 ) ) ;
#7563 = ORIENTED_EDGE ( 'NONE', *, *, #2850, .F. ) ;
#7564 = TOROIDAL_SURFACE ( 'NONE', #4516, 30.00000000000000000, 3.000000000000000000 ) ;
#7565 = CIRCLE ( 'NONE', #3560, 27.00000000000000000 ) ;
#7566 = DIRECTION ( 'NONE',  ( -0.000000000000000000, -0.000000000000000000, -1.000000000000000000 ) ) ;
#7567 = CARTESIAN_POINT ( 'NONE',  ( 36.00000000000000000, 0.000000000000000000, 11.95826074310140719 ) ) ;
#7568 = EDGE_CURVE ( 'NONE', #4832, #2152, #3554, .T. ) ;
#7569 = CARTESIAN_POINT ( 'NONE',  ( -38.68750310502052514, -198.2573272148092656, 8.974572379110059117 ) ) ;
#7570 = LINE ( 'NONE', #6054, #9314 ) ;
#7571 = EDGE_LOOP ( 'NONE', ( #8476, #5194, #9164, #898 ) ) ;
#7572 = ORIENTED_EDGE ( 'NONE', *, *, #4503, .T. ) ;
#7573 = EDGE_CURVE ( 'NONE', #3125, #7053, #2894, .T. ) ;
#7574 = CARTESIAN_POINT ( 'NONE',  ( -38.74999999999999289, 0.000000000000000000, -8.968695557326066492 ) ) ;
#7575 = CARTESIAN_POINT ( 'NONE',  ( 36.00413538425119242, 13.28724465263631060, 22.58429440332216132 ) ) ;
#7576 =( LENGTH_UNIT ( ) NAMED_UNIT ( * ) SI_UNIT ( .MILLI., .METRE. ) );
#7577 = APPLICATION_PROTOCOL_DEFINITION ( 'draft international standard', 'automotive_design', 1998, #4407 ) ;
#7578 = ORIENTED_EDGE ( 'NONE', *, *, #1268, .F. ) ;
#7579 = DIRECTION ( 'NONE',  ( -0.000000000000000000, -1.396592535537253342E-14, 1.000000000000000000 ) ) ;
#7580 = VERTEX_POINT ( 'NONE', #667 ) ;
#7581 = ORIENTED_EDGE ( 'NONE', *, *, #4199, .F. ) ;
#7582 = CARTESIAN_POINT ( 'NONE',  ( 35.92232950245769985, -198.4737665732858716, -11.96616446274448897 ) ) ;
#7583 = CARTESIAN_POINT ( 'NONE',  ( 0.000000000000000000, -201.1999999999999886, 19.00000000000000000 ) ) ;
#7584 = ORIENTED_EDGE ( 'NONE', *, *, #3397, .F. ) ;
#7585 = SURFACE_STYLE_FILL_AREA ( #8320 ) ;
#7586 = DIRECTION ( 'NONE',  ( -1.000000000000000000, 0.000000000000000000, 0.000000000000000000 ) ) ;
#7587 = DIRECTION ( 'NONE',  ( 0.000000000000000000, -1.000000000000000000, 0.000000000000000000 ) ) ;
#7588 = CYLINDRICAL_SURFACE ( 'NONE', #6805, 4.499999999999998224 ) ;
#7589 = CARTESIAN_POINT ( 'NONE',  ( 24.09087047684229077, -171.1999999999999602, -9.034956203351340420 ) ) ;
#7590 = DIRECTION ( 'NONE',  ( 1.000000000000000000, 0.000000000000000000, 0.000000000000000000 ) ) ;
#7591 = CARTESIAN_POINT ( 'NONE',  ( -34.51751045525492145, 54.22455240934232279, -288.9999999999996021 ) ) ;
#7592 = DIRECTION ( 'NONE',  ( 0.000000000000000000, 0.000000000000000000, 1.000000000000000000 ) ) ;
#7593 = CIRCLE ( 'NONE', #576, 42.50000000000000711 ) ;
#7594 = VERTEX_POINT ( 'NONE', #6043 ) ;
#7595 = ORIENTED_EDGE ( 'NONE', *, *, #7159, .T. ) ;
#7596 = VERTEX_POINT ( 'NONE', #6816 ) ;
#7597 = DIRECTION ( 'NONE',  ( 0.000000000000000000, 0.000000000000000000, -1.000000000000000000 ) ) ;
#7598 = AXIS2_PLACEMENT_3D ( 'NONE', #5784, #1114, #7164 ) ;
#7599 = DIRECTION ( 'NONE',  ( 0.000000000000000000, 1.000000000000000000, 1.423362852083534018E-14 ) ) ;
#7600 = DIRECTION ( 'NONE',  ( -1.000000000000000000, 0.000000000000000000, 0.000000000000000000 ) ) ;
#7601 = CARTESIAN_POINT ( 'NONE',  ( 38.68759559582435514, 2.941038293923116331, -8.974564642706443607 ) ) ;
#7602 = CARTESIAN_POINT ( 'NONE',  ( 35.07692307692307310, 8.099967126823498731, -11.99999999999999112 ) ) ;
#7603 = LINE ( 'NONE', #7655, #5276 ) ;
#7604 = CIRCLE ( 'NONE', #123, 4.499999999999998224 ) ;
#7605 = DIRECTION ( 'NONE',  ( 0.000000000000000000, -1.000000000000000000, -1.396592535537253342E-14 ) ) ;
#7606 = FACE_OUTER_BOUND ( 'NONE', #7784, .T. ) ;
#7607 = DIRECTION ( 'NONE',  ( -0.2840153447039231449, -0.9588197348681929411, -1.339080484642726365E-14 ) ) ;
#7608 = ORIENTED_EDGE ( 'NONE', *, *, #3352, .F. ) ;
#7609 = AXIS2_PLACEMENT_3D ( 'NONE', #1811, #4046, #9479 ) ;
#7610 = ADVANCED_FACE ( 'NONE', ( #4500 ), #7847, .F. ) ;
#7611 = EDGE_CURVE ( 'NONE', #6492, #8824, #9436, .T. ) ;
#7612 = VECTOR ( 'NONE', #9079, 1000.000000000000000 ) ;
#7613 = ADVANCED_FACE ( 'NONE', ( #9748 ), #3529, .F. ) ;
#7614 = FACE_OUTER_BOUND ( 'NONE', #1560, .T. ) ;
#7615 = DIRECTION ( 'NONE',  ( -1.000000000000000000, 0.000000000000000000, 0.000000000000000000 ) ) ;
#7616 = PRESENTATION_LAYER_ASSIGNMENT (  '', '', ( #7308 ) ) ;
#7617 = CIRCLE ( 'NONE', #2676, 3.000000000000002665 ) ;
#7618 = DIRECTION ( 'NONE',  ( 1.000000000000000000, 0.000000000000000000, 0.000000000000000000 ) ) ;
#7619 = DIRECTION ( 'NONE',  ( 0.000000000000000000, 1.396592535537253342E-14, -1.000000000000000000 ) ) ;
#7620 = ORIENTED_EDGE ( 'NONE', *, *, #7801, .T. ) ;
#7621 = AXIS2_PLACEMENT_3D ( 'NONE', #2917, #8954, #2121 ) ;
#7622 = EDGE_LOOP ( 'NONE', ( #6244, #8011, #3803, #4136, #3672, #7895 ) ) ;
#7623 = AXIS2_PLACEMENT_3D ( 'NONE', #7196, #1812, #4189 ) ;
#7624 = EDGE_CURVE ( 'NONE', #5357, #47, #3102, .T. ) ;
#7625 = AXIS2_PLACEMENT_3D ( 'NONE', #971, #5503, #8550 ) ;
#7626 = ADVANCED_FACE ( 'NONE', ( #4595, #8986 ), #6758, .F. ) ;
#7627 = CARTESIAN_POINT ( 'NONE',  ( 0.000000000000000000, 0.000000000000000000, 53.00000000000000000 ) ) ;
#7628 = CARTESIAN_POINT ( 'NONE',  ( -15.15440910094476124, 19.49940657728525295, 39.70732369280194263 ) ) ;
#7629 = ADVANCED_FACE ( 'NONE', ( #2212 ), #7504, .F. ) ;
#7630 = DIRECTION ( 'NONE',  ( 0.000000000000000000, 1.000000000000000000, 6.982962677686265922E-15 ) ) ;
#7631 = VERTEX_POINT ( 'NONE', #5937 ) ;
#7632 = PLANE ( 'NONE',  #4410 ) ;
#7633 = VERTEX_POINT ( 'NONE', #2954 ) ;
#7634 = EDGE_LOOP ( 'NONE', ( #1611, #7842, #4160, #7376, #1344, #726 ) ) ;
#7635 = DIRECTION ( 'NONE',  ( 1.141265444721583757E-16, -0.000000000000000000, -1.000000000000000000 ) ) ;
#7636 = CARTESIAN_POINT ( 'NONE',  ( 29.05792083075652599, 9.946947166249820782, 24.48804261140644911 ) ) ;
#7637 = ORIENTED_EDGE ( 'NONE', *, *, #2128, .F. ) ;
#7638 = FACE_OUTER_BOUND ( 'NONE', #9109, .T. ) ;
#7639 = CARTESIAN_POINT ( 'NONE',  ( -36.00000000000000000, -201.1999999999999886, 19.00000000000000000 ) ) ;
#7640 = CARTESIAN_POINT ( 'NONE',  ( 0.000000000000000000, 2.792303695598926422E-13, -175.0000000000000284 ) ) ;
#7641 = CARTESIAN_POINT ( 'NONE',  ( 38.00000000000000000, 60.00000000000000000, 8.123104788713556130E-15 ) ) ;
#7642 = CARTESIAN_POINT ( 'NONE',  ( 0.000000000000000000, 5.445829513119706258E-13, -213.0000000000000000 ) ) ;
#7643 = CARTESIAN_POINT ( 'NONE',  ( -46.49956922558553885, 13.77379991454257713, -227.9999999999998863 ) ) ;
#7644 = DIRECTION ( 'NONE',  ( 0.000000000000000000, 1.000000000000000000, 1.396592535537253342E-14 ) ) ;
#7645 = FACE_OUTER_BOUND ( 'NONE', #3700, .T. ) ;
#7646 = ORIENTED_EDGE ( 'NONE', *, *, #5891, .F. ) ;
#7647 = ORIENTED_EDGE ( 'NONE', *, *, #8402, .F. ) ;
#7648 = AXIS2_PLACEMENT_3D ( 'NONE', #3401, #7992, #506 ) ;
#7649 = ORIENTED_EDGE ( 'NONE', *, *, #6531, .F. ) ;
#7650 = CARTESIAN_POINT ( 'NONE',  ( -26.99999999999998579, 44.00000000000080291, -270.9999999999996589 ) ) ;
#7651 = SURFACE_STYLE_FILL_AREA ( #3807 ) ;
#7652 = FACE_OUTER_BOUND ( 'NONE', #3702, .T. ) ;
#7653 = AXIS2_PLACEMENT_3D ( 'NONE', #1467, #3600, #4498 ) ;
#7654 = CARTESIAN_POINT ( 'NONE',  ( 35.37782300511207723, 6.796919414598100673, -9.080507977802337649 ) ) ;
#7655 = CARTESIAN_POINT ( 'NONE',  ( -36.00000000000000000, 1.340640696568205384E-12, -326.9999999999999432 ) ) ;
#7656 = CARTESIAN_POINT ( 'NONE',  ( -35.21097840482691055, 11.52242660349225467, 23.80142751893397346 ) ) ;
#7657 = CARTESIAN_POINT ( 'NONE',  ( -46.49956922558553885, 13.77379991454289865, -273.9999999999998863 ) ) ;
#7658 = EDGE_LOOP ( 'NONE', ( #8910, #5699, #2871, #1097, #2273, #1637, #1188, #5629 ) ) ;
#7659 = VECTOR ( 'NONE', #699, 1000.000000000000000 ) ;
#7660 = AXIS2_PLACEMENT_3D ( 'NONE', #340, #992, #7179 ) ;
#7661 = DIRECTION ( 'NONE',  ( 1.000000000000000000, -1.224646799147353207E-16, -1.710332578358783443E-30 ) ) ;
#7662 = LINE ( 'NONE', #822, #7675 ) ;
#7663 = CIRCLE ( 'NONE', #7829, 80.00000000000000000 ) ;
#7664 = CIRCLE ( 'NONE', #7857, 42.50000000000000711 ) ;
#7665 = LINE ( 'NONE', #824, #2187 ) ;
#7666 = FACE_OUTER_BOUND ( 'NONE', #633, .T. ) ;
#7667 = EDGE_CURVE ( 'NONE', #6298, #4695, #7603, .T. ) ;
#7668 = LINE ( 'NONE', #3975, #8674 ) ;
#7669 = VERTEX_POINT ( 'NONE', #7557 ) ;
#7670 = EDGE_CURVE ( 'NONE', #6876, #7669, #990, .T. ) ;
#7671 = ORIENTED_EDGE ( 'NONE', *, *, #7259, .F. ) ;
#7672 = VECTOR ( 'NONE', #2117, 1000.000000000000000 ) ;
#7673 = ORIENTED_EDGE ( 'NONE', *, *, #4491, .T. ) ;
#7674 = VECTOR ( 'NONE', #4426, 1000.000000000000000 ) ;
#7675 = VECTOR ( 'NONE', #3868, 1000.000000000000000 ) ;
#7676 = CARTESIAN_POINT ( 'NONE',  ( 7.024303749265628838, 48.37870491213082147, 37.34689806603864781 ) ) ;
#7677 = CARTESIAN_POINT ( 'NONE',  ( -35.61183127810988225, 5.447521708497474080, 9.128065913150667399 ) ) ;
#7678 = APPLICATION_PROTOCOL_DEFINITION ( 'draft international standard', 'automotive_design', 1998, #2367 ) ;
#7679 = STYLED_ITEM ( 'NONE', ( #3248 ), #3359 ) ;
#7680 = ADVANCED_FACE ( 'NONE', ( #3707, #2261 ), #1469, .T. ) ;
#7681 = DIRECTION ( 'NONE',  ( -0.000000000000000000, -1.396592535537253342E-14, 1.000000000000000000 ) ) ;
#7682 = EDGE_CURVE ( 'NONE', #3441, #7788, #3810, .T. ) ;
#7683 = EDGE_LOOP ( 'NONE', ( #4053, #1957 ) ) ;
#7684 =( REPRESENTATION_RELATIONSHIP ('NONE','NONE', #4268, #3255 ) REPRESENTATION_RELATIONSHIP_WITH_TRANSFORMATION ( #5670 )SHAPE_REPRESENTATION_RELATIONSHIP( ) );
#7685 = EDGE_CURVE ( 'NONE', #5136, #344, #5128, .T. ) ;
#7686 = CIRCLE ( 'NONE', #9752, 26.99999999999999645 ) ;
#7687 = EDGE_LOOP ( 'NONE', ( #9443, #7744, #2468, #9362, #6422, #7069, #9496, #1910, #610, #3440, #8544, #8564, #5641, #6209, #4183, #8382 ) ) ;
#7688 = ORIENTED_EDGE ( 'NONE', *, *, #9405, .T. ) ;
#7689 = DIRECTION ( 'NONE',  ( 1.000000000000000000, 0.000000000000000000, 0.000000000000000000 ) ) ;
#7690 = CARTESIAN_POINT ( 'NONE',  ( -37.99898143101937364, 20.77404236749104882, -1.836434341383487823 ) ) ;
#7691 = VERTEX_POINT ( 'NONE', #8291 ) ;
#7692 =( LENGTH_UNIT ( ) NAMED_UNIT ( * ) SI_UNIT ( .MILLI., .METRE. ) );
#7693 = CARTESIAN_POINT ( 'NONE',  ( -29.99999999999998579, -44.00000000000000000, -43.00000000000000000 ) ) ;
#7694 = CARTESIAN_POINT ( 'NONE',  ( 0.000000000000000000, 0.000000000000000000, 19.00000000000000000 ) ) ;
#7695 = CARTESIAN_POINT ( 'NONE',  ( 15.81078127986435078, 32.99440335161263249, -39.45023650193829923 ) ) ;
#7696 = CARTESIAN_POINT ( 'NONE',  ( 1.539749897050354256E-14, -43.99999999999814548, -327.0000000000006253 ) ) ;
#7697 = CARTESIAN_POINT ( 'NONE',  ( 5.204748896376250896E-15, 55.19999999999999574, 42.50000000000000711 ) ) ;
#7698 = EDGE_LOOP ( 'NONE', ( #7057, #9452, #2888, #2489 ) ) ;
#7699 = LINE ( 'NONE', #851, #5840 ) ;
#7700 = DIRECTION ( 'NONE',  ( 0.000000000000000000, 1.396592535537253342E-14, -1.000000000000000000 ) ) ;
#7701 = EDGE_CURVE ( 'NONE', #8165, #1289, #1308, .T. ) ;
#7702 = DIRECTION ( 'NONE',  ( 0.000000000000000000, 6.982962677686266711E-15, -1.000000000000000000 ) ) ;
#7703 = EDGE_LOOP ( 'NONE', ( #2627, #6363, #5088, #7578 ) ) ;
#7704 = VERTEX_POINT ( 'NONE', #34 ) ;
#7705 = ORIENTED_EDGE ( 'NONE', *, *, #6517, .T. ) ;
#7706 = CARTESIAN_POINT ( 'NONE',  ( 22.45192382029517830, 25.48204853819219906, -30.65797908702996111 ) ) ;
#7707 =( NAMED_UNIT ( * ) SI_UNIT ( $, .STERADIAN. ) SOLID_ANGLE_UNIT ( ) );
#7708 = CARTESIAN_POINT ( 'NONE',  ( 0.000000000000000000, 0.000000000000000000, 0.000000000000000000 ) ) ;
#7709 = CARTESIAN_POINT ( 'NONE',  ( 64.56989347527211009, -47.23059238027853723, -114.0000000000003553 ) ) ;
#7710 = DIRECTION ( 'NONE',  ( -0.000000000000000000, -0.000000000000000000, -1.000000000000000000 ) ) ;
#7711 = LINE ( 'NONE', #6095, #8093 ) ;
#7712 = DIRECTION ( 'NONE',  ( 0.000000000000000000, -1.000000000000000000, -1.110223024625799620E-14 ) ) ;
#7713 = VERTEX_POINT ( 'NONE', #3059 ) ;
#7714 = VECTOR ( 'NONE', #1915, 1000.000000000000000 ) ;
#7715 = CARTESIAN_POINT ( 'NONE',  ( -27.00000000000000000, 0.000000000000000000, 19.00000000000000000 ) ) ;
#7716 = CARTESIAN_POINT ( 'NONE',  ( 0.000000000000000000, 3.001792575929515181E-13, -178.0000000000000284 ) ) ;
#7717 = CARTESIAN_POINT ( 'NONE',  ( 0.000000000000000000, 0.000000000000000000, -64.00000000000000000 ) ) ;
#7718 = CARTESIAN_POINT ( 'NONE',  ( 0.000000000000000000, -201.1999999999999886, -9.000000000000000000 ) ) ;
#7719 = CARTESIAN_POINT ( 'NONE',  ( 7.999999999999996447, -145.5999999999999659, 5.999999999999999112 ) ) ;
#7720 = ORIENTED_EDGE ( 'NONE', *, *, #8111, .F. ) ;
#7721 = CARTESIAN_POINT ( 'NONE',  ( 0.000000000000000000, 9.705436746508331728E-13, -274.0000000000000000 ) ) ;
#7722 = VERTEX_POINT ( 'NONE', #6092 ) ;
#7723 = AXIS2_PLACEMENT_3D ( 'NONE', #3019, #9208, #876 ) ;
#7724 = VERTEX_POINT ( 'NONE', #2304 ) ;
#7725 = DIRECTION ( 'NONE',  ( 0.000000000000000000, 1.396592535537253342E-14, -1.000000000000000000 ) ) ;
#7726 = ADVANCED_FACE ( 'NONE', ( #2356 ), #7362, .T. ) ;
#7727 = AXIS2_PLACEMENT_3D ( 'NONE', #8490, #7592, #7746 ) ;
#7728 = CARTESIAN_POINT ( 'NONE',  ( 10.60459098999969108, -31.69192769109929841, -9.000000000000000000 ) ) ;
#7729 = CARTESIAN_POINT ( 'NONE',  ( -38.25123110766364931, 7.324355332767233939, 8.999999999999984013 ) ) ;
#7730 = DIRECTION ( 'NONE',  ( 0.000000000000000000, 0.000000000000000000, -1.000000000000000000 ) ) ;
#7731 = ORIENTED_EDGE ( 'NONE', *, *, #6829, .F. ) ;
#7732 = ORIENTED_EDGE ( 'NONE', *, *, #6767, .F. ) ;
#7733 = VERTEX_POINT ( 'NONE', #3657 ) ;
#7734 = LINE ( 'NONE', #8479, #4609 ) ;
#7735 = CARTESIAN_POINT ( 'NONE',  ( -33.93740436489993328, 16.93754104060234766, -17.11580462105619205 ) ) ;
#7736 = ORIENTED_EDGE ( 'NONE', *, *, #6217, .F. ) ;
#7737 = EDGE_CURVE ( 'NONE', #7798, #3452, #4651, .T. ) ;
#7738 = ADVANCED_FACE ( 'NONE', ( #3156, #7809 ), #8652, .T. ) ;
#7739 = ADVANCED_FACE ( 'NONE', ( #274 ), #1796, .F. ) ;
#7740 = CARTESIAN_POINT ( 'NONE',  ( 18.49218940641788578, 60.00000000000000000, -9.000000000000007105 ) ) ;
#7741 = DIRECTION ( 'NONE',  ( 0.000000000000000000, 0.000000000000000000, 1.000000000000000000 ) ) ;
#7742 = DIRECTION ( 'NONE',  ( 1.000000000000000000, -1.224646799147353207E-16, -8.551662891793917213E-31 ) ) ;
#7743 = DIRECTION ( 'NONE',  ( 0.000000000000000000, -6.982962677686266711E-15, 1.000000000000000000 ) ) ;
#7744 = ORIENTED_EDGE ( 'NONE', *, *, #6129, .T. ) ;
#7745 = LINE ( 'NONE', #7643, #2518 ) ;
#7746 = DIRECTION ( 'NONE',  ( 1.000000000000000000, 0.000000000000000000, 0.000000000000000000 ) ) ;
#7747 = ORIENTED_EDGE ( 'NONE', *, *, #6326, .F. ) ;
#7748 = ORIENTED_EDGE ( 'NONE', *, *, #3969, .T. ) ;
#7749 = EDGE_LOOP ( 'NONE', ( #5525, #2557, #3192, #348 ) ) ;
#7750 = DIRECTION ( 'NONE',  ( 0.000000000000000000, 0.000000000000000000, -1.000000000000000000 ) ) ;
#7751 = ORIENTED_EDGE ( 'NONE', *, *, #1967, .F. ) ;
#7752 = EDGE_CURVE ( 'NONE', #5238, #5098, #8005, .T. ) ;
#7753 = CARTESIAN_POINT ( 'NONE',  ( 16.89999999999999858, 2.069653090559026923E-15, 19.00000000000000000 ) ) ;
#7754 =( LENGTH_UNIT ( ) NAMED_UNIT ( * ) SI_UNIT ( .MILLI., .METRE. ) );
#7755 = FACE_OUTER_BOUND ( 'NONE', #4823, .T. ) ;
#7756 = CARTESIAN_POINT ( 'NONE',  ( 27.00000000000001421, 44.00000000000001421, -156.9999999999997158 ) ) ;
#7757 = EDGE_CURVE ( 'NONE', #4932, #7781, #7686, .T. ) ;
#7758 = CYLINDRICAL_SURFACE ( 'NONE', #8251, 26.99999999999999645 ) ;
#7759 = DIRECTION ( 'NONE',  ( 0.000000000000000000, 0.000000000000000000, 1.000000000000000000 ) ) ;
#7760 = DIRECTION ( 'NONE',  ( 1.000000000000000000, 0.000000000000000000, 0.000000000000000000 ) ) ;
#7761 = VERTEX_POINT ( 'NONE', #5394 ) ;
#7762 = VECTOR ( 'NONE', #4627, 1000.000000000000000 ) ;
#7763 = AXIS2_PLACEMENT_3D ( 'NONE', #9500, #418, #470 ) ;
#7764 = CIRCLE ( 'NONE', #4250, 39.00000000000000000 ) ;
#7765 = CARTESIAN_POINT ( 'NONE',  ( 0.000000000000000000, 0.000000000000000000, 15.00000000000000000 ) ) ;
#7766 = PLANE ( 'NONE',  #922 ) ;
#7767 = DIRECTION ( 'NONE',  ( 0.000000000000000000, 6.982962677686266711E-15, -1.000000000000000000 ) ) ;
#7768 = VECTOR ( 'NONE', #9634, 1000.000000000000000 ) ;
#7769 = CARTESIAN_POINT ( 'NONE',  ( -38.89087296526011528, -38.89087296525645598, -456.0000000000005684 ) ) ;
#7770 = ORIENTED_EDGE ( 'NONE', *, *, #4140, .F. ) ;
#7771 = DIRECTION ( 'NONE',  ( 1.000000000000000000, -1.776356839400250859E-15, 0.000000000000000000 ) ) ;
#7772 = DIRECTION ( 'NONE',  ( 1.000000000000000000, 0.000000000000000000, 0.000000000000000000 ) ) ;
#7773 = AXIS2_PLACEMENT_3D ( 'NONE', #424, #8803, #9555 ) ;
#7774 = EDGE_LOOP ( 'NONE', ( #2696, #2861 ) ) ;
#7775 = CIRCLE ( 'NONE', #5364, 42.50000000000001421 ) ;
#7776 = CARTESIAN_POINT ( 'NONE',  ( -38.00000000000000711, -201.1999999999999886, -1.514518439508615673E-14 ) ) ;
#7777 = CARTESIAN_POINT ( 'NONE',  ( -38.43829896936481560, 5.866068028336083984, -8.990188665593610295 ) ) ;
#7778 = CARTESIAN_POINT ( 'NONE',  ( -16.89999999999999858, 27.00000000000000355, 38.99538434225261341 ) ) ;
#7779 = ITEM_DEFINED_TRANSFORMATION ( 'NONE', 'NONE', #8576,  #2024 ) ;
#7780 = CARTESIAN_POINT ( 'NONE',  ( -22.50000000000000355, 0.000000000000000000, -19.00000000000000000 ) ) ;
#7781 = VERTEX_POINT ( 'NONE', #7756 ) ;
#7782 = EDGE_LOOP ( 'NONE', ( #6299, #2920 ) ) ;
#7783 = CIRCLE ( 'NONE', #3956, 38.00000000000000711 ) ;
#7784 = EDGE_LOOP ( 'NONE', ( #4623, #8711, #7751, #4029 ) ) ;
#7785 = DIRECTION ( 'NONE',  ( 0.000000000000000000, 1.000000000000000000, 7.116814260417670090E-15 ) ) ;
#7786 = CARTESIAN_POINT ( 'NONE',  ( -37.83830693742152107, 20.62142837411936824, 3.619072189880276902 ) ) ;
#7787 = AXIS2_PLACEMENT_3D ( 'NONE', #5165, #8207, #2222 ) ;
#7788 = VERTEX_POINT ( 'NONE', #122 ) ;
#7789 = VECTOR ( 'NONE', #8903, 1000.000000000000227 ) ;
#7790 = DIRECTION ( 'NONE',  ( 1.000000000000000000, 0.000000000000000000, 0.000000000000000000 ) ) ;
#7791 = CARTESIAN_POINT ( 'NONE',  ( -14.89999999999999680, 0.000000000000000000, 41.00000000000000000 ) ) ;
#7792 = DIRECTION ( 'NONE',  ( -0.000000000000000000, -1.396592535537253342E-14, 1.000000000000000000 ) ) ;
#7793 = DIRECTION ( 'NONE',  ( 0.000000000000000000, 0.000000000000000000, 1.000000000000000000 ) ) ;
#7794 = ORIENTED_EDGE ( 'NONE', *, *, #7207, .F. ) ;
#7795 =( NAMED_UNIT ( * ) PLANE_ANGLE_UNIT ( ) SI_UNIT ( $, .RADIAN. ) );
#7796 = DIRECTION ( 'NONE',  ( 0.000000000000000000, 1.000000000000000000, 1.396592535537253342E-14 ) ) ;
#7797 = DIRECTION ( 'NONE',  ( -0.000000000000000000, -1.000000000000000000, -0.000000000000000000 ) ) ;
#7798 = VERTEX_POINT ( 'NONE', #3262 ) ;
#7799 = EDGE_CURVE ( 'NONE', #4446, #3887, #3695, .T. ) ;
#7800 = VERTEX_POINT ( 'NONE', #7709 ) ;
#7801 = EDGE_CURVE ( 'NONE', #6678, #7043, #968, .T. ) ;
#7802 = ORIENTED_EDGE ( 'NONE', *, *, #8482, .F. ) ;
#7803 = FILL_AREA_STYLE ('',( #6246 ) ) ;
#7804 = ORIENTED_EDGE ( 'NONE', *, *, #1104, .F. ) ;
#7805 = CIRCLE ( 'NONE', #779, 2.999999999999999112 ) ;
#7806 =( REPRESENTATION_RELATIONSHIP ('NONE','NONE', #4268, #3255 ) REPRESENTATION_RELATIONSHIP_WITH_TRANSFORMATION ( #8672 )SHAPE_REPRESENTATION_RELATIONSHIP( ) );
#7807 = DIRECTION ( 'NONE',  ( 0.000000000000000000, -1.396592535537253342E-14, 1.000000000000000000 ) ) ;
#7808 = DIRECTION ( 'NONE',  ( -1.541976423090495633E-16, -1.000000000000000000, 0.000000000000000000 ) ) ;
#7809 = FACE_OUTER_BOUND ( 'NONE', #299, .T. ) ;
#7810 = FACE_OUTER_BOUND ( 'NONE', #2124, .T. ) ;
#7811 = LINE ( 'NONE', #972, #5380 ) ;
#7812 = DIRECTION ( 'NONE',  ( 1.000000000000000000, 0.000000000000000000, 0.000000000000000000 ) ) ;
#7813 = ADVANCED_FACE ( 'NONE', ( #6194 ), #1151, .T. ) ;
#7814 = AXIS2_PLACEMENT_3D ( 'NONE', #1109, #117, #2001 ) ;
#7815 = ORIENTED_EDGE ( 'NONE', *, *, #4886, .F. ) ;
#7816 = EDGE_CURVE ( 'NONE', #7596, #251, #4969, .T. ) ;
#7817 = EDGE_CURVE ( 'NONE', #128, #9181, #7526, .T. ) ;
#7818 = CARTESIAN_POINT ( 'NONE',  ( 28.61817604250838087, 0.000000000000000000, -25.00000000000000000 ) ) ;
#7819 = DIRECTION ( 'NONE',  ( -0.000000000000000000, 1.000000000000000000, -0.000000000000000000 ) ) ;
#7820 = FACE_OUTER_BOUND ( 'NONE', #7886, .T. ) ;
#7821 = LINE ( 'NONE', #4572, #8864 ) ;
#7822 = CYLINDRICAL_SURFACE ( 'NONE', #6927, 4.999999999999997335 ) ;
#7823 = ORIENTED_EDGE ( 'NONE', *, *, #9134, .T. ) ;
#7824 = VECTOR ( 'NONE', #3932, 1000.000000000000000 ) ;
#7825 = ADVANCED_FACE ( 'NONE', ( #5448 ), #6306, .F. ) ;
#7826 = EDGE_LOOP ( 'NONE', ( #2432, #2728, #6431, #672 ) ) ;
#7827 = PRODUCT_DEFINITION_CONTEXT ( 'detailed design', #7306, 'design' ) ;
#7828 = CARTESIAN_POINT ( 'NONE',  ( -38.00000000000000711, -296.9078889120432336, -1.514518439508615673E-14 ) ) ;
#7829 = AXIS2_PLACEMENT_3D ( 'NONE', #2796, #8879, #6499 ) ;
#7830 = CIRCLE ( 'NONE', #9574, 1.000000000000000000 ) ;
#7831 = LINE ( 'NONE', #1890, #2874 ) ;
#7832 = DIRECTION ( 'NONE',  ( 0.000000000000000000, 1.000000000000000000, 6.167905692361981744E-15 ) ) ;
#7833 =( LENGTH_UNIT ( ) NAMED_UNIT ( * ) SI_UNIT ( .MILLI., .METRE. ) );
#7834 = CONTEXT_DEPENDENT_SHAPE_REPRESENTATION ( #9474, #4535 ) ;
#7835 = CARTESIAN_POINT ( 'NONE',  ( -6.006593970547728922, 42.80624178460398355, -42.07657289468302508 ) ) ;
#7836 = CARTESIAN_POINT ( 'NONE',  ( 0.000000000000000000, 90.00000000000000000, -42.50000000000000711 ) ) ;
#7837 = ORIENTED_EDGE ( 'NONE', *, *, #4919, .T. ) ;
#7838 = ORIENTED_EDGE ( 'NONE', *, *, #2794, .T. ) ;
#7839 = AXIS2_PLACEMENT_3D ( 'NONE', #5093, #7543, #1309 ) ;
#7840 = ORIENTED_EDGE ( 'NONE', *, *, #5739, .F. ) ;
#7841 = CARTESIAN_POINT ( 'NONE',  ( 0.000000000000000000, -38.99999999999945999, -213.0000000000002842 ) ) ;
#7842 = ORIENTED_EDGE ( 'NONE', *, *, #3472, .T. ) ;
#7843 = CIRCLE ( 'NONE', #1139, 80.00000000000000000 ) ;
#7844 = DIRECTION ( 'NONE',  ( -0.000000000000000000, -1.396592535537253342E-14, 1.000000000000000000 ) ) ;
#7845 = CARTESIAN_POINT ( 'NONE',  ( -34.51751045525492145, -54.22455240933854270, -388.0000000000007958 ) ) ;
#7846 = DIRECTION ( 'NONE',  ( 0.000000000000000000, -0.000000000000000000, 1.000000000000000000 ) ) ;
#7847 = TOROIDAL_SURFACE ( 'NONE', #3859, 20.50000000000000355, 3.000000000000000000 ) ;
#7848 = PRODUCT_RELATED_PRODUCT_CATEGORY ( 'part', '', ( #5693 ) ) ;
#7849 = ORIENTED_EDGE ( 'NONE', *, *, #5400, .T. ) ;
#7850 = DIRECTION ( 'NONE',  ( -0.000000000000000000, -0.000000000000000000, 1.000000000000000000 ) ) ;
#7851 = LINE ( 'NONE', #3439, #3071 ) ;
#7852 = ORIENTED_EDGE ( 'NONE', *, *, #2297, .F. ) ;
#7853 = VERTEX_POINT ( 'NONE', #4699 ) ;
#7854 = EDGE_LOOP ( 'NONE', ( #4359, #9087 ) ) ;
#7855 = DIRECTION ( 'NONE',  ( 0.000000000000000000, 1.000000000000000000, 0.000000000000000000 ) ) ;
#7856 = LINE ( 'NONE', #5442, #8262 ) ;
#7857 = AXIS2_PLACEMENT_3D ( 'NONE', #3850, #8929, #1408 ) ;
#7858 = DIRECTION ( 'NONE',  ( 0.000000000000000000, 1.000000000000000000, 1.110223024624947492E-14 ) ) ;
#7859 = CARTESIAN_POINT ( 'NONE',  ( -35.92084013154260447, 2.742645516831170305, -9.186626416936267248 ) ) ;
#7860 = DIRECTION ( 'NONE',  ( 0.2840153447039231449, -0.9588197348681929411, -6.695402423213631826E-15 ) ) ;
#7861 = DIRECTION ( 'NONE',  ( 1.000000000000000000, 0.000000000000000000, 0.000000000000000000 ) ) ;
#7862 = FACE_OUTER_BOUND ( 'NONE', #1000, .T. ) ;
#7863 = CARTESIAN_POINT ( 'NONE',  ( 0.000000000000000000, 27.00000000000000000, -500000.0000000000582 ) ) ;
#7864 = EDGE_LOOP ( 'NONE', ( #9484, #4040, #1676, #4975 ) ) ;
#7865 = EDGE_CURVE ( 'NONE', #7281, #3115, #915, .T. ) ;
#7866 = EDGE_CURVE ( 'NONE', #9378, #289, #6570, .T. ) ;
#7867 = CYLINDRICAL_SURFACE ( 'NONE', #8467, 36.00000000000000000 ) ;
#7868 = ADVANCED_FACE ( 'NONE', ( #180 ), #6254, .F. ) ;
#7869 = CARTESIAN_POINT ( 'NONE',  ( 1.657975655542604885E-14, -145.5999999999999943, 8.000000000000000000 ) ) ;
#7870 = CARTESIAN_POINT ( 'NONE',  ( -20.17068723662552898, 37.07533774686530137, -32.21176879615222788 ) ) ;
#7871 = DIRECTION ( 'NONE',  ( 1.000000000000000000, 0.000000000000000000, 0.000000000000000000 ) ) ;
#7872 = DIRECTION ( 'NONE',  ( 0.000000000000000000, -1.000000000000000000, -1.110223024625157172E-14 ) ) ;
#7873 = ORIENTED_EDGE ( 'NONE', *, *, #5360, .T. ) ;
#7874 = CIRCLE ( 'NONE', #9775, 14.89999999999997549 ) ;
#7875 = ORIENTED_EDGE ( 'NONE', *, *, #7568, .T. ) ;
#7876 = LINE ( 'NONE', #3227, #3550 ) ;
#7877 = EDGE_CURVE ( 'NONE', #6527, #948, #4023, .T. ) ;
#7878 = VECTOR ( 'NONE', #1130, 1000.000000000000000 ) ;
#7879 = LINE ( 'NONE', #7128, #6711 ) ;
#7880 = FACE_OUTER_BOUND ( 'NONE', #476, .T. ) ;
#7881 = ITEM_DEFINED_TRANSFORMATION ( 'NONE', 'NONE', #6357,  #2024 ) ;
#7882 = CARTESIAN_POINT ( 'NONE',  ( -16.53687776098880136, -15.25718433781653438, 19.00000000000000000 ) ) ;
#7883 = CIRCLE ( 'NONE', #5644, 27.00000000000000355 ) ;
#7884 = ADVANCED_FACE ( 'NONE', ( #3546 ), #2083, .F. ) ;
#7885 = DIRECTION ( 'NONE',  ( -0.000000000000000000, 1.000000000000000000, -0.000000000000000000 ) ) ;
#7886 = EDGE_LOOP ( 'NONE', ( #2406, #4787, #9783, #2757 ) ) ;
#7887 = VERTEX_POINT ( 'NONE', #8041 ) ;
#7888 = ORIENTED_EDGE ( 'NONE', *, *, #1387, .F. ) ;
#7889 = AXIS2_PLACEMENT_3D ( 'NONE', #8258, #1388, #5079 ) ;
#7890 = ORIENTED_EDGE ( 'NONE', *, *, #1264, .F. ) ;
#7891 = CIRCLE ( 'NONE', #705, 4.999999999998033573 ) ;
#7892 = DIRECTION ( 'NONE',  ( -0.000000000000000000, -0.000000000000000000, -1.000000000000000000 ) ) ;
#7893 = CYLINDRICAL_SURFACE ( 'NONE', #9034, 39.49999999999999289 ) ;
#7894 = DIRECTION ( 'NONE',  ( 0.9339664922519648194, 2.066016015571715425E-16, -0.3573605900915216571 ) ) ;
#7895 = ORIENTED_EDGE ( 'NONE', *, *, #4492, .F. ) ;
#7896 = CYLINDRICAL_SURFACE ( 'NONE', #1823, 36.00000000000000000 ) ;
#7897 = EDGE_LOOP ( 'NONE', ( #2542, #7899 ) ) ;
#7898 = CIRCLE ( 'NONE', #4858, 3.000000000000002665 ) ;
#7899 = ORIENTED_EDGE ( 'NONE', *, *, #9020, .F. ) ;
#7900 = EDGE_LOOP ( 'NONE', ( #1399, #5268, #1001, #7731 ) ) ;
#7901 = CYLINDRICAL_SURFACE ( 'NONE', #3502, 38.00000000000000711 ) ;
#7902 = DIRECTION ( 'NONE',  ( -0.000000000000000000, -6.982962677686266711E-15, 1.000000000000000000 ) ) ;
#7903 = CARTESIAN_POINT ( 'NONE',  ( -1.537240271829758589E-16, 4.499999999999996447, -38.00000000000000711 ) ) ;
#7904 = VECTOR ( 'NONE', #4141, 1000.000000000000000 ) ;
#7905 = DIRECTION ( 'NONE',  ( 1.000000000000000000, -1.776356839400250465E-15, 0.000000000000000000 ) ) ;
#7906 = FACE_BOUND ( 'NONE', #6679, .T. ) ;
#7907 = CARTESIAN_POINT ( 'NONE',  ( -22.20545528505523691, -170.7303505436726994, 9.285893317973656025 ) ) ;
#7908 = DIRECTION ( 'NONE',  ( 1.000000000000000000, 0.000000000000000000, 0.000000000000000000 ) ) ;
#7909 = CARTESIAN_POINT ( 'NONE',  ( 35.92084013153258581, -198.4573544831870038, 9.186626416931204631 ) ) ;
#7910 = EDGE_LOOP ( 'NONE', ( #1363, #5921 ) ) ;
#7911 = VERTEX_POINT ( 'NONE', #410 ) ;
#7912 = DIRECTION ( 'NONE',  ( -0.000000000000000000, -0.000000000000000000, -1.000000000000000000 ) ) ;
#7913 = DIRECTION ( 'NONE',  ( 0.000000000000000000, -1.000000000000000000, -7.116814260417670090E-15 ) ) ;
#7914 = FACE_BOUND ( 'NONE', #5869, .T. ) ;
#7915 = ORIENTED_EDGE ( 'NONE', *, *, #7556, .T. ) ;
#7916 = ADVANCED_FACE ( 'NONE', ( #559 ), #7351, .T. ) ;
#7917 = CIRCLE ( 'NONE', #9506, 3.000000000000002665 ) ;
#7918 = ADVANCED_FACE ( 'NONE', ( #7401 ), #3449, .F. ) ;
#7919 = VERTEX_POINT ( 'NONE', #3594 ) ;
#7920 = DIRECTION ( 'NONE',  ( -0.000000000000000000, 1.000000000000000000, -0.000000000000000000 ) ) ;
#7921 = VECTOR ( 'NONE', #9332, 1000.000000000000000 ) ;
#7922 = CARTESIAN_POINT ( 'NONE',  ( 38.89087296526011528, -38.89087296525645598, -456.0000000000005684 ) ) ;
#7923 = DIRECTION ( 'NONE',  ( 1.224646799147349509E-16, 1.000000000000000000, 0.000000000000000000 ) ) ;
#7924 = PRODUCT_DEFINITION_FORMATION_WITH_SPECIFIED_SOURCE ( 'ANY', '', #6416, .NOT_KNOWN. ) ;
#7925 = PLANE ( 'NONE',  #6353 ) ;
#7926 = CARTESIAN_POINT ( 'NONE',  ( -38.00000000000000000, -95.70788891204318816, -9.000000000000012434 ) ) ;
#7927 = EDGE_LOOP ( 'NONE', ( #465, #5011, #9334, #6703 ) ) ;
#7928 = AXIS2_PLACEMENT_3D ( 'NONE', #5062, #2713, #9605 ) ;
#7929 = EDGE_LOOP ( 'NONE', ( #6702, #2596, #6799, #4249, #5980, #2094, #5168, #8676, #5476 ) ) ;
#7930 = EDGE_CURVE ( 'NONE', #55, #4524, #1613, .T. ) ;
#7931 = VERTEX_POINT ( 'NONE', #6647 ) ;
#7932 = EDGE_CURVE ( 'NONE', #147, #7449, #1784, .T. ) ;
#7933 = MECHANICAL_DESIGN_GEOMETRIC_PRESENTATION_REPRESENTATION (  '', ( #9674 ), #3941 ) ;
#7934 = CIRCLE ( 'NONE', #9675, 29.99999999999999289 ) ;
#7935 = ORIENTED_EDGE ( 'NONE', *, *, #2661, .T. ) ;
#7936 = EDGE_CURVE ( 'NONE', #4688, #3524, #3036, .T. ) ;
#7937 = AXIS2_PLACEMENT_3D ( 'NONE', #6327, #1696, #7630 ) ;
#7938 = DIRECTION ( 'NONE',  ( 0.000000000000000000, -0.000000000000000000, 1.000000000000000000 ) ) ;
#7939 = CARTESIAN_POINT ( 'NONE',  ( 22.50000000000001421, 26.23664794342627005, 30.62270399556519607 ) ) ;
#7940 = CARTESIAN_POINT ( 'NONE',  ( 191.5194180755570699, 0.000000000000000000, -25.00000000000000000 ) ) ;
#7941 = CARTESIAN_POINT ( 'NONE',  ( 1.100638880068675745E-11, 44.00000000000010658, 433.0000000000000000 ) ) ;
#7942 = PRESENTATION_LAYER_ASSIGNMENT (  '', '', ( #136 ) ) ;
#7943 = VECTOR ( 'NONE', #7506, 1000.000000000000000 ) ;
#7944 = VERTEX_POINT ( 'NONE', #5650 ) ;
#7945 =( LENGTH_UNIT ( ) NAMED_UNIT ( * ) SI_UNIT ( .MILLI., .METRE. ) );
#7946 = CARTESIAN_POINT ( 'NONE',  ( 0.000000000000000000, 0.000000000000000000, 19.00000000000000000 ) ) ;
#7947 = EDGE_LOOP ( 'NONE', ( #9167, #5494, #6467, #4449, #5791, #5075, #5807, #9816 ) ) ;
#7948 = ORIENTED_EDGE ( 'NONE', *, *, #7497, .T. ) ;
#7949 = FACE_OUTER_BOUND ( 'NONE', #7947, .T. ) ;
#7950 = DIRECTION ( 'NONE',  ( 0.000000000000000000, -6.982962677686266711E-15, 1.000000000000000000 ) ) ;
#7951 = VECTOR ( 'NONE', #7710, 1000.000000000000000 ) ;
#7952 = CARTESIAN_POINT ( 'NONE',  ( -38.68759559582435514, 2.941038293923116331, 8.974564642706440054 ) ) ;
#7953 = DIRECTION ( 'NONE',  ( 0.000000000000000000, 1.000000000000000000, 0.000000000000000000 ) ) ;
#7954 = DIRECTION ( 'NONE',  ( 0.000000000000000000, -1.000000000000000000, -1.396592535537253184E-14 ) ) ;
#7955 = DIRECTION ( 'NONE',  ( 0.000000000000000000, -1.000000000000000000, -1.387778780781445676E-14 ) ) ;
#7956 = ORIENTED_EDGE ( 'NONE', *, *, #3095, .F. ) ;
#7957 = EDGE_LOOP ( 'NONE', ( #4184, #3824, #1046, #3347 ) ) ;
#7958 = CARTESIAN_POINT ( 'NONE',  ( -37.49999999999997868, 15.41602615938552567, -20.00000000000006750 ) ) ;
#7959 = DIRECTION ( 'NONE',  ( 0.000000000000000000, -6.982962677686266711E-15, 1.000000000000000000 ) ) ;
#7960 = CARTESIAN_POINT ( 'NONE',  ( 2.785785025452164110, 10.32183120167011481, -42.41215669789988141 ) ) ;
#7961 = DIRECTION ( 'NONE',  ( 0.000000000000000000, 1.396592535537253342E-14, -1.000000000000000000 ) ) ;
#7962 = CARTESIAN_POINT ( 'NONE',  ( 0.000000000000000000, 39.00000000000344613, -440.9999999999994316 ) ) ;
#7963 = EDGE_LOOP ( 'NONE', ( #754, #9073, #1092, #2309 ) ) ;
#7964 = ORIENTED_EDGE ( 'NONE', *, *, #4822, .F. ) ;
#7965 = CARTESIAN_POINT ( 'NONE',  ( 22.50000000000000355, 27.00000000000000355, 500000.0000000000582 ) ) ;
#7966 = CARTESIAN_POINT ( 'NONE',  ( 4.807381863935388911E-15, 4.499999999999996447, 38.00000000000000711 ) ) ;
#7967 = DIRECTION ( 'NONE',  ( -0.000000000000000000, 0.000000000000000000, 1.000000000000000000 ) ) ;
#7968 = AXIS2_PLACEMENT_3D ( 'NONE', #6020, #9165, #9776 ) ;
#7969 = EDGE_CURVE ( 'NONE', #6868, #8193, #7830, .T. ) ;
#7970 = CARTESIAN_POINT ( 'NONE',  ( -16.89999999999999503, 28.11613443919700828, -38.99538434225260630 ) ) ;
#7971 = DIRECTION ( 'NONE',  ( 0.000000000000000000, -1.000000000000000000, -1.439177994884462065E-14 ) ) ;
#7972 = ORIENTED_EDGE ( 'NONE', *, *, #2445, .F. ) ;
#7973 = ORIENTED_EDGE ( 'NONE', *, *, #2431, .F. ) ;
#7974 = EDGE_LOOP ( 'NONE', ( #1138, #5426, #206, #5319, #9278, #4396 ) ) ;
#7975 = ORIENTED_EDGE ( 'NONE', *, *, #129, .F. ) ;
#7976 = MECHANICAL_DESIGN_GEOMETRIC_PRESENTATION_REPRESENTATION (  '', ( #4793 ), #6872 ) ;
#7977 = EDGE_CURVE ( 'NONE', #3125, #4920, #2020, .T. ) ;
#7978 = EDGE_CURVE ( 'NONE', #1126, #5579, #9089, .T. ) ;
#7979 = CARTESIAN_POINT ( 'NONE',  ( -34.51751045525492145, -54.22455240934124987, 15.00000000000000000 ) ) ;
#7980 = CARTESIAN_POINT ( 'NONE',  ( 13.75997936937523036, 9.183154063274145074, 35.42638025516230726 ) ) ;
#7981 = DIRECTION ( 'NONE',  ( -0.000000000000000000, -1.000000000000000000, -0.000000000000000000 ) ) ;
#7982 = EDGE_CURVE ( 'NONE', #1414, #5390, #999, .T. ) ;
#7983 = DIRECTION ( 'NONE',  ( 0.9361257177916204597, -3.696873082969834013E-16, -0.3516655236003712881 ) ) ;
#7984 = CARTESIAN_POINT ( 'NONE',  ( 7.999999999999996447, -145.5999999999999659, 8.000000000000000000 ) ) ;
#7985 = DIRECTION ( 'NONE',  ( 0.000000000000000000, 1.000000000000000000, 0.000000000000000000 ) ) ;
#7986 = AXIS2_PLACEMENT_3D ( 'NONE', #8913, #9621, #8170 ) ;
#7987 = VECTOR ( 'NONE', #5901, 1000.000000000000000 ) ;
#7988 = CARTESIAN_POINT ( 'NONE',  ( 0.000000000000000000, -201.1999999999999886, 12.00000000000000000 ) ) ;
#7989 = ORIENTED_EDGE ( 'NONE', *, *, #3951, .F. ) ;
#7990 = EDGE_LOOP ( 'NONE', ( #7056, #3198, #1581, #9265, #1975 ) ) ;
#7991 = DIRECTION ( 'NONE',  ( 0.000000000000000000, 1.000000000000000000, 1.396592535537253184E-14 ) ) ;
#7992 = DIRECTION ( 'NONE',  ( 1.541976423090496126E-16, 1.000000000000000000, 0.000000000000000000 ) ) ;
#7993 = CIRCLE ( 'NONE', #6877, 22.50000000000000000 ) ;
#7994 = CIRCLE ( 'NONE', #4963, 36.00000000000000000 ) ;
#7995 = CARTESIAN_POINT ( 'NONE',  ( 5.204748896376250896E-15, 90.00000000000000000, 42.50000000000000711 ) ) ;
#7996 = CARTESIAN_POINT ( 'NONE',  ( 0.000000000000000000, -35.99999999999947420, -210.0000000000002558 ) ) ;
#7997 = CARTESIAN_POINT ( 'NONE',  ( 1.907143936794560016E-14, 73.99999999999984368, -113.9999999999995026 ) ) ;
#7998 = ADVANCED_FACE ( 'NONE', ( #1964 ), #339, .F. ) ;
#7999 = DIRECTION ( 'NONE',  ( 0.000000000000000000, 1.000000000000000000, 6.982962677686266711E-15 ) ) ;
#8000 = CARTESIAN_POINT ( 'NONE',  ( 1.539749897050354256E-14, 44.00000000000063949, -227.9999999999996874 ) ) ;
#8001 = ORIENTED_EDGE ( 'NONE', *, *, #925, .T. ) ;
#8002 = ADVANCED_FACE ( 'NONE', ( #463 ), #5827, .T. ) ;
#8003 =( REPRESENTATION_RELATIONSHIP ('NONE','NONE', #4268, #3188 ) REPRESENTATION_RELATIONSHIP_WITH_TRANSFORMATION ( #3332 )SHAPE_REPRESENTATION_RELATIONSHIP( ) );
#8004 = ORIENTED_EDGE ( 'NONE', *, *, #478, .T. ) ;
#8005 = CIRCLE ( 'NONE', #3055, 3.000000000000002665 ) ;
#8006 = CARTESIAN_POINT ( 'NONE',  ( 2.219883768990964512, 43.79110015246748588, 42.45632920409395439 ) ) ;
#8007 = DIRECTION ( 'NONE',  ( 0.000000000000000000, 0.000000000000000000, 1.000000000000000000 ) ) ;
#8008 = CARTESIAN_POINT ( 'NONE',  ( 1.539749897050354256E-14, -43.99999999999789679, -345.0000000000006253 ) ) ;
#8009 = CARTESIAN_POINT ( 'NONE',  ( 0.000000000000000000, 0.000000000000000000, 11.99999999999999289 ) ) ;
#8010 = ORIENTED_EDGE ( 'NONE', *, *, #1209, .T. ) ;
#8011 = ORIENTED_EDGE ( 'NONE', *, *, #8088, .T. ) ;
#8012 = CARTESIAN_POINT ( 'NONE',  ( 1.539749897050354256E-14, 43.99999999999987210, -116.9999999999997158 ) ) ;
#8013 = CARTESIAN_POINT ( 'NONE',  ( -64.56989347527211009, 47.23059238028108808, -387.9999999999993179 ) ) ;
#8014 = DIRECTION ( 'NONE',  ( 1.000000000000000000, -1.776356839400249479E-15, 0.000000000000000000 ) ) ;
#8015 = VECTOR ( 'NONE', #7797, 1000.000000000000000 ) ;
#8016 = LINE ( 'NONE', #7232, #6173 ) ;
#8017 = DIRECTION ( 'NONE',  ( 0.000000000000000000, -0.000000000000000000, -1.000000000000000000 ) ) ;
#8018 = EDGE_LOOP ( 'NONE', ( #4908, #7093, #1699, #5378 ) ) ;
#8019 = ORIENTED_EDGE ( 'NONE', *, *, #7395, .T. ) ;
#8020 = ORIENTED_EDGE ( 'NONE', *, *, #5172, .F. ) ;
#8021 = EDGE_CURVE ( 'NONE', #9567, #8297, #2006, .T. ) ;
#8022 = VECTOR ( 'NONE', #1932, 1000.000000000000000 ) ;
#8023 = DIRECTION ( 'NONE',  ( 0.000000000000000000, -6.982962677686266711E-15, 1.000000000000000000 ) ) ;
#8024 = CARTESIAN_POINT ( 'NONE',  ( -28.61817604250837377, 6.755772121541173014, -25.00000000000000000 ) ) ;
#8025 = DIRECTION ( 'NONE',  ( -0.000000000000000000, 1.000000000000000000, 0.000000000000000000 ) ) ;
#8026 = CARTESIAN_POINT ( 'NONE',  ( 7.928423237504275003E-14, 273.3999999999986130, 90.99999999999667466 ) ) ;
#8027 = EDGE_LOOP ( 'NONE', ( #4447, #2820, #9056, #8282 ) ) ;
#8028 = CARTESIAN_POINT ( 'NONE',  ( -21.27041318281596816, 19.62600003662390336, -31.49033543366045507 ) ) ;
#8029 = DIRECTION ( 'NONE',  ( 0.000000000000000000, -1.000000000000000000, 0.000000000000000000 ) ) ;
#8030 = ORIENTED_EDGE ( 'NONE', *, *, #2515, .T. ) ;
#8031 = EDGE_LOOP ( 'NONE', ( #7292, #6086, #931, #303 ) ) ;
#8032 = ADVANCED_FACE ( 'NONE', ( #5042 ), #8621, .F. ) ;
#8033 = CARTESIAN_POINT ( 'NONE',  ( 64.56989347527211009, 47.23059238028024964, -326.9999999999993747 ) ) ;
#8034 = CIRCLE ( 'NONE', #3263, 39.00000000000000000 ) ;
#8035 = ADVANCED_FACE ( 'NONE', ( #8086 ), #1311, .T. ) ;
#8036 = CARTESIAN_POINT ( 'NONE',  ( 0.000000000000000000, 90.00000000000000000, -42.50000000000000711 ) ) ;
#8037 = EDGE_CURVE ( 'NONE', #6271, #6442, #9599, .T. ) ;
#8038 = PLANE ( 'NONE',  #6748 ) ;
#8039 = DIRECTION ( 'NONE',  ( 0.000000000000000000, 1.000000000000000000, 0.000000000000000000 ) ) ;
#8040 = CARTESIAN_POINT ( 'NONE',  ( 24.73913988196212088, 57.80868809443030898, -9.000000000000005329 ) ) ;
#8041 = CARTESIAN_POINT ( 'NONE',  ( -34.36931771216880094, 6.755772121541200548, 25.00000000000000000 ) ) ;
#8042 = CARTESIAN_POINT ( 'NONE',  ( -38.25528128762176294, 16.23364213698987513, 18.58384758570923267 ) ) ;
#8043 = PRODUCT_DEFINITION_SHAPE ( 'NONE', 'NONE',  #9849 ) ;
#8044 = ORIENTED_EDGE ( 'NONE', *, *, #7431, .T. ) ;
#8045 = ORIENTED_EDGE ( 'NONE', *, *, #2191, .T. ) ;
#8046 = EDGE_CURVE ( 'NONE', #3633, #6582, #7664, .T. ) ;
#8047 = EDGE_CURVE ( 'NONE', #1431, #2029, #4164, .T. ) ;
#8048 = EDGE_CURVE ( 'NONE', #7704, #5357, #4312, .T. ) ;
#8049 = CARTESIAN_POINT ( 'NONE',  ( 42.47011356942472560, 20.74325979436792622, -1.834265006574582690 ) ) ;
#8050 = DIRECTION ( 'NONE',  ( 0.000000000000000000, 0.000000000000000000, 1.000000000000000000 ) ) ;
#8051 = CYLINDRICAL_SURFACE ( 'NONE', #4910, 0.9999999999999991118 ) ;
#8052 = CARTESIAN_POINT ( 'NONE',  ( -10.12696549357844589, 47.14638724246007939, -36.65241716136500116 ) ) ;
#8053 = CYLINDRICAL_SURFACE ( 'NONE', #2972, 39.50000000000000000 ) ;
#8054 = ORIENTED_EDGE ( 'NONE', *, *, #3024, .T. ) ;
#8055 = CARTESIAN_POINT ( 'NONE',  ( -38.00000000000000711, -171.1999999999999886, -1.514518439508615673E-14 ) ) ;
#8056 = DIRECTION ( 'NONE',  ( -0.05233595624294396648, 0.9986295347545739443, 0.000000000000000000 ) ) ;
#8057 = CARTESIAN_POINT ( 'NONE',  ( 35.07692307692307310, 8.099967126823496955, 11.99999999999999645 ) ) ;
#8058 = CARTESIAN_POINT ( 'NONE',  ( -15.99863399823213683, 32.47390396754373398, -39.37416267245745161 ) ) ;
#8059 = CIRCLE ( 'NONE', #8852, 39.50000000000000000 ) ;
#8060 = CARTESIAN_POINT ( 'NONE',  ( 0.000000000000000000, 2.960776175338977691E-12, -406.0000000000000000 ) ) ;
#8061 = ORIENTED_EDGE ( 'NONE', *, *, #7098, .F. ) ;
#8062 = ORIENTED_EDGE ( 'NONE', *, *, #129, .T. ) ;
#8063 = VERTEX_POINT ( 'NONE', #4444 ) ;
#8064 = VERTEX_POINT ( 'NONE', #6794 ) ;
#8065 = VECTOR ( 'NONE', #8134, 1000.000000000000000 ) ;
#8066 = CARTESIAN_POINT ( 'NONE',  ( 11.56062067689209449, 14.66065522461311588, 40.89943272519926154 ) ) ;
#8067 = CYLINDRICAL_SURFACE ( 'NONE', #2247, 80.00000000000000000 ) ;
#8068 = CYLINDRICAL_SURFACE ( 'NONE', #5363, 36.00000000000000000 ) ;
#8069 = CIRCLE ( 'NONE', #9354, 26.99999999999999645 ) ;
#8070 = CARTESIAN_POINT ( 'NONE',  ( -6.714915866812496102E-15, 157.1999999999981128, 205.0000000000000000 ) ) ;
#8071 = ORIENTED_EDGE ( 'NONE', *, *, #4816, .T. ) ;
#8072 = CARTESIAN_POINT ( 'NONE',  ( 5.204748896376251685E-15, 0.000000000000000000, 42.50000000000001421 ) ) ;
#8073 = DIRECTION ( 'NONE',  ( -0.000000000000000000, -1.396592535537253342E-14, 1.000000000000000000 ) ) ;
#8074 = ORIENTED_EDGE ( 'NONE', *, *, #7033, .T. ) ;
#8075 = MECHANICAL_DESIGN_GEOMETRIC_PRESENTATION_REPRESENTATION (  '', ( #1226 ), #6159 ) ;
#8076 = CIRCLE ( 'NONE', #9204, 39.00000000000000000 ) ;
#8077 = ORIENTED_EDGE ( 'NONE', *, *, #4563, .T. ) ;
#8078 = CARTESIAN_POINT ( 'NONE',  ( 38.00000000000000711, -201.1999999999999886, 4.500000000000005329 ) ) ;
#8079 = DIRECTION ( 'NONE',  ( -0.000000000000000000, -1.000000000000000000, -0.000000000000000000 ) ) ;
#8080 = CIRCLE ( 'NONE', #4905, 38.00000000000000711 ) ;
#8081 = CARTESIAN_POINT ( 'NONE',  ( 8.817456953860941711E-15, 72.00000000000365219, -455.9999999999990337 ) ) ;
#8082 = COLOUR_RGB ( '',0.7921568627450980005, 0.8196078431372548767, 0.9333333333333333481 ) ;
#8083 = AXIS2_PLACEMENT_3D ( 'NONE', #4946, #8786, #2095 ) ;
#8084 = DIRECTION ( 'NONE',  ( -0.000000000000000000, -1.396592535537253342E-14, 1.000000000000000000 ) ) ;
#8085 = LINE ( 'NONE', #6405, #2331 ) ;
#8086 = FACE_OUTER_BOUND ( 'NONE', #4483, .T. ) ;
#8087 = ADVANCED_FACE ( 'NONE', ( #2944 ), #2101, .T. ) ;
#8088 = EDGE_CURVE ( 'NONE', #4524, #7185, #6420, .T. ) ;
#8089 = CARTESIAN_POINT ( 'NONE',  ( -39.26646291270543543, 17.32113956773165242, -16.28229584021926613 ) ) ;
#8090 = ORIENTED_EDGE ( 'NONE', *, *, #5228, .T. ) ;
#8091 = ORIENTED_EDGE ( 'NONE', *, *, #4613, .T. ) ;
#8092 = AXIS2_PLACEMENT_3D ( 'NONE', #3682, #2738, #9623 ) ;
#8093 = VECTOR ( 'NONE', #3812, 1000.000000000000114 ) ;
#8094 = AXIS2_PLACEMENT_3D ( 'NONE', #4069, #8661, #282 ) ;
#8095 = CARTESIAN_POINT ( 'NONE',  ( 42.20738534279623622, 20.46397333320032175, -4.998731892602346960 ) ) ;
#8096 = DIRECTION ( 'NONE',  ( -0.000000000000000000, 0.000000000000000000, 1.000000000000000000 ) ) ;
#8097 = CARTESIAN_POINT ( 'NONE',  ( 1.539749897050354256E-14, 71.00000000000095213, -270.9999999999995453 ) ) ;
#8098 = EDGE_CURVE ( 'NONE', #2602, #3236, #7492, .T. ) ;
#8099 = DIRECTION ( 'NONE',  ( 1.000000000000000000, -1.224646799147353207E-16, -1.710332578358783443E-30 ) ) ;
#8100 = ADVANCED_FACE ( 'NONE', ( #2199 ), #2572, .F. ) ;
#8101 = AXIS2_PLACEMENT_3D ( 'NONE', #325, #7258, #1825 ) ;
#8102 = EDGE_CURVE ( 'NONE', #7633, #3399, #5616, .T. ) ;
#8103 = CARTESIAN_POINT ( 'NONE',  ( 4.428346013272615345, 10.65229672763770630, -42.28293139657795052 ) ) ;
#8104 = CYLINDRICAL_SURFACE ( 'NONE', #9539, 80.00000000000000000 ) ;
#8105 = CARTESIAN_POINT ( 'NONE',  ( 34.51751045525493566, -54.22455240934123566, -61.00000000000000000 ) ) ;
#8106 = ORIENTED_EDGE ( 'NONE', *, *, #2202, .T. ) ;
#8107 = VECTOR ( 'NONE', #5267, 1000.000000000000000 ) ;
#8108 = CARTESIAN_POINT ( 'NONE',  ( 38.89087296526012238, 38.89087296526377457, -455.9999999999994884 ) ) ;
#8109 = DIRECTION ( 'NONE',  ( -1.000000000000000000, 0.000000000000000000, 0.000000000000000000 ) ) ;
#8110 = DIRECTION ( 'NONE',  ( -0.000000000000000000, 0.000000000000000000, 1.000000000000000000 ) ) ;
#8111 = EDGE_CURVE ( 'NONE', #4432, #3501, #808, .T. ) ;
#8112 = DIRECTION ( 'NONE',  ( 0.000000000000000000, 0.000000000000000000, 1.000000000000000000 ) ) ;
#8113 = CARTESIAN_POINT ( 'NONE',  ( 36.00586460578345793, 13.29063381526359144, -22.58157404334720653 ) ) ;
#8114 = ORIENTED_EDGE ( 'NONE', *, *, #9267, .F. ) ;
#8115 = EDGE_LOOP ( 'NONE', ( #5664, #4039, #3988, #7282 ) ) ;
#8116 = ORIENTED_EDGE ( 'NONE', *, *, #434, .T. ) ;
#8117 = CIRCLE ( 'NONE', #4293, 4.499999999999998224 ) ;
#8118 = ORIENTED_EDGE ( 'NONE', *, *, #3409, .T. ) ;
#8119 = PRODUCT_DEFINITION_SHAPE ( 'NONE', 'NONE',  #9842 ) ;
#8120 = CARTESIAN_POINT ( 'NONE',  ( -6.735557395310464703E-15, -54.99999999999634070, -456.0000000000007958 ) ) ;
#8121 = CARTESIAN_POINT ( 'NONE',  ( 36.00000000000000000, 4.408728476930470856E-15, 53.00000000000000000 ) ) ;
#8122 =( NAMED_UNIT ( * ) SI_UNIT ( $, .STERADIAN. ) SOLID_ANGLE_UNIT ( ) );
#8123 = PRODUCT_CONTEXT ( 'NONE', #4232, 'mechanical' ) ;
#8124 = EDGE_LOOP ( 'NONE', ( #6569, #5266, #1598, #4237, #6962, #6580 ) ) ;
#8125 = CARTESIAN_POINT ( 'NONE',  ( -7.361312762027218071, 5.725151525055794721, -37.28721686582181150 ) ) ;
#8126 = CARTESIAN_POINT ( 'NONE',  ( -6.999999999999989342, -55.60000000000000853, -5.999999999999999112 ) ) ;
#8127 = VERTEX_POINT ( 'NONE', #8186 ) ;
#8128 = CIRCLE ( 'NONE', #1775, 27.00000000000000000 ) ;
#8129 = ORIENTED_EDGE ( 'NONE', *, *, #427, .F. ) ;
#8130 = LINE ( 'NONE', #4342, #1404 ) ;
#8131 = CARTESIAN_POINT ( 'NONE',  ( -16.95757667148818015, -152.9141158547617465, 9.000000000000000000 ) ) ;
#8132 = LINE ( 'NONE', #8081, #8327 ) ;
#8133 = DIRECTION ( 'NONE',  ( 0.000000000000000000, 0.000000000000000000, -1.000000000000000000 ) ) ;
#8134 = DIRECTION ( 'NONE',  ( -0.000000000000000000, -0.000000000000000000, 1.000000000000000000 ) ) ;
#8135 = MECHANICAL_DESIGN_GEOMETRIC_PRESENTATION_REPRESENTATION (  '', ( #5110 ), #2398 ) ;
#8136 = AXIS2_PLACEMENT_3D ( 'NONE', #4998, #1164, #7954 ) ;
#8137 = DIRECTION ( 'NONE',  ( 0.000000000000000000, 1.000000000000000000, 1.396592535537253184E-14 ) ) ;
#8138 = CARTESIAN_POINT ( 'NONE',  ( 1.888774234807349744E-14, -70.99999999999734257, -385.0000000000010232 ) ) ;
#8139 = EDGE_LOOP ( 'NONE', ( #7354, #531, #8315, #9238 ) ) ;
#8140 = ORIENTED_EDGE ( 'NONE', *, *, #720, .T. ) ;
#8141 = VECTOR ( 'NONE', #9138, 1000.000000000000000 ) ;
#8142 = AXIS2_PLACEMENT_3D ( 'NONE', #9330, #6996, #8374 ) ;
#8143 = AXIS2_PLACEMENT_3D ( 'NONE', #8558, #1735, #4814 ) ;
#8144 = UNCERTAINTY_MEASURE_WITH_UNIT (LENGTH_MEASURE( 1.000000000000000082E-05 ), #7576, 'distance_accuracy_value', 'NONE');
#8145 = CARTESIAN_POINT ( 'NONE',  ( 40.19332265333129328, 18.31580235979162907, 13.91473622094123641 ) ) ;
#8146 = DIRECTION ( 'NONE',  ( -0.000000000000000000, -0.000000000000000000, -1.000000000000000000 ) ) ;
#8147 = AXIS2_PLACEMENT_3D ( 'NONE', #9438, #7198, #2603 ) ;
#8148 = CARTESIAN_POINT ( 'NONE',  ( 1.907143936794560016E-14, 73.99999999999987210, -116.9999999999995026 ) ) ;
#8149 = DIRECTION ( 'NONE',  ( 1.000000000000000000, 0.000000000000000000, 0.000000000000000000 ) ) ;
#8150 = AXIS2_PLACEMENT_3D ( 'NONE', #5153, #4130, #3602 ) ;
#8151 = CARTESIAN_POINT ( 'NONE',  ( -18.49218940641787512, 49.99999999999999289, -1.514518439508615042E-14 ) ) ;
#8152 = DIRECTION ( 'NONE',  ( 0.000000000000000000, 1.000000000000000000, 1.423362852083534018E-14 ) ) ;
#8153 = EDGE_LOOP ( 'NONE', ( #8667, #1313, #6926, #9341 ) ) ;
#8154 = EDGE_CURVE ( 'NONE', #3039, #9, #2290, .T. ) ;
#8155 = EDGE_CURVE ( 'NONE', #8590, #4521, #654, .T. ) ;
#8156 = ADVANCED_FACE ( 'NONE', ( #5192 ), #1456, .T. ) ;
#8157 = AXIS2_PLACEMENT_3D ( 'NONE', #6501, #4204, #2052 ) ;
#8158 = CARTESIAN_POINT ( 'NONE',  ( 191.5194180755570699, 0.000000000000000000, -25.00000000000000000 ) ) ;
#8159 = CARTESIAN_POINT ( 'NONE',  ( 0.000000000000000000, 0.000000000000000000, 19.00000000000000000 ) ) ;
#8160 = LINE ( 'NONE', #6573, #1930 ) ;
#8161 = CARTESIAN_POINT ( 'NONE',  ( -38.75000000000000000, -201.1999999999999886, 8.968695557326034518 ) ) ;
#8162 = DIRECTION ( 'NONE',  ( -0.000000000000000000, -0.000000000000000000, -1.000000000000000000 ) ) ;
#8163 = ORIENTED_EDGE ( 'NONE', *, *, #3095, .T. ) ;
#8164 = ORIENTED_EDGE ( 'NONE', *, *, #582, .T. ) ;
#8165 = VERTEX_POINT ( 'NONE', #3798 ) ;
#8166 = DIRECTION ( 'NONE',  ( -8.881784197001254296E-16, 1.000000000000000000, 6.167905692361981744E-15 ) ) ;
#8167 = ORIENTED_EDGE ( 'NONE', *, *, #2918, .F. ) ;
#8168 = ADVANCED_FACE ( 'NONE', ( #6853 ), #5878, .T. ) ;
#8169 = CARTESIAN_POINT ( 'NONE',  ( 1.907143936794560016E-14, 14.00000000000015099, -156.9999999999999432 ) ) ;
#8170 = DIRECTION ( 'NONE',  ( -1.000000000000000000, 0.000000000000000000, 0.000000000000000000 ) ) ;
#8171 = EDGE_CURVE ( 'NONE', #1896, #8615, #2146, .T. ) ;
#8172 = LINE ( 'NONE', #8863, #1078 ) ;
#8173 =( NAMED_UNIT ( * ) SI_UNIT ( $, .STERADIAN. ) SOLID_ANGLE_UNIT ( ) );
#8174 = ORIENTED_EDGE ( 'NONE', *, *, #6848, .F. ) ;
#8175 = PLANE ( 'NONE',  #5124 ) ;
#8176 = DIRECTION ( 'NONE',  ( -1.000000000000000000, -0.000000000000000000, -1.141265444721583757E-16 ) ) ;
#8177 = VERTEX_POINT ( 'NONE', #9126 ) ;
#8178 = ORIENTED_EDGE ( 'NONE', *, *, #7737, .F. ) ;
#8179 = CIRCLE ( 'NONE', #6098, 27.00000000000000000 ) ;
#8180 = CARTESIAN_POINT ( 'NONE',  ( 4.653657836759942730E-15, 85.00000000000000000, 38.00000000000000711 ) ) ;
#8181 = FACE_OUTER_BOUND ( 'NONE', #7826, .T. ) ;
#8182 = CARTESIAN_POINT ( 'NONE',  ( -37.30624711280324846, 15.20628250642434054, -20.36328666349394112 ) ) ;
#8183 =( LENGTH_UNIT ( ) NAMED_UNIT ( * ) SI_UNIT ( .MILLI., .METRE. ) );
#8184 = FACE_OUTER_BOUND ( 'NONE', #7187, .T. ) ;
#8185 = CARTESIAN_POINT ( 'NONE',  ( -36.00000000000000000, 4.408728476928726684E-15, -96.00000000000002842 ) ) ;
#8186 = CARTESIAN_POINT ( 'NONE',  ( 22.50000000000000355, 27.00000000000000355, 30.62270399556512857 ) ) ;
#8187 = LINE ( 'NONE', #1359, #433 ) ;
#8188 = AXIS2_PLACEMENT_3D ( 'NONE', #1895, #8625, #3477 ) ;
#8189 = ORIENTED_EDGE ( 'NONE', *, *, #5066, .T. ) ;
#8190 = ORIENTED_EDGE ( 'NONE', *, *, #2614, .F. ) ;
#8191 = B_SPLINE_CURVE_WITH_KNOTS ( 'NONE', 3,
 ( #8799, #1970, #4254, #417, #2014, #5005, #1214, #1120, #5839, #8095, #1924, #3503, #6510, #8049, #6560, #2802, #9600, #1266, #3414, #8891, #4304, #517, #3458, #3552, #8145, #6608, #7408, #566, #2620, #9550 ),
 .UNSPECIFIED., .F., .F.,
 ( 4, 2, 2, 2, 2, 2, 2, 2, 2, 2, 2, 2, 2, 2, 4 ),
 ( 0.006800335373509442359, 0.01220366941806617575, 0.01490533644034453681, 0.01760700346262290480, 0.02301033750717961998, 0.02436117101831880224, 0.02571200452945797757, 0.02841367155173633516, 0.03381700559629304687, 0.03516783910743222219, 0.03651867261857139751, 0.03922033964084974816, 0.04462367368540644252, 0.04732534070768478623, 0.05002700772996312301 ),
 .UNSPECIFIED. ) ;
#8192 =( BOUNDED_SURFACE ( )  B_SPLINE_SURFACE ( 3, 2, ( 
 ( #9159, #2481, #6110 ),
 ( #4717, #2435, #7729 ),
 ( #1588, #7677, #5366 ),
 ( #201, #2324, #6836 ),
 ( #3027, #2, #782 ),
 ( #96, #5520, #3073 ) ),
 .UNSPECIFIED., .F., .F., .T. ) 
 B_SPLINE_SURFACE_WITH_KNOTS ( ( 4, 2, 4 ),
 ( 3, 3 ),
 ( 0.000000000000000000, 0.004411853782887460891, 0.008823707565774921782 ),
 ( 0.000000000000000000, 1.000000000000000000 ),
 .UNSPECIFIED. ) 
 GEOMETRIC_REPRESENTATION_ITEM ( )  RATIONAL_B_SPLINE_SURFACE ( (
 ( 1.000000000000000000, 0.7071067811865475727, 1.000000000000000000),
 ( 1.000000000000000000, 0.7167217121886664266, 1.000000000000000000),
 ( 1.000000000000000000, 0.7239293624829229445, 1.000000000000000000),
 ( 1.000000000000000000, 0.7335575311267087395, 1.000000000000000000),
 ( 1.000000000000000000, 0.7359783963879258373, 1.000000000000000000),
 ( 1.000000000000000000, 0.7359800721939872004, 1.000000000000000000) ) ) 
 REPRESENTATION_ITEM ( '' )  SURFACE ( )  );
#8193 = VERTEX_POINT ( 'NONE', #4637 ) ;
#8194 = CARTESIAN_POINT ( 'NONE',  ( -36.00000000000000000, 0.000000000000000000, 19.00000000000000000 ) ) ;
#8195 = CIRCLE ( 'NONE', #3899, 3.000000000000002665 ) ;
#8196 = CARTESIAN_POINT ( 'NONE',  ( 0.000000000000000000, 0.000000000000000000, 41.00000000000000000 ) ) ;
#8197 = DIRECTION ( 'NONE',  ( -0.000000000000000000, 0.000000000000000000, 1.000000000000000000 ) ) ;
#8198 = DIRECTION ( 'NONE',  ( 0.000000000000000000, -6.982962677686266711E-15, 1.000000000000000000 ) ) ;
#8199 = DIRECTION ( 'NONE',  ( -0.000000000000000000, 6.982962677686266711E-15, -1.000000000000000000 ) ) ;
#8200 = DIRECTION ( 'NONE',  ( 0.000000000000000000, -1.000000000000000000, 0.000000000000000000 ) ) ;
#8201 = DIRECTION ( 'NONE',  ( -1.541976423090495633E-16, -1.000000000000000000, 0.000000000000000000 ) ) ;
#8202 = VERTEX_POINT ( 'NONE', #7697 ) ;
#8203 = CLOSED_SHELL ( 'NONE', ( #2366, #2779, #6413, #9383, #8464, #8168, #5465, #479, #8208, #6468, #9194, #377, #5174, #1525, #2622, #3759, #7134, #9147, #2355, #3647, #3579, #8398, #1172, #186, #8654, #8413, #6454, #2428, #6641, #1530, #2561, #1901, #9150, #21, #5736, #4313, #5889, #7813, #8218, #1159, #8666, #7726, #5711, #1831, #4683, #5552, #7315, #3890, #4667, #2170, #8292, #1279, #5667, #8517, #2792, #3460, #2376, #2973, #27, #8659, #7321, #7427, #4926, #4691, #9192, #5340 ) ) ;
#8204 = FACE_OUTER_BOUND ( 'NONE', #7910, .T. ) ;
#8205 = CARTESIAN_POINT ( 'NONE',  ( 0.000000000000000000, 0.000000000000000000, 133.0000000000000000 ) ) ;
#8206 = DIRECTION ( 'NONE',  ( -0.000000000000000000, 1.000000000000000000, -0.000000000000000000 ) ) ;
#8207 = DIRECTION ( 'NONE',  ( -0.000000000000000000, -1.396592535537253342E-14, 1.000000000000000000 ) ) ;
#8208 = ADVANCED_FACE ( 'NONE', ( #3088, #6124 ), #9175, .F. ) ;
#8209 = DIRECTION ( 'NONE',  ( 0.000000000000000000, 0.000000000000000000, -1.000000000000000000 ) ) ;
#8210 = ORIENTED_EDGE ( 'NONE', *, *, #5655, .F. ) ;
#8211 = EDGE_CURVE ( 'NONE', #780, #7307, #2714, .T. ) ;
#8212 = ORIENTED_EDGE ( 'NONE', *, *, #6776, .F. ) ;
#8213 = ORIENTED_EDGE ( 'NONE', *, *, #5946, .T. ) ;
#8214 = CARTESIAN_POINT ( 'NONE',  ( 13.39717280462448201, 16.68364856474988756, 40.33485011869931469 ) ) ;
#8215 = CARTESIAN_POINT ( 'NONE',  ( 37.30624711280324846, 15.20628250642433876, 20.36328666349393401 ) ) ;
#8216 = SURFACE_STYLE_FILL_AREA ( #8964 ) ;
#8217 = DIRECTION ( 'NONE',  ( 0.8490566037724598392, -9.378976014495507510E-17, -0.5283018867942608221 ) ) ;
#8218 = ADVANCED_FACE ( 'NONE', ( #4165 ), #6552, .T. ) ;
#8219 = ORIENTED_EDGE ( 'NONE', *, *, #1766, .T. ) ;
#8220 = CARTESIAN_POINT ( 'NONE',  ( 0.000000000000000000, 55.19999999999999574, 39.50000000000000000 ) ) ;
#8221 = EDGE_CURVE ( 'NONE', #6800, #829, #976, .T. ) ;
#8222 = CARTESIAN_POINT ( 'NONE',  ( 0.000000000000000000, -201.1999999999999886, 19.00000000000000000 ) ) ;
#8223 = ORIENTED_EDGE ( 'NONE', *, *, #6003, .F. ) ;
#8224 = VERTEX_POINT ( 'NONE', #5793 ) ;
#8225 = CARTESIAN_POINT ( 'NONE',  ( -16.02377915262847452, 32.48384977623907588, 39.36620495133661279 ) ) ;
#8226 = CIRCLE ( 'NONE', #3289, 1.000000000000000000 ) ;
#8227 = DIRECTION ( 'NONE',  ( 0.000000000000000000, 6.982962677686266711E-15, -1.000000000000000000 ) ) ;
#8228 = EDGE_CURVE ( 'NONE', #1330, #6332, #7368, .T. ) ;
#8229 = CARTESIAN_POINT ( 'NONE',  ( -35.07143880316127138, 11.12454452648508507, -24.00602875074607923 ) ) ;
#8230 =( LENGTH_UNIT ( ) NAMED_UNIT ( * ) SI_UNIT ( .MILLI., .METRE. ) );
#8231 = CARTESIAN_POINT ( 'NONE',  ( 5.204748896376250896E-15, 66.79999999999999716, 42.50000000000000711 ) ) ;
#8232 = LINE ( 'NONE', #2198, #7768 ) ;
#8233 = DIRECTION ( 'NONE',  ( 0.000000000000000000, -1.396592535537253342E-14, 1.000000000000000000 ) ) ;
#8234 = VECTOR ( 'NONE', #1655, 1000.000000000000000 ) ;
#8235 = CARTESIAN_POINT ( 'NONE',  ( -42.10600729670321840, 20.35614527293011378, -5.790996345450103000 ) ) ;
#8236 = EDGE_LOOP ( 'NONE', ( #3093, #2639, #1129, #757 ) ) ;
#8237 = VECTOR ( 'NONE', #8264, 1000.000000000000000 ) ;
#8238 = ORIENTED_EDGE ( 'NONE', *, *, #5609, .F. ) ;
#8239 = VERTEX_POINT ( 'NONE', #469 ) ;
#8240 = AXIS2_PLACEMENT_3D ( 'NONE', #3547, #5976, #7493 ) ;
#8241 = CARTESIAN_POINT ( 'NONE',  ( 27.00000000000001421, 44.00000000000080291, -230.9999999999996874 ) ) ;
#8242 = VECTOR ( 'NONE', #7681, 1000.000000000000000 ) ;
#8243 = CARTESIAN_POINT ( 'NONE',  ( 0.000000000000000000, 0.000000000000000000, -61.00000000000000000 ) ) ;
#8244 = CARTESIAN_POINT ( 'NONE',  ( 191.5194180755570699, 0.000000000000000000, 25.00000000000000000 ) ) ;
#8245 = CYLINDRICAL_SURFACE ( 'NONE', #6667, 4.999999999996803446 ) ;
#8246 = CARTESIAN_POINT ( 'NONE',  ( 0.000000000000000000, 0.000000000000000000, -61.00000000000000000 ) ) ;
#8247 = DIRECTION ( 'NONE',  ( 0.000000000000000000, 1.000000000000000000, 1.439177994884462065E-14 ) ) ;
#8248 = AXIS2_PLACEMENT_3D ( 'NONE', #9528, #6345, #8733 ) ;
#8249 = ORIENTED_EDGE ( 'NONE', *, *, #5046, .T. ) ;
#8250 = AXIS2_PLACEMENT_3D ( 'NONE', #982, #4025, #9258 ) ;
#8251 = AXIS2_PLACEMENT_3D ( 'NONE', #2357, #82, #181 ) ;
#8252 = CARTESIAN_POINT ( 'NONE',  ( 19.47492241166495930, 38.36191617312337598, -32.64348957682624075 ) ) ;
#8253 = CARTESIAN_POINT ( 'NONE',  ( 0.000000000000000000, 71.09999999999999432, -42.50000000000000711 ) ) ;
#8254 = FACE_OUTER_BOUND ( 'NONE', #1997, .T. ) ;
#8255 = DIRECTION ( 'NONE',  ( -1.000000000000000000, 0.000000000000000000, 0.000000000000000000 ) ) ;
#8256 = VERTEX_POINT ( 'NONE', #7958 ) ;
#8257 = VERTEX_POINT ( 'NONE', #7221 ) ;
#8258 = CARTESIAN_POINT ( 'NONE',  ( 0.000000000000000000, -201.1999999999999886, 9.000000000000000000 ) ) ;
#8259 = FACE_OUTER_BOUND ( 'NONE', #4642, .T. ) ;
#8260 = PRODUCT_CONTEXT ( 'NONE', #5938, 'mechanical' ) ;
#8261 = CARTESIAN_POINT ( 'NONE',  ( 1.129441013978552677, 43.87147419406628757, -42.48863403811770922 ) ) ;
#8262 = VECTOR ( 'NONE', #4897, 1000.000000000000114 ) ;
#8263 = ORIENTED_EDGE ( 'NONE', *, *, #2838, .F. ) ;
#8264 = DIRECTION ( 'NONE',  ( 0.000000000000000000, 1.000000000000000000, 0.000000000000000000 ) ) ;
#8265 = DIRECTION ( 'NONE',  ( -1.000000000000000000, 1.224646799147351975E-16, 0.000000000000000000 ) ) ;
#8266 = EDGE_LOOP ( 'NONE', ( #1698, #1070, #4765, #5700, #7671 ) ) ;
#8267 = CIRCLE ( 'NONE', #2681, 42.50000000000000711 ) ;
#8268 = ORIENTED_EDGE ( 'NONE', *, *, #5045, .F. ) ;
#8269 = DIRECTION ( 'NONE',  ( 0.000000000000000000, 6.982962677686266711E-15, -1.000000000000000000 ) ) ;
#8270 = CARTESIAN_POINT ( 'NONE',  ( 28.64792046032370720, 7.701737560465632626, 24.96606083414427246 ) ) ;
#8271 = ORIENTED_EDGE ( 'NONE', *, *, #3876, .F. ) ;
#8272 = EDGE_CURVE ( 'NONE', #789, #4692, #3061, .T. ) ;
#8273 = EDGE_CURVE ( 'NONE', #5099, #5912, #8751, .T. ) ;
#8274 = EDGE_CURVE ( 'NONE', #1752, #3584, #8191, .T. ) ;
#8275 = FACE_OUTER_BOUND ( 'NONE', #4930, .T. ) ;
#8276 = DIRECTION ( 'NONE',  ( 1.541976423090496126E-16, 1.000000000000000000, -0.000000000000000000 ) ) ;
#8277 = CARTESIAN_POINT ( 'NONE',  ( -46.49956922558553885, 13.77379991454300345, -288.9999999999998863 ) ) ;
#8278 = DIRECTION ( 'NONE',  ( -0.000000000000000000, 1.000000000000000000, -0.000000000000000000 ) ) ;
#8279 = AXIS2_PLACEMENT_3D ( 'NONE', #5151, #2209, #6040 ) ;
#8280 = CARTESIAN_POINT ( 'NONE',  ( -41.58411118428361419, 19.80082565200941858, 8.944897408109543591 ) ) ;
#8281 = EDGE_LOOP ( 'NONE', ( #2910, #8528, #6156, #5498, #415, #5293 ) ) ;
#8282 = ORIENTED_EDGE ( 'NONE', *, *, #2990, .T. ) ;
#8283 = ORIENTED_EDGE ( 'NONE', *, *, #2352, .F. ) ;
#8284 = CIRCLE ( 'NONE', #9088, 39.00000000000000000 ) ;
#8285 = EDGE_CURVE ( 'NONE', #2706, #8063, #6542, .T. ) ;
#8286 = CARTESIAN_POINT ( 'NONE',  ( 35.92232950245770695, 2.726233426714127273, 11.96616446274450851 ) ) ;
#8287 = B_SPLINE_CURVE_WITH_KNOTS ( 'NONE', 3,
 ( #6674, #3719, #5214, #3669, #8996, #1328 ),
 .UNSPECIFIED., .F., .F.,
 ( 4, 2, 4 ),
 ( 0.000000000000000000, 0.004076250747534580256, 0.008152501495069160511 ),
 .UNSPECIFIED. ) ;
#8288 = DIRECTION ( 'NONE',  ( -1.000000000000000000, 0.000000000000000000, 0.000000000000000000 ) ) ;
#8289 = DIRECTION ( 'NONE',  ( 0.000000000000000000, 0.000000000000000000, 1.000000000000000000 ) ) ;
#8290 = DIRECTION ( 'NONE',  ( 0.000000000000000000, 1.396592535537253342E-14, -1.000000000000000000 ) ) ;
#8291 = CARTESIAN_POINT ( 'NONE',  ( 0.000000000000000000, 4.299999999999999822, -42.50000000000001421 ) ) ;
#8292 = ADVANCED_FACE ( 'NONE', ( #3515 ), #6228, .F. ) ;
#8293 = CARTESIAN_POINT ( 'NONE',  ( -38.00000000000000000, -192.4250356126078714, -12.00000000000001421 ) ) ;
#8294 = FACE_OUTER_BOUND ( 'NONE', #2593, .T. ) ;
#8295 = DIRECTION ( 'NONE',  ( 0.000000000000000000, 0.000000000000000000, -1.000000000000000000 ) ) ;
#8296 =( REPRESENTATION_RELATIONSHIP ('NONE','NONE', #4268, #6310 ) REPRESENTATION_RELATIONSHIP_WITH_TRANSFORMATION ( #9065 )SHAPE_REPRESENTATION_RELATIONSHIP( ) );
#8297 = VERTEX_POINT ( 'NONE', #5115 ) ;
#8298 = CIRCLE ( 'NONE', #7839, 3.000000000000003109 ) ;
#8299 = PRODUCT_DEFINITION_SHAPE ( 'NONE', 'NONE',  #9838 ) ;
#8300 = VECTOR ( 'NONE', #7566, 1000.000000000000000 ) ;
#8301 = CARTESIAN_POINT ( 'NONE',  ( 3.009083530915206417, 49.34798584471155891, -37.90942098416364558 ) ) ;
#8302 = DIRECTION ( 'NONE',  ( -0.000000000000000000, -0.000000000000000000, 1.000000000000000000 ) ) ;
#8303 = AXIS2_PLACEMENT_3D ( 'NONE', #5200, #1566, #79 ) ;
#8304 = DIRECTION ( 'NONE',  ( 1.541976423090496126E-16, 1.000000000000000000, 0.000000000000000000 ) ) ;
#8305 = DIRECTION ( 'NONE',  ( -0.000000000000000000, -6.982962677686266711E-15, 1.000000000000000000 ) ) ;
#8306 = ORIENTED_EDGE ( 'NONE', *, *, #2061, .T. ) ;
#8307 = EDGE_LOOP ( 'NONE', ( #7815, #6181, #3922, #9518, #6477 ) ) ;
#8308 = APPLICATION_CONTEXT ( 'automotive_design' ) ;
#8309 = CIRCLE ( 'NONE', #9103, 42.50000000000001421 ) ;
#8310 = ORIENTED_EDGE ( 'NONE', *, *, #6339, .T. ) ;
#8311 = CARTESIAN_POINT ( 'NONE',  ( 13.79531817750002709, 44.77839069921709125, 35.40883837995425409 ) ) ;
#8312 = CARTESIAN_POINT ( 'NONE',  ( -35.07692307692306599, -193.1000328731765023, -9.000000000000007105 ) ) ;
#8313 = EDGE_LOOP ( 'NONE', ( #3384, #3002, #5630, #2449 ) ) ;
#8314 = CARTESIAN_POINT ( 'NONE',  ( -4.404892203541475931E-16, 43.89999999999999858, -42.50000000000000711 ) ) ;
#8315 = ORIENTED_EDGE ( 'NONE', *, *, #6848, .T. ) ;
#8316 = ORIENTED_EDGE ( 'NONE', *, *, #6360, .T. ) ;
#8317 = CARTESIAN_POINT ( 'NONE',  ( -18.49218940641787512, 49.99999999999999289, -9.000000000000010658 ) ) ;
#8318 = DIRECTION ( 'NONE',  ( 0.000000000000000000, 0.000000000000000000, 1.000000000000000000 ) ) ;
#8319 = ORIENTED_EDGE ( 'NONE', *, *, #179, .T. ) ;
#8320 = FILL_AREA_STYLE ('',( #6024 ) ) ;
#8321 = DIRECTION ( 'NONE',  ( 0.000000000000000000, 0.000000000000000000, 1.000000000000000000 ) ) ;
#8322 = DIRECTION ( 'NONE',  ( 0.000000000000000000, 1.396592535537253342E-14, -1.000000000000000000 ) ) ;
#8323 = CARTESIAN_POINT ( 'NONE',  ( -28.61817604250837377, 6.755772121541173014, 25.00000000000000000 ) ) ;
#8324 = CARTESIAN_POINT ( 'NONE',  ( 7.999999999999996447, -145.5999999999999659, -4.999999999999999112 ) ) ;
#8325 = DIRECTION ( 'NONE',  ( -0.2249990868562107282, 0.9743589743589737839, 0.000000000000000000 ) ) ;
#8326 = DIRECTION ( 'NONE',  ( -0.000000000000000000, 1.000000000000000000, -0.000000000000000000 ) ) ;
#8327 = VECTOR ( 'NONE', #6496, 1000.000000000000000 ) ;
#8328 = CARTESIAN_POINT ( 'NONE',  ( -7.387276416079056496, 5.733982774478154631, 37.28217010284147648 ) ) ;
#8329 = EDGE_CURVE ( 'NONE', #3039, #3077, #5852, .T. ) ;
#8330 = EDGE_CURVE ( 'NONE', #2127, #9156, #3370, .T. ) ;
#8331 = VERTEX_POINT ( 'NONE', #7966 ) ;
#8332 = EDGE_CURVE ( 'NONE', #8412, #7437, #525, .T. ) ;
#8333 = VERTEX_POINT ( 'NONE', #8013 ) ;
#8334 = EDGE_LOOP ( 'NONE', ( #8174, #5292, #4956, #1539 ) ) ;
#8335 = CIRCLE ( 'NONE', #4510, 4.499999999999998224 ) ;
#8336 = FACE_OUTER_BOUND ( 'NONE', #1508, .T. ) ;
#8337 = CARTESIAN_POINT ( 'NONE',  ( 27.00000000000001421, -43.99999999999761258, -345.0000000000006253 ) ) ;
#8338 = CARTESIAN_POINT ( 'NONE',  ( 1.539749897050354256E-14, 44.00000000000107292, -288.9999999999997158 ) ) ;
#8339 = SHAPE_REPRESENTATION ( '2. Piston ring', ( #2024 ), #2034 ) ;
#8340 = DIRECTION ( 'NONE',  ( 0.000000000000000000, 0.000000000000000000, -1.000000000000000000 ) ) ;
#8341 = AXIS2_PLACEMENT_3D ( 'NONE', #8634, #7844, #3290 ) ;
#8342 = CARTESIAN_POINT ( 'NONE',  ( 1.539749897050354256E-14, -16.99999999999733191, -385.0000000000002274 ) ) ;
#8343 = CARTESIAN_POINT ( 'NONE',  ( -22.48353060487828259, -171.1999999999999886, 9.407652717443276913 ) ) ;
#8344 = CARTESIAN_POINT ( 'NONE',  ( 6.999999999999996447, -145.5999999999999659, -5.999999999999999112 ) ) ;
#8345 = ADVANCED_FACE ( 'NONE', ( #4178 ), #8902, .T. ) ;
#8346 = VERTEX_POINT ( 'NONE', #9465 ) ;
#8347 = EDGE_CURVE ( 'NONE', #729, #9326, #7275, .T. ) ;
#8348 = AXIS2_PLACEMENT_3D ( 'NONE', #8169, #3625, #2735 ) ;
#8349 = EDGE_CURVE ( 'NONE', #8628, #128, #7230, .T. ) ;
#8350 = CARTESIAN_POINT ( 'NONE',  ( 8.919190210719643019, 0.4674349519468579683, 9.000000000000000000 ) ) ;
#8351 = DIRECTION ( 'NONE',  ( 0.000000000000000000, 1.396592535537253342E-14, -1.000000000000000000 ) ) ;
#8352 = ADVANCED_BREP_SHAPE_REPRESENTATION ( '', ( #6706, #2024 ), #4116 ) ;
#8353 = CARTESIAN_POINT ( 'NONE',  ( 55.00000000000000000, -4.999999999998712141, -456.0000000000000568 ) ) ;
#8354 = AXIS2_PLACEMENT_3D ( 'NONE', #358, #2785, #3393 ) ;
#8355 = CARTESIAN_POINT ( 'NONE',  ( 33.15225502384996759, 16.20174071834882312, 18.59102390097199020 ) ) ;
#8356 = ORIENTED_EDGE ( 'NONE', *, *, #1160, .F. ) ;
#8357 = ORIENTED_EDGE ( 'NONE', *, *, #3456, .F. ) ;
#8358 = AXIS2_PLACEMENT_3D ( 'NONE', #4935, #445, #6533 ) ;
#8359 = PRODUCT_DEFINITION_SHAPE ( 'NONE', 'NONE',  #9858 ) ;
#8360 = FACE_OUTER_BOUND ( 'NONE', #9813, .T. ) ;
#8361 = CARTESIAN_POINT ( 'NONE',  ( -1.121647700134115633, 10.12789568911091997, 42.48888404882506364 ) ) ;
#8362 = DIRECTION ( 'NONE',  ( 0.000000000000000000, 0.000000000000000000, 1.000000000000000000 ) ) ;
#8363 = DIRECTION ( 'NONE',  ( -0.000000000000000000, -1.000000000000000000, -0.000000000000000000 ) ) ;
#8364 = ORIENTED_EDGE ( 'NONE', *, *, #9750, .T. ) ;
#8365 = CARTESIAN_POINT ( 'NONE',  ( 1.539749897050354256E-14, 44.00000000000014921, -156.9999999999997158 ) ) ;
#8366 =( REPRESENTATION_RELATIONSHIP ('NONE','NONE', #4268, #8339 ) REPRESENTATION_RELATIONSHIP_WITH_TRANSFORMATION ( #8417 )SHAPE_REPRESENTATION_RELATIONSHIP( ) );
#8367 = ORIENTED_EDGE ( 'NONE', *, *, #1704, .F. ) ;
#8368 = ORIENTED_EDGE ( 'NONE', *, *, #8037, .F. ) ;
#8369 = CARTESIAN_POINT ( 'NONE',  ( 35.38462345019669897, -194.4325299259507176, -11.99999999999998579 ) ) ;
#8370 = DIRECTION ( 'NONE',  ( -0.000000000000000000, 1.000000000000000000, 0.000000000000000000 ) ) ;
#8371 = ORIENTED_EDGE ( 'NONE', *, *, #2115, .T. ) ;
#8372 =( NAMED_UNIT ( * ) PLANE_ANGLE_UNIT ( ) SI_UNIT ( $, .RADIAN. ) );
#8373 = DIRECTION ( 'NONE',  ( -1.000000000000000000, -1.224646799147351975E-16, 0.000000000000000000 ) ) ;
#8374 = DIRECTION ( 'NONE',  ( 0.000000000000000000, -1.000000000000000000, -1.423362852083534018E-14 ) ) ;
#8375 = DIRECTION ( 'NONE',  ( 0.000000000000000000, -1.000000000000000000, -6.938893903907228378E-15 ) ) ;
#8376 = DIRECTION ( 'NONE',  ( 0.000000000000000000, 1.000000000000000000, 0.000000000000000000 ) ) ;
#8377 = CARTESIAN_POINT ( 'NONE',  ( -34.36931771216880094, 90.00000000000000000, 25.00000000000000000 ) ) ;
#8378 = FACE_BOUND ( 'NONE', #4792, .T. ) ;
#8379 = DIRECTION ( 'NONE',  ( -0.000000000000000000, -0.000000000000000000, -1.000000000000000000 ) ) ;
#8380 = AXIS2_PLACEMENT_3D ( 'NONE', #8800, #8703, #1215 ) ;
#8381 = ORIENTED_EDGE ( 'NONE', *, *, #61, .F. ) ;
#8382 = ORIENTED_EDGE ( 'NONE', *, *, #4549, .F. ) ;
#8383 = VERTEX_POINT ( 'NONE', #2678 ) ;
#8384 = CARTESIAN_POINT ( 'NONE',  ( -64.56989347527211009, -47.23059238027852302, -114.0000000000003553 ) ) ;
#8385 = ADVANCED_FACE ( 'NONE', ( #337 ), #2023, .F. ) ;
#8386 = AXIS2_PLACEMENT_3D ( 'NONE', #1774, #3153, #9140 ) ;
#8387 = DIRECTION ( 'NONE',  ( -0.000000000000000000, -1.396592535537253342E-14, 1.000000000000000000 ) ) ;
#8388 = DIRECTION ( 'NONE',  ( -1.000000000000000000, 0.000000000000000000, 0.000000000000000000 ) ) ;
#8389 = EDGE_CURVE ( 'NONE', #1900, #961, #2724, .T. ) ;
#8390 = CARTESIAN_POINT ( 'NONE',  ( 0.000000000000000000, 90.00000000000000000, 0.000000000000000000 ) ) ;
#8391 = AXIS2_PLACEMENT_3D ( 'NONE', #4123, #8706, #6419 ) ;
#8392 = CARTESIAN_POINT ( 'NONE',  ( -22.87790625487066620, -171.1999999999999602, -9.269897892228829761 ) ) ;
#8393 = DIRECTION ( 'NONE',  ( 0.000000000000000000, -1.000000000000000000, -6.938893903907228378E-15 ) ) ;
#8394 = DIRECTION ( 'NONE',  ( -0.000000000000000000, -0.000000000000000000, 1.000000000000000000 ) ) ;
#8395 = ORIENTED_EDGE ( 'NONE', *, *, #1884, .F. ) ;
#8396 = CIRCLE ( 'NONE', #4562, 27.00000000000000000 ) ;
#8397 = AXIS2_PLACEMENT_3D ( 'NONE', #6854, #18, #2291 ) ;
#8398 = ADVANCED_FACE ( 'NONE', ( #4222 ), #1978, .T. ) ;
#8399 = ADVANCED_FACE ( 'NONE', ( #4318 ), #1225, .F. ) ;
#8400 = CARTESIAN_POINT ( 'NONE',  ( 8.071115841706770766, 48.01541850621671159, -37.13949049260752844 ) ) ;
#8401 = CARTESIAN_POINT ( 'NONE',  ( 0.000000000000000000, 3.449583562777016209E-12, -441.0000000000000000 ) ) ;
#8402 = EDGE_CURVE ( 'NONE', #7425, #6731, #2721, .T. ) ;
#8403 = AXIS2_PLACEMENT_3D ( 'NONE', #5201, #668, #6491 ) ;
#8404 = FACE_OUTER_BOUND ( 'NONE', #4493, .T. ) ;
#8405 = DIRECTION ( 'NONE',  ( 0.2840153447039231449, 0.9588197348681929411, 1.339080484642726365E-14 ) ) ;
#8406 = CARTESIAN_POINT ( 'NONE',  ( 55.00000000000000000, 3.648969107014638851E-12, -456.0000000000000000 ) ) ;
#8407 = EDGE_LOOP ( 'NONE', ( #523, #2947, #8004, #3903 ) ) ;
#8408 = CIRCLE ( 'NONE', #5067, 39.50000000000000000 ) ;
#8409 = VERTEX_POINT ( 'NONE', #7567 ) ;
#8410 = AXIS2_PLACEMENT_3D ( 'NONE', #4285, #7336, #7478 ) ;
#8411 = TOROIDAL_SURFACE ( 'NONE', #145, 14.50000000000000533, 3.000000000000000000 ) ;
#8412 = VERTEX_POINT ( 'NONE', #2963 ) ;
#8413 = ADVANCED_FACE ( 'NONE', ( #9800 ), #722, .F. ) ;
#8414 = CARTESIAN_POINT ( 'NONE',  ( 8.081115863013625500, 48.00201897425515085, 37.13251494121634266 ) ) ;
#8415 = CARTESIAN_POINT ( 'NONE',  ( -4.425579065735287365, 10.65196578968661711, 42.28306371992417922 ) ) ;
#8416 =( NAMED_UNIT ( * ) SI_UNIT ( $, .STERADIAN. ) SOLID_ANGLE_UNIT ( ) );
#8417 = ITEM_DEFINED_TRANSFORMATION ( 'NONE', 'NONE', #7623,  #2024 ) ;
#8418 = CARTESIAN_POINT ( 'NONE',  ( -46.49956922558553885, -13.77379991454192876, 0.000000000000000000 ) ) ;
#8419 = EDGE_CURVE ( 'NONE', #7548, #2443, #1478, .T. ) ;
#8420 = ORIENTED_EDGE ( 'NONE', *, *, #980, .T. ) ;
#8421 = ORIENTED_EDGE ( 'NONE', *, *, #2132, .T. ) ;
#8422 = EDGE_LOOP ( 'NONE', ( #3288, #2125, #266, #9766 ) ) ;
#8423 = CARTESIAN_POINT ( 'NONE',  ( -36.00000000000000000, 1.207964405692161748E-12, -324.0000000000000000 ) ) ;
#8424 = CARTESIAN_POINT ( 'NONE',  ( -32.74056772808336291, 15.81671066900313960, -19.30599407153654568 ) ) ;
#8425 = VERTEX_POINT ( 'NONE', #3666 ) ;
#8426 = PRESENTATION_STYLE_ASSIGNMENT (( #746 ) ) ;
#8427 = CARTESIAN_POINT ( 'NONE',  ( 0.000000000000000000, 0.000000000000000000, 133.0000000000000000 ) ) ;
#8428 = AXIS2_PLACEMENT_3D ( 'NONE', #65, #6122, #9172 ) ;
#8429 = FACE_BOUND ( 'NONE', #3675, .T. ) ;
#8430 = LINE ( 'NONE', #1499, #3129 ) ;
#8431 = CARTESIAN_POINT ( 'NONE',  ( -35.61464024155682040, -195.7738129368258342, 11.98701582130418331 ) ) ;
#8432 = DIRECTION ( 'NONE',  ( 0.000000000000000000, 0.000000000000000000, 1.000000000000000000 ) ) ;
#8433 = CARTESIAN_POINT ( 'NONE',  ( 0.000000000000000000, 3.449583562777016209E-12, -441.0000000000000000 ) ) ;
#8434 = CARTESIAN_POINT ( 'NONE',  ( -11.38853128998810860, 7.581297789116314689, 36.25948030746017992 ) ) ;
#8435 = ORIENTED_EDGE ( 'NONE', *, *, #1631, .T. ) ;
#8436 = VERTEX_POINT ( 'NONE', #3764 ) ;
#8437 =( REPRESENTATION_RELATIONSHIP ('NONE','NONE', #4268, #3188 ) REPRESENTATION_RELATIONSHIP_WITH_TRANSFORMATION ( #2483 )SHAPE_REPRESENTATION_RELATIONSHIP( ) );
#8438 = AXIS2_PLACEMENT_3D ( 'NONE', #7296, #3492, #6546 ) ;
#8439 = ORIENTED_EDGE ( 'NONE', *, *, #5819, .F. ) ;
#8440 = DIRECTION ( 'NONE',  ( -0.000000000000000000, -1.396592535537253342E-14, 1.000000000000000000 ) ) ;
#8441 = FILL_AREA_STYLE_COLOUR ( '', #8773 ) ;
#8442 = CARTESIAN_POINT ( 'NONE',  ( 0.000000000000000000, 78.39999999999999147, 39.50000000000000000 ) ) ;
#8443 = AXIS2_PLACEMENT_3D ( 'NONE', #8578, #2441, #946 ) ;
#8444 = CARTESIAN_POINT ( 'NONE',  ( 0.000000000000000000, 0.000000000000000000, 53.00000000000000000 ) ) ;
#8445 = FACE_BOUND ( 'NONE', #8643, .T. ) ;
#8446 = FACE_OUTER_BOUND ( 'NONE', #5816, .T. ) ;
#8447 = CARTESIAN_POINT ( 'NONE',  ( 38.25142132890803026, 7.323256995510610601, 9.000000000000008882 ) ) ;
#8448 = ORIENTED_EDGE ( 'NONE', *, *, #1659, .T. ) ;
#8449 = AXIS2_PLACEMENT_3D ( 'NONE', #9729, #6693, #4391 ) ;
#8450 = ADVANCED_FACE ( 'NONE', ( #3066 ), #43, .T. ) ;
#8451 = AXIS2_PLACEMENT_3D ( 'NONE', #4033, #4972, #7037 ) ;
#8452 = CARTESIAN_POINT ( 'NONE',  ( 21.27253470776494737, 34.36812554369996064, -31.48890708228468327 ) ) ;
#8453 = DIRECTION ( 'NONE',  ( 0.000000000000000000, 6.982962677686266711E-15, -1.000000000000000000 ) ) ;
#8454 = AXIS2_PLACEMENT_3D ( 'NONE', #1601, #4735, #2288 ) ;
#8455 = AXIS2_PLACEMENT_3D ( 'NONE', #5743, #9595, #5095 ) ;
#8456 = DIRECTION ( 'NONE',  ( -0.000000000000000000, 1.000000000000000000, -0.000000000000000000 ) ) ;
#8457 = DIRECTION ( 'NONE',  ( 0.000000000000000000, 1.396592535537253342E-14, -1.000000000000000000 ) ) ;
#8458 = DIRECTION ( 'NONE',  ( 0.000000000000000000, 1.000000000000000000, 7.116814260417670090E-15 ) ) ;
#8459 = VERTEX_POINT ( 'NONE', #8951 ) ;
#8460 = CARTESIAN_POINT ( 'NONE',  ( 34.51751045525493566, -54.22455240933832243, -403.0000000000007390 ) ) ;
#8461 = EDGE_CURVE ( 'NONE', #1648, #6800, #3677, .T. ) ;
#8462 = ORIENTED_EDGE ( 'NONE', *, *, #8955, .T. ) ;
#8463 = EDGE_CURVE ( 'NONE', #4137, #2152, #1787, .T. ) ;
#8464 = ADVANCED_FACE ( 'NONE', ( #8994 ), #6723, .T. ) ;
#8465 = VECTOR ( 'NONE', #7063, 1000.000000000000114 ) ;
#8466 = ORIENTED_EDGE ( 'NONE', *, *, #3706, .F. ) ;
#8467 = AXIS2_PLACEMENT_3D ( 'NONE', #9408, #4604, #4657 ) ;
#8468 = B_SPLINE_CURVE_WITH_KNOTS ( 'NONE', 3,
 ( #1227, #4272, #482, #3518, #2025, #3613 ),
 .UNSPECIFIED., .F., .F.,
 ( 4, 2, 4 ),
 ( 0.000000000000000000, 0.001668364605102501397, 0.003336729210205002794 ),
 .UNSPECIFIED. ) ;
#8469 = FACE_OUTER_BOUND ( 'NONE', #2648, .T. ) ;
#8470 = DIRECTION ( 'NONE',  ( 0.000000000000000000, 0.000000000000000000, 1.000000000000000000 ) ) ;
#8471 = CARTESIAN_POINT ( 'NONE',  ( 0.000000000000000000, 36.00000000000296296, -405.9999999999995453 ) ) ;
#8472 = STYLED_ITEM ( 'NONE', ( #8736 ), #3406 ) ;
#8473 = DIRECTION ( 'NONE',  ( 0.000000000000000000, 0.000000000000000000, 1.000000000000000000 ) ) ;
#8474 = ORIENTED_EDGE ( 'NONE', *, *, #5945, .T. ) ;
#8475 = TOROIDAL_SURFACE ( 'NONE', #357, 39.00000000000000000, 3.000000000000000000 ) ;
#8476 = ORIENTED_EDGE ( 'NONE', *, *, #4494, .T. ) ;
#8477 = ORIENTED_EDGE ( 'NONE', *, *, #2690, .F. ) ;
#8478 = ADVANCED_FACE ( 'NONE', ( #6050 ), #5162, .T. ) ;
#8479 = CARTESIAN_POINT ( 'NONE',  ( -16.89999999999999858, 27.00000000000000355, -42.50000000000000711 ) ) ;
#8480 = CARTESIAN_POINT ( 'NONE',  ( -36.96688160980075111, 19.79455021543952498, 8.976003120565685833 ) ) ;
#8481 = ORIENTED_EDGE ( 'NONE', *, *, #3083, .T. ) ;
#8482 = EDGE_CURVE ( 'NONE', #402, #5399, #5995, .T. ) ;
#8483 = PLANE ( 'NONE',  #403 ) ;
#8484 = CARTESIAN_POINT ( 'NONE',  ( 38.00000000000000000, 0.000000000000000000, 8.123104788713556130E-15 ) ) ;
#8485 = CYLINDRICAL_SURFACE ( 'NONE', #8428, 80.00000000000000000 ) ;
#8486 = CARTESIAN_POINT ( 'NONE',  ( 36.00000000000000000, 1.203555677215237846E-12, -292.0000000000000000 ) ) ;
#8487 = ORIENTED_EDGE ( 'NONE', *, *, #3224, .F. ) ;
#8488 = DIRECTION ( 'NONE',  ( -1.000000000000000000, 0.000000000000000000, 0.000000000000000000 ) ) ;
#8489 = DIRECTION ( 'NONE',  ( -0.000000000000000000, 0.000000000000000000, 1.000000000000000000 ) ) ;
#8490 = CARTESIAN_POINT ( 'NONE',  ( 1.106884595926295456E-14, -55.59999999999998010, 5.999999999999999112 ) ) ;
#8491 = EDGE_LOOP ( 'NONE', ( #5444, #1741, #1702, #7509, #3674, #4731 ) ) ;
#8492 = VERTEX_POINT ( 'NONE', #2163 ) ;
#8493 = ORIENTED_EDGE ( 'NONE', *, *, #2430, .F. ) ;
#8494 = CARTESIAN_POINT ( 'NONE',  ( 0.000000000000000000, 0.000000000000000000, 41.00000000000000000 ) ) ;
#8495 = ORIENTED_EDGE ( 'NONE', *, *, #5003, .T. ) ;
#8496 = CARTESIAN_POINT ( 'NONE',  ( 21.90140744488950375, 21.79117434197830150, -31.05416929952389182 ) ) ;
#8497 = CARTESIAN_POINT ( 'NONE',  ( -35.92308074463208811, 2.716313340183646563, -11.96609650565751437 ) ) ;
#8498 = DIRECTION ( 'NONE',  ( 0.000000000000000000, 1.000000000000000000, 0.000000000000000000 ) ) ;
#8499 = DIRECTION ( 'NONE',  ( -0.9588197348681929411, -0.2840153447039231449, -1.983268551957695050E-15 ) ) ;
#8500 = DIRECTION ( 'NONE',  ( 1.000000000000000000, 0.000000000000000000, 0.000000000000000000 ) ) ;
#8501 = DIRECTION ( 'NONE',  ( 0.000000000000000000, -1.000000000000000000, -1.439177994884462065E-14 ) ) ;
#8502 = DIRECTION ( 'NONE',  ( 0.000000000000000000, -0.000000000000000000, -1.000000000000000000 ) ) ;
#8503 = ORIENTED_EDGE ( 'NONE', *, *, #1780, .T. ) ;
#8504 = VECTOR ( 'NONE', #2555, 1000.000000000000227 ) ;
#8505 = DIRECTION ( 'NONE',  ( 0.000000000000000000, 1.396592535537253342E-14, -1.000000000000000000 ) ) ;
#8506 = CARTESIAN_POINT ( 'NONE',  ( 8.999999999999998224, -145.5999999999999659, 8.000000000000000000 ) ) ;
#8507 = DIRECTION ( 'NONE',  ( 0.000000000000000000, 0.000000000000000000, 1.000000000000000000 ) ) ;
#8508 = CARTESIAN_POINT ( 'NONE',  ( 55.00000000000000000, -4.999999999998922640, -441.0000000000000568 ) ) ;
#8509 = FACE_OUTER_BOUND ( 'NONE', #5870, .T. ) ;
#8510 = ORIENTED_EDGE ( 'NONE', *, *, #5772, .T. ) ;
#8511 = CARTESIAN_POINT ( 'NONE',  ( 0.000000000000000000, 0.000000000000000000, -46.00000000000000000 ) ) ;
#8512 = EDGE_LOOP ( 'NONE', ( #3650, #9460 ) ) ;
#8513 = ORIENTED_EDGE ( 'NONE', *, *, #2690, .T. ) ;
#8514 =( BOUNDED_CURVE ( )  B_SPLINE_CURVE ( 3, ( #6464, #520, #4170, #2016 ),
 .UNSPECIFIED., .F., .T. ) 
 B_SPLINE_CURVE_WITH_KNOTS ( ( 4, 4 ),
 ( 1.570796326794896558, 4.712388980384689674 ),
 .UNSPECIFIED. ) 
 CURVE ( )  GEOMETRIC_REPRESENTATION_ITEM ( )  RATIONAL_B_SPLINE_CURVE ( ( 1.000000000000000000, 0.3333333333333333703, 0.3333333333333333703, 1.000000000000000000 ) ) 
 REPRESENTATION_ITEM ( '' )  );
#8515 = DIRECTION ( 'NONE',  ( 0.000000000000000000, 1.396592535537253342E-14, -1.000000000000000000 ) ) ;
#8516 = AXIS2_PLACEMENT_3D ( 'NONE', #3733, #143, #6784 ) ;
#8517 = ADVANCED_FACE ( 'NONE', ( #5350 ), #2269, .F. ) ;
#8518 = DIRECTION ( 'NONE',  ( -1.000000000000000000, 0.000000000000000000, 0.000000000000000000 ) ) ;
#8519 = CARTESIAN_POINT ( 'NONE',  ( -16.87265430814949596, 25.88902913527955363, 39.00727003265818382 ) ) ;
#8520 =( NAMED_UNIT ( * ) PLANE_ANGLE_UNIT ( ) SI_UNIT ( $, .RADIAN. ) );
#8521 = EDGE_CURVE ( 'NONE', #4907, #2204, #349, .T. ) ;
#8522 = CARTESIAN_POINT ( 'NONE',  ( -11.57582985920543805, 39.32508206051988964, -40.89512687153116843 ) ) ;
#8523 = EDGE_LOOP ( 'NONE', ( #5249, #2921, #6833, #6730, #4856, #1931 ) ) ;
#8524 = VERTEX_POINT ( 'NONE', #8253 ) ;
#8525 = ORIENTED_EDGE ( 'NONE', *, *, #7485, .T. ) ;
#8526 = DIRECTION ( 'NONE',  ( -0.000000000000000000, -0.000000000000000000, -1.000000000000000000 ) ) ;
#8527 = CARTESIAN_POINT ( 'NONE',  ( -35.33905490542223760, 18.25618843314568807, 13.99702298371101783 ) ) ;
#8528 = ORIENTED_EDGE ( 'NONE', *, *, #5723, .T. ) ;
#8529 = EDGE_CURVE ( 'NONE', #2298, #6393, #6672, .T. ) ;
#8530 = FACE_OUTER_BOUND ( 'NONE', #9673, .T. ) ;
#8531 = DIRECTION ( 'NONE',  ( -0.000000000000000000, 1.000000000000000000, -0.000000000000000000 ) ) ;
#8532 = CARTESIAN_POINT ( 'NONE',  ( -6.735557395310464703E-15, -59.99999999999513278, -456.0000000000008527 ) ) ;
#8533 = DIRECTION ( 'NONE',  ( 0.2840153447039234225, 0.9588197348681927190, 6.695402423213631037E-15 ) ) ;
#8534 = EDGE_CURVE ( 'NONE', #1585, #5912, #2886, .T. ) ;
#8535 = EDGE_LOOP ( 'NONE', ( #1007, #9495, #4877, #7091, #7747 ) ) ;
#8536 =( LENGTH_UNIT ( ) NAMED_UNIT ( * ) SI_UNIT ( .MILLI., .METRE. ) );
#8537 = LINE ( 'NONE', #752, #4414 ) ;
#8538 = CARTESIAN_POINT ( 'NONE',  ( -16.45291068500900522, 11.63556222114458016, 34.25802592334716934 ) ) ;
#8539 = ORIENTED_EDGE ( 'NONE', *, *, #3709, .F. ) ;
#8540 = EDGE_LOOP ( 'NONE', ( #8591, #8699, #10, #7732 ) ) ;
#8541 = ADVANCED_FACE ( 'NONE', ( #4552 ), #1427, .F. ) ;
#8542 = EDGE_LOOP ( 'NONE', ( #4967, #1059, #8981, #9315 ) ) ;
#8543 = DIRECTION ( 'NONE',  ( -0.000000000000000000, 1.000000000000000000, 0.000000000000000000 ) ) ;
#8544 = ORIENTED_EDGE ( 'NONE', *, *, #3597, .F. ) ;
#8545 = CARTESIAN_POINT ( 'NONE',  ( 19.48599380824902028, 15.65912870359021802, -32.63653097700199623 ) ) ;
#8546 = DIRECTION ( 'NONE',  ( 0.000000000000000000, 1.396592535537253342E-14, -1.000000000000000000 ) ) ;
#8547 = EDGE_CURVE ( 'NONE', #7270, #4066, #4169, .T. ) ;
#8548 = CARTESIAN_POINT ( 'NONE',  ( -38.00000000000000000, -171.1999999999999886, 8.999999999999987566 ) ) ;
#8549 = VECTOR ( 'NONE', #4011, 1000.000000000000000 ) ;
#8550 = DIRECTION ( 'NONE',  ( -1.224646799147351975E-16, 1.000000000000000000, 0.000000000000000000 ) ) ;
#8551 = CARTESIAN_POINT ( 'NONE',  ( 191.5194180755570699, 6.755772121541173014, 15.00000000000000178 ) ) ;
#8552 = DIRECTION ( 'NONE',  ( 0.000000000000000000, 0.000000000000000000, 1.000000000000000000 ) ) ;
#8553 = VERTEX_POINT ( 'NONE', #4768 ) ;
#8554 = ADVANCED_FACE ( 'NONE', ( #7025 ), #7867, .T. ) ;
#8555 = AXIS2_PLACEMENT_3D ( 'NONE', #629, #7372, #2168 ) ;
#8556 = VECTOR ( 'NONE', #213, 1000.000000000000227 ) ;
#8557 = CIRCLE ( 'NONE', #9822, 39.00000000000000000 ) ;
#8558 = CARTESIAN_POINT ( 'NONE',  ( 0.000000000000000000, 27.00000000000000000, -42.50000000000000711 ) ) ;
#8559 = CARTESIAN_POINT ( 'NONE',  ( -38.00000000000000000, 8.774964387392127918, 8.999999999999989342 ) ) ;
#8560 = DIRECTION ( 'NONE',  ( 0.000000000000000000, 1.000000000000000000, 1.387778780781445676E-14 ) ) ;
#8561 = DIRECTION ( 'NONE',  ( 1.000000000000000000, 0.000000000000000000, 0.000000000000000000 ) ) ;
#8562 = PRESENTATION_LAYER_ASSIGNMENT (  '', '', ( #1226 ) ) ;
#8563 = CARTESIAN_POINT ( 'NONE',  ( 35.01183351911118535, 17.94777509259553128, -14.79520435591614635 ) ) ;
#8564 = ORIENTED_EDGE ( 'NONE', *, *, #6214, .T. ) ;
#8565 = AXIS2_PLACEMENT_3D ( 'NONE', #9305, #6961, #7760 ) ;
#8566 = VERTEX_POINT ( 'NONE', #3319 ) ;
#8567 = CIRCLE ( 'NONE', #5540, 36.00000000000000000 ) ;
#8568 = FACE_OUTER_BOUND ( 'NONE', #4073, .T. ) ;
#8569 = CARTESIAN_POINT ( 'NONE',  ( 0.000000000000000000, 0.000000000000000000, -41.00000000000000000 ) ) ;
#8570 = CARTESIAN_POINT ( 'NONE',  ( 35.07692307692307310, 8.099967126823496955, -11.99999999999999289 ) ) ;
#8571 = VECTOR ( 'NONE', #7767, 1000.000000000000000 ) ;
#8572 = CARTESIAN_POINT ( 'NONE',  ( -6.735557395310464703E-15, -54.99999999999655387, -441.0000000000007958 ) ) ;
#8573 = LINE ( 'NONE', #7836, #5316 ) ;
#8574 = EDGE_LOOP ( 'NONE', ( #7522, #4988, #6544, #4328 ) ) ;
#8575 = EDGE_LOOP ( 'NONE', ( #2969, #4083, #5858, #8381 ) ) ;
#8576 = AXIS2_PLACEMENT_3D ( 'NONE', #2784, #5132, #2831 ) ;
#8577 = ORIENTED_EDGE ( 'NONE', *, *, #2971, .F. ) ;
#8578 = CARTESIAN_POINT ( 'NONE',  ( 1.657975655542604885E-14, -145.5999999999999943, 9.000000000000000000 ) ) ;
#8579 = AXIS2_PLACEMENT_3D ( 'NONE', #381, #7961, #1973 ) ;
#8580 = ORIENTED_EDGE ( 'NONE', *, *, #5960, .F. ) ;
#8581 = DIRECTION ( 'NONE',  ( 0.000000000000000000, 0.000000000000000000, 1.000000000000000000 ) ) ;
#8582 = CIRCLE ( 'NONE', #8240, 3.000000000000002665 ) ;
#8583 = DIRECTION ( 'NONE',  ( 0.000000000000000000, 6.982962677686266711E-15, -1.000000000000000000 ) ) ;
#8584 = CARTESIAN_POINT ( 'NONE',  ( 0.000000000000000000, 2.094888803305881906E-14, -99.00000000000002842 ) ) ;
#8585 = CARTESIAN_POINT ( 'NONE',  ( -6.534934543450652077E-17, 284.9999999999994316, 433.0000000000000000 ) ) ;
#8586 = ORIENTED_EDGE ( 'NONE', *, *, #8332, .T. ) ;
#8587 = DIRECTION ( 'NONE',  ( 0.000000000000000000, 0.000000000000000000, -1.000000000000000000 ) ) ;
#8588 = DIRECTION ( 'NONE',  ( -0.000000000000000000, -6.982962677686266711E-15, 1.000000000000000000 ) ) ;
#8589 = CARTESIAN_POINT ( 'NONE',  ( -22.50000000000001066, 26.61895490961827804, 30.62270399556513567 ) ) ;
#8590 = VERTEX_POINT ( 'NONE', #1025 ) ;
#8591 = ORIENTED_EDGE ( 'NONE', *, *, #3398, .T. ) ;
#8592 = ORIENTED_EDGE ( 'NONE', *, *, #2497, .F. ) ;
#8593 = EDGE_CURVE ( 'NONE', #4655, #6393, #9429, .T. ) ;
#8594 = LINE ( 'NONE', #4799, #9245 ) ;
#8595 = EDGE_CURVE ( 'NONE', #4664, #4115, #1300, .T. ) ;
#8596 = CARTESIAN_POINT ( 'NONE',  ( 64.56989347527211009, -47.23059238027785511, -213.0000000000003411 ) ) ;
#8597 = EDGE_CURVE ( 'NONE', #9567, #3077, #6402, .T. ) ;
#8598 = ORIENTED_EDGE ( 'NONE', *, *, #4274, .F. ) ;
#8599 = AXIS2_PLACEMENT_3D ( 'NONE', #9745, #8960, #728 ) ;
#8600 = CARTESIAN_POINT ( 'NONE',  ( 16.93509384916110605, 12.16844084219572864, -34.02159017231513616 ) ) ;
#8601 = CYLINDRICAL_SURFACE ( 'NONE', #8386, 16.89999999999999858 ) ;
#8602 = CARTESIAN_POINT ( 'NONE',  ( -21.41339544593832755, -169.2816994800511452, 9.042546674575051568 ) ) ;
#8603 = DIRECTION ( 'NONE',  ( 0.000000000000000000, -6.982962677686266711E-15, 1.000000000000000000 ) ) ;
#8604 = CARTESIAN_POINT ( 'NONE',  ( -38.00000000000000000, 60.00000000000000000, -4.500000000000012434 ) ) ;
#8605 = CARTESIAN_POINT ( 'NONE',  ( -18.49218940641787512, 60.00000000000000000, 8.999999999999991118 ) ) ;
#8606 = AXIS2_PLACEMENT_3D ( 'NONE', #7252, #6493, #406 ) ;
#8607 = ORIENTED_EDGE ( 'NONE', *, *, #7513, .F. ) ;
#8608 = EDGE_CURVE ( 'NONE', #5553, #7931, #6204, .T. ) ;
#8609 = EDGE_CURVE ( 'NONE', #5896, #4536, #652, .T. ) ;
#8610 = CARTESIAN_POINT ( 'NONE',  ( 38.00000000000000711, -201.1999999999999886, 8.123104788713554552E-15 ) ) ;
#8611 = DIRECTION ( 'NONE',  ( 0.000000000000000000, -6.982962677686266711E-15, 1.000000000000000000 ) ) ;
#8612 = CARTESIAN_POINT ( 'NONE',  ( -17.84476366519375645, 40.72339875208428595, -33.55335923862958936 ) ) ;
#8613 = DIRECTION ( 'NONE',  ( 0.05233595624294370974, 0.9986295347545739443, 0.000000000000000000 ) ) ;
#8614 = CARTESIAN_POINT ( 'NONE',  ( 33.17726692718950687, 16.22403656522747539, -18.60048492403744902 ) ) ;
#8615 = VERTEX_POINT ( 'NONE', #7117 ) ;
#8616 = VECTOR ( 'NONE', #9239, 1000.000000000000000 ) ;
#8617 = ORIENTED_EDGE ( 'NONE', *, *, #5158, .F. ) ;
#8618 = PRODUCT_DEFINITION_CONTEXT ( 'detailed design', #3392, 'design' ) ;
#8619 = CARTESIAN_POINT ( 'NONE',  ( -38.00000000000000000, 47.19999999999999574, -4.500000000000012434 ) ) ;
#8620 = VECTOR ( 'NONE', #1256, 1000.000000000000114 ) ;
#8621 = TOROIDAL_SURFACE ( 'NONE', #5284, 39.00000000000000000, 3.000000000000000000 ) ;
#8622 = CARTESIAN_POINT ( 'NONE',  ( 0.000000000000000000, 0.000000000000000000, -9.000000000000000000 ) ) ;
#8623 = FACE_OUTER_BOUND ( 'NONE', #7687, .T. ) ;
#8624 = CARTESIAN_POINT ( 'NONE',  ( 0.000000000000000000, 0.000000000000000000, -12.00000000000001066 ) ) ;
#8625 = DIRECTION ( 'NONE',  ( 0.000000000000000000, 1.396592535537253342E-14, -1.000000000000000000 ) ) ;
#8626 = ORIENTED_EDGE ( 'NONE', *, *, #1583, .T. ) ;
#8627 = AXIS2_PLACEMENT_3D ( 'NONE', #5308, #4656, #6920 ) ;
#8628 = VERTEX_POINT ( 'NONE', #3267 ) ;
#8629 = AXIS2_PLACEMENT_3D ( 'NONE', #7694, #5482, #3845 ) ;
#8630 = EDGE_LOOP ( 'NONE', ( #2669, #4052, #5674, #4523 ) ) ;
#8631 = AXIS2_PLACEMENT_3D ( 'NONE', #9308, #2575, #5403 ) ;
#8632 = VERTEX_POINT ( 'NONE', #1577 ) ;
#8633 = AXIS2_PLACEMENT_3D ( 'NONE', #2022, #2912, #429 ) ;
#8634 = CARTESIAN_POINT ( 'NONE',  ( 1.539749897050354256E-14, -43.99999999999733546, -385.0000000000006253 ) ) ;
#8635 = CARTESIAN_POINT ( 'NONE',  ( 0.000000000000000000, 0.000000000000000000, 41.00000000000000000 ) ) ;
#8636 = DIRECTION ( 'NONE',  ( -1.000000000000000000, -0.000000000000000000, 0.000000000000000000 ) ) ;
#8637 = CARTESIAN_POINT ( 'NONE',  ( -3.903339264018000556E-14, 130.2000000000015234, 319.0000000000000568 ) ) ;
#8638 = AXIS2_PLACEMENT_3D ( 'NONE', #6710, #3357, #6406 ) ;
#8639 = VERTEX_POINT ( 'NONE', #7818 ) ;
#8640 = FILL_AREA_STYLE ('',( #4096 ) ) ;
#8641 = CARTESIAN_POINT ( 'NONE',  ( -21.26804159345164891, 19.64763317071530935, 31.49116742877600927 ) ) ;
#8642 = ORIENTED_EDGE ( 'NONE', *, *, #8402, .T. ) ;
#8643 = EDGE_LOOP ( 'NONE', ( #9323, #7330 ) ) ;
#8644 = ORIENTED_EDGE ( 'NONE', *, *, #6412, .T. ) ;
#8645 = DIRECTION ( 'NONE',  ( 0.2840153447039234225, -0.9588197348681927190, 0.000000000000000000 ) ) ;
#8646 = CARTESIAN_POINT ( 'NONE',  ( 38.75000000000000000, -2.647129237368599264E-15, 8.968695557326059387 ) ) ;
#8647 = AXIS2_PLACEMENT_3D ( 'NONE', #6414, #8839, #5056 ) ;
#8648 = CARTESIAN_POINT ( 'NONE',  ( 20.88047799206163191, 18.61016618507225218, -31.74955555425174225 ) ) ;
#8649 = CARTESIAN_POINT ( 'NONE',  ( -38.74999999995428368, 1.474284678808428728, -8.968695557329889212 ) ) ;
#8650 = PLANE ( 'NONE',  #7598 ) ;
#8651 = CARTESIAN_POINT ( 'NONE',  ( -20.91567205257156914, -168.2829123009146315, 9.000000000000000000 ) ) ;
#8652 = PLANE ( 'NONE',  #1627 ) ;
#8653 = EDGE_CURVE ( 'NONE', #6731, #9440, #7662, .T. ) ;
#8654 = ADVANCED_FACE ( 'NONE', ( #280 ), #6260, .T. ) ;
#8655 = CARTESIAN_POINT ( 'NONE',  ( 0.000000000000000000, 90.00000000000000000, 0.000000000000000000 ) ) ;
#8656 = VERTEX_POINT ( 'NONE', #7072 ) ;
#8657 = FACE_OUTER_BOUND ( 'NONE', #1848, .T. ) ;
#8658 = EDGE_CURVE ( 'NONE', #6168, #2032, #977, .T. ) ;
#8659 = ADVANCED_FACE ( 'NONE', ( #3166 ), #872, .F. ) ;
#8660 = DIRECTION ( 'NONE',  ( 0.000000000000000000, 1.000000000000000000, 1.110223024624947492E-14 ) ) ;
#8661 = DIRECTION ( 'NONE',  ( 0.000000000000000000, 0.000000000000000000, 1.000000000000000000 ) ) ;
#8662 = DIRECTION ( 'NONE',  ( -0.000000000000000000, 0.000000000000000000, 1.000000000000000000 ) ) ;
#8663 = CARTESIAN_POINT ( 'NONE',  ( 32.31098884280702777, 15.41602615938555587, -20.00000000000000711 ) ) ;
#8664 = ORIENTED_EDGE ( 'NONE', *, *, #2671, .F. ) ;
#8665 = AXIS2_PLACEMENT_3D ( 'NONE', #3297, #7055, #6350 ) ;
#8666 = ADVANCED_FACE ( 'NONE', ( #4021 ), #5455, .T. ) ;
#8667 = ORIENTED_EDGE ( 'NONE', *, *, #1169, .T. ) ;
#8668 = CARTESIAN_POINT ( 'NONE',  ( 28.61817604250837377, 85.00000000000000000, 25.00000000000000000 ) ) ;
#8669 = VECTOR ( 'NONE', #2768, 1000.000000000000000 ) ;
#8670 = CARTESIAN_POINT ( 'NONE',  ( -32.31098884280702777, 15.41602615938555587, 20.00000000000000711 ) ) ;
#8671 = DIRECTION ( 'NONE',  ( 0.000000000000000000, 0.000000000000000000, 1.000000000000000000 ) ) ;
#8672 = ITEM_DEFINED_TRANSFORMATION ( 'NONE', 'NONE', #5069,  #2024 ) ;
#8673 = CARTESIAN_POINT ( 'NONE',  ( -36.00000000000000000, 4.163153889128631596E-13, -178.0000000000000284 ) ) ;
#8674 = VECTOR ( 'NONE', #91, 1000.000000000000000 ) ;
#8675 = CARTESIAN_POINT ( 'NONE',  ( -36.00000000000000000, -201.1999999999999886, -11.95826074310141252 ) ) ;
#8676 = ORIENTED_EDGE ( 'NONE', *, *, #4437, .T. ) ;
#8677 = ORIENTED_EDGE ( 'NONE', *, *, #4368, .F. ) ;
#8678 = EDGE_LOOP ( 'NONE', ( #6728, #8364, #5582, #7935 ) ) ;
#8679 = ORIENTED_EDGE ( 'NONE', *, *, #6478, .T. ) ;
#8680 = CIRCLE ( 'NONE', #3422, 1.000000000000000000 ) ;
#8681 = CARTESIAN_POINT ( 'NONE',  ( 28.61817604250837377, 6.755772121541173014, -25.00000000000000000 ) ) ;
#8682 = CARTESIAN_POINT ( 'NONE',  ( 21.01703779251029047, 18.93339719455207870, 31.66069013995745252 ) ) ;
#8683 = FACE_OUTER_BOUND ( 'NONE', #7957, .T. ) ;
#8684 = DIRECTION ( 'NONE',  ( 0.5502962740332714153, 9.040246182854999654E-17, 0.8349694669777442124 ) ) ;
#8685 = ORIENTED_EDGE ( 'NONE', *, *, #5721, .F. ) ;
#8686 = DIRECTION ( 'NONE',  ( 0.000000000000000000, 0.000000000000000000, 1.000000000000000000 ) ) ;
#8687 = PLANE ( 'NONE',  #70 ) ;
#8688 = ORIENTED_EDGE ( 'NONE', *, *, #4750, .T. ) ;
#8689 = VERTEX_POINT ( 'NONE', #4705 ) ;
#8690 = DIRECTION ( 'NONE',  ( 1.000000000000000000, 0.000000000000000000, 0.000000000000000000 ) ) ;
#8691 = DIRECTION ( 'NONE',  ( -0.000000000000000000, -0.000000000000000000, 1.000000000000000000 ) ) ;
#8692 = CARTESIAN_POINT ( 'NONE',  ( 34.51751045525493566, -54.22455240934123566, 0.000000000000000000 ) ) ;
#8693 = PLANE ( 'NONE',  #9418 ) ;
#8694 = DIRECTION ( 'NONE',  ( -0.000000000000000000, 0.000000000000000000, 1.000000000000000000 ) ) ;
#8695 = CARTESIAN_POINT ( 'NONE',  ( -7.000000000000003553, -145.5999999999999659, -5.999999999999999112 ) ) ;
#8696 = CARTESIAN_POINT ( 'NONE',  ( -8.000000000000003553, -145.5999999999999659, 5.999999999999999112 ) ) ;
#8697 = ORIENTED_EDGE ( 'NONE', *, *, #7273, .T. ) ;
#8698 =( REPRESENTATION_RELATIONSHIP ('NONE','NONE', #4268, #6310 ) REPRESENTATION_RELATIONSHIP_WITH_TRANSFORMATION ( #995 )SHAPE_REPRESENTATION_RELATIONSHIP( ) );
#8699 = ORIENTED_EDGE ( 'NONE', *, *, #7014, .F. ) ;
#8700 = EDGE_CURVE ( 'NONE', #251, #7596, #191, .T. ) ;
#8701 = EDGE_CURVE ( 'NONE', #9763, #6114, #1785, .T. ) ;
#8702 = CARTESIAN_POINT ( 'NONE',  ( 1.113166901616573723, 43.89999999999999858, 42.50000000000000000 ) ) ;
#8703 = DIRECTION ( 'NONE',  ( 0.000000000000000000, 1.000000000000000000, 0.000000000000000000 ) ) ;
#8704 = CARTESIAN_POINT ( 'NONE',  ( 1.539749897050354256E-14, -43.99999999999707967, -403.0000000000006253 ) ) ;
#8705 = CARTESIAN_POINT ( 'NONE',  ( -1.520312118243568822, 49.45180211582303542, -37.97147846150689787 ) ) ;
#8706 = DIRECTION ( 'NONE',  ( 0.000000000000000000, 6.982962677686266711E-15, -1.000000000000000000 ) ) ;
#8707 = ORIENTED_EDGE ( 'NONE', *, *, #4195, .T. ) ;
#8708 = AXIS2_PLACEMENT_3D ( 'NONE', #1015, #5558, #7860 ) ;
#8709 = ADVANCED_FACE ( 'NONE', ( #2470 ), #5507, .F. ) ;
#8710 = ADVANCED_FACE ( 'NONE', ( #3553 ), #1074, .T. ) ;
#8711 = ORIENTED_EDGE ( 'NONE', *, *, #4670, .T. ) ;
#8712 = ADVANCED_FACE ( 'NONE', ( #1971 ), #4119, .T. ) ;
#8713 = CARTESIAN_POINT ( 'NONE',  ( 0.000000000000000000, 27.00000000000000000, -42.50000000000000711 ) ) ;
#8714 = CARTESIAN_POINT ( 'NONE',  ( 0.000000000000000000, 90.00000000000000000, 0.000000000000000000 ) ) ;
#8715 = AXIS2_PLACEMENT_3D ( 'NONE', #9491, #5648, #1066 ) ;
#8716 = CARTESIAN_POINT ( 'NONE',  ( -38.75000000000000000, -199.7268035184360144, 8.968695557326034518 ) ) ;
#8717 = LINE ( 'NONE', #2634, #2255 ) ;
#8718 = CONTEXT_DEPENDENT_SHAPE_REPRESENTATION ( #3164, #6615 ) ;
#8719 = LINE ( 'NONE', #6575, #6508 ) ;
#8720 = DIRECTION ( 'NONE',  ( -1.000000000000000000, 0.000000000000000000, 0.000000000000000000 ) ) ;
#8721 = ORIENTED_EDGE ( 'NONE', *, *, #7380, .F. ) ;
#8722 = AXIS2_PLACEMENT_3D ( 'NONE', #1345, #3487, #2742 ) ;
#8723 = ORIENTED_EDGE ( 'NONE', *, *, #1376, .T. ) ;
#8724 = ORIENTED_EDGE ( 'NONE', *, *, #8827, .F. ) ;
#8725 = AXIS2_PLACEMENT_3D ( 'NONE', #783, #2325, #6983 ) ;
#8726 = AXIS2_PLACEMENT_3D ( 'NONE', #4770, #281, #5404 ) ;
#8727 = ORIENTED_EDGE ( 'NONE', *, *, #3230, .F. ) ;
#8728 = ADVANCED_FACE ( 'NONE', ( #518 ), #5006, .T. ) ;
#8729 = AXIS2_PLACEMENT_3D ( 'NONE', #6795, #2997, #899 ) ;
#8730 = DIRECTION ( 'NONE',  ( 1.000000000000000000, -7.709882115452474222E-16, 0.000000000000000000 ) ) ;
#8731 = CARTESIAN_POINT ( 'NONE',  ( 16.89999999999999858, 0.000000000000000000, -38.99999999999998579 ) ) ;
#8732 = CARTESIAN_POINT ( 'NONE',  ( -6.999999999999989342, -55.60000000000000853, -4.999999999999999112 ) ) ;
#8733 = DIRECTION ( 'NONE',  ( 1.000000000000000000, 0.000000000000000000, 0.000000000000000000 ) ) ;
#8734 = AXIS2_PLACEMENT_3D ( 'NONE', #7459, #3658, #6712 ) ;
#8735 = VERTEX_POINT ( 'NONE', #4166 ) ;
#8736 = PRESENTATION_STYLE_ASSIGNMENT (( #4890 ) ) ;
#8737 = DIRECTION ( 'NONE',  ( 1.000000000000000000, 0.000000000000000000, 0.000000000000000000 ) ) ;
#8738 = ORIENTED_EDGE ( 'NONE', *, *, #7936, .T. ) ;
#8739 = AXIS2_PLACEMENT_3D ( 'NONE', #484, #4225, #7183 ) ;
#8740 = ORIENTED_EDGE ( 'NONE', *, *, #259, .T. ) ;
#8741 = DIRECTION ( 'NONE',  ( -1.000000000000000000, 0.000000000000000000, 0.000000000000000000 ) ) ;
#8742 = CARTESIAN_POINT ( 'NONE',  ( 0.000000000000000000, 0.000000000000000000, 9.000000000000000000 ) ) ;
#8743 = AXIS2_PLACEMENT_3D ( 'NONE', #7460, #1320, #5844 ) ;
#8744 = CARTESIAN_POINT ( 'NONE',  ( 0.000000000000000000, 36.00000000000109424, -291.9999999999997158 ) ) ;
#8745 = CARTESIAN_POINT ( 'NONE',  ( -8.000000000000003553, -145.5999999999999659, 8.000000000000000000 ) ) ;
#8746 = CARTESIAN_POINT ( 'NONE',  ( -22.34580446989312819, 30.02320378919164412, 30.73757103608874885 ) ) ;
#8747 = DIRECTION ( 'NONE',  ( -0.000000000000000000, 0.000000000000000000, 1.000000000000000000 ) ) ;
#8748 = CARTESIAN_POINT ( 'NONE',  ( -10.32656915246908547, 13.57686907347590655, -41.23697970723523554 ) ) ;
#8749 = ORIENTED_EDGE ( 'NONE', *, *, #659, .F. ) ;
#8750 = ORIENTED_EDGE ( 'NONE', *, *, #2184, .T. ) ;
#8751 = LINE ( 'NONE', #4353, #4336 ) ;
#8752 = DIRECTION ( 'NONE',  ( 0.000000000000000000, 0.000000000000000000, 1.000000000000000000 ) ) ;
#8753 = AXIS2_PLACEMENT_3D ( 'NONE', #269, #8543, #3954 ) ;
#8754 = LINE ( 'NONE', #4307, #9028 ) ;
#8755 = DIRECTION ( 'NONE',  ( -0.000000000000000000, -0.000000000000000000, 1.000000000000000000 ) ) ;
#8756 = DIRECTION ( 'NONE',  ( 0.000000000000000000, 1.396592535537253342E-14, -1.000000000000000000 ) ) ;
#8757 = AXIS2_PLACEMENT_3D ( 'NONE', #526, #8110, #6725 ) ;
#8758 = EDGE_LOOP ( 'NONE', ( #7218, #5962, #1664, #6167 ) ) ;
#8759 = EDGE_CURVE ( 'NONE', #9352, #2684, #6724, .T. ) ;
#8760 = ORIENTED_EDGE ( 'NONE', *, *, #6698, .T. ) ;
#8761 = DIRECTION ( 'NONE',  ( -0.000000000000000000, -0.000000000000000000, -1.000000000000000000 ) ) ;
#8762 = CARTESIAN_POINT ( 'NONE',  ( -38.00000000000000000, 60.00000000000000000, -9.000000000000012434 ) ) ;
#8763 = DIRECTION ( 'NONE',  ( -1.000000000000000000, 0.000000000000000000, 0.000000000000000000 ) ) ;
#8764 = VECTOR ( 'NONE', #172, 1000.000000000000000 ) ;
#8765 = ADVANCED_FACE ( 'NONE', ( #6461 ), #4861, .T. ) ;
#8766 = DIRECTION ( 'NONE',  ( 0.000000000000000000, 1.000000000000000000, 0.000000000000000000 ) ) ;
#8767 = EDGE_CURVE ( 'NONE', #2586, #5884, #7994, .T. ) ;
#8768 = DIRECTION ( 'NONE',  ( 0.000000000000000000, -1.000000000000000000, 0.000000000000000000 ) ) ;
#8769 = ORIENTED_EDGE ( 'NONE', *, *, #2985, .T. ) ;
#8770 = EDGE_CURVE ( 'NONE', #3077, #3302, #9266, .T. ) ;
#8771 = ORIENTED_EDGE ( 'NONE', *, *, #2128, .T. ) ;
#8772 = ORIENTED_EDGE ( 'NONE', *, *, #3820, .F. ) ;
#8773 = COLOUR_RGB ( '',0.7921568627450980005, 0.8196078431372548767, 0.9333333333333333481 ) ;
#8774 = FACE_OUTER_BOUND ( 'NONE', #254, .T. ) ;
#8775 = CARTESIAN_POINT ( 'NONE',  ( 34.36931771216880804, 7.682918477743846175, 25.00000000000000000 ) ) ;
#8776 = DIRECTION ( 'NONE',  ( 1.000000000000000000, -1.776356839400250859E-15, 0.000000000000000000 ) ) ;
#8777 =( NAMED_UNIT ( * ) SI_UNIT ( $, .STERADIAN. ) SOLID_ANGLE_UNIT ( ) );
#8778 = ORIENTED_EDGE ( 'NONE', *, *, #365, .T. ) ;
#8779 = CARTESIAN_POINT ( 'NONE',  ( -22.50000000000001421, 26.23664794342627005, -30.62270399556519607 ) ) ;
#8780 = CIRCLE ( 'NONE', #4468, 39.50000000000000000 ) ;
#8781 = AXIS2_PLACEMENT_3D ( 'NONE', #9355, #6147, #4067 ) ;
#8782 = ADVANCED_FACE ( 'NONE', ( #8657 ), #7222, .T. ) ;
#8783 = FACE_OUTER_BOUND ( 'NONE', #9613, .T. ) ;
#8784 = ORIENTED_EDGE ( 'NONE', *, *, #7817, .F. ) ;
#8785 = EDGE_LOOP ( 'NONE', ( #8462, #738, #3138, #7499, #7646 ) ) ;
#8786 = DIRECTION ( 'NONE',  ( 0.000000000000000000, 0.000000000000000000, -1.000000000000000000 ) ) ;
#8787 = PLANE ( 'NONE',  #7331 ) ;
#8788 = EDGE_CURVE ( 'NONE', #9475, #333, #3450, .T. ) ;
#8789 = CIRCLE ( 'NONE', #3368, 2.999999999999999112 ) ;
#8790 = AXIS2_PLACEMENT_3D ( 'NONE', #4256, #7912, #7170 ) ;
#8791 = DIRECTION ( 'NONE',  ( -0.000000000000000000, 1.000000000000000000, 0.000000000000000000 ) ) ;
#8792 = CARTESIAN_POINT ( 'NONE',  ( -46.49956922558553885, -13.77379991454192876, -46.00000000000000000 ) ) ;
#8793 = CARTESIAN_POINT ( 'NONE',  ( -6.999999999999989342, -55.60000000000000853, -4.999999999999999112 ) ) ;
#8794 = CARTESIAN_POINT ( 'NONE',  ( 21.16049240559688016, -168.7874508811446788, 8.999999999999998224 ) ) ;
#8795 = DIRECTION ( 'NONE',  ( 1.541976423090496126E-16, 1.000000000000000000, -0.000000000000000000 ) ) ;
#8796 = VERTEX_POINT ( 'NONE', #1267 ) ;
#8797 = ORIENTED_EDGE ( 'NONE', *, *, #1146, .F. ) ;
#8798 = AXIS2_PLACEMENT_3D ( 'NONE', #3961, #8499, #1671 ) ;
#8799 = CARTESIAN_POINT ( 'NONE',  ( 37.50000000000001421, 15.41602615938555765, -19.99999999999999645 ) ) ;
#8800 = CARTESIAN_POINT ( 'NONE',  ( 0.000000000000000000, 66.79999999999999716, 0.000000000000000000 ) ) ;
#8801 = CARTESIAN_POINT ( 'NONE',  ( 16.90000000000000213, 26.44310695841529579, -38.99538434225262051 ) ) ;
#8802 = CARTESIAN_POINT ( 'NONE',  ( -3.023713973569383651, 49.30865901408448337, -37.88696980540284898 ) ) ;
#8803 = DIRECTION ( 'NONE',  ( -1.000000000000000000, -0.000000000000000000, 0.000000000000000000 ) ) ;
#8804 = VERTEX_POINT ( 'NONE', #3415 ) ;
#8805 = DIRECTION ( 'NONE',  ( -1.000000000000000000, 1.224646799147353454E-16, 0.000000000000000000 ) ) ;
#8806 = DIRECTION ( 'NONE',  ( 0.000000000000000000, 0.000000000000000000, -1.000000000000000000 ) ) ;
#8807 = DIRECTION ( 'NONE',  ( 0.000000000000000000, 1.396592535537253342E-14, -1.000000000000000000 ) ) ;
#8808 = DIRECTION ( 'NONE',  ( 1.000000000000000000, 0.000000000000000000, 0.000000000000000000 ) ) ;
#8809 = DIRECTION ( 'NONE',  ( 0.000000000000000000, 1.000000000000000000, 6.938893903907228378E-15 ) ) ;
#8810 = VERTEX_POINT ( 'NONE', #7314 ) ;
#8811 = B_SPLINE_CURVE_WITH_KNOTS ( 'NONE', 3,
 ( #8323, #3642, #1406, #1453, #4487, #7544, #6792, #4298, #3545, #6600, #6852, #2448 ),
 .UNSPECIFIED., .F., .F.,
 ( 4, 2, 2, 2, 2, 4 ),
 ( 0.000000000000000000, 0.002788532341232674745, 0.005577064682465349491, 0.008365597023698025103, 0.009759863194314363777, 0.01115412936493070419 ),
 .UNSPECIFIED. ) ;
#8812 = ORIENTED_EDGE ( 'NONE', *, *, #1882, .F. ) ;
#8813 = ORIENTED_EDGE ( 'NONE', *, *, #3353, .F. ) ;
#8814 = VERTEX_POINT ( 'NONE', #1875 ) ;
#8815 = ADVANCED_FACE ( 'NONE', ( #2664 ), #5348, .F. ) ;
#8816 = EDGE_CURVE ( 'NONE', #3949, #2854, #1532, .T. ) ;
#8817 = CARTESIAN_POINT ( 'NONE',  ( 32.08864635371471508, 15.20863889184843742, -20.35920528421720377 ) ) ;
#8818 = LINE ( 'NONE', #8731, #2577 ) ;
#8819 = DIRECTION ( 'NONE',  ( 0.8211748060177344044, -3.275254636592930729E-16, 0.5706767368324526801 ) ) ;
#8820 = CARTESIAN_POINT ( 'NONE',  ( -56.90275806167113615, -150.8206776050439544, -8.999999999999998224 ) ) ;
#8821 = CARTESIAN_POINT ( 'NONE',  ( -21.01703779251029047, 18.93339719455207870, -31.66069013995745252 ) ) ;
#8822 = CARTESIAN_POINT ( 'NONE',  ( -8.000000000000003553, -145.5999999999999659, 5.999999999999999112 ) ) ;
#8823 = VERTEX_POINT ( 'NONE', #1830 ) ;
#8824 = VERTEX_POINT ( 'NONE', #2621 ) ;
#8825 = LINE ( 'NONE', #6638, #5997 ) ;
#8826 = FACE_OUTER_BOUND ( 'NONE', #3901, .T. ) ;
#8827 = EDGE_CURVE ( 'NONE', #892, #1921, #4883, .T. ) ;
#8828 = EDGE_CURVE ( 'NONE', #1897, #3327, #1171, .T. ) ;
#8829 = FACE_OUTER_BOUND ( 'NONE', #2205, .T. ) ;
#8830 = DIRECTION ( 'NONE',  ( 0.000000000000000000, 0.000000000000000000, -1.000000000000000000 ) ) ;
#8831 = DIRECTION ( 'NONE',  ( -0.000000000000000000, -0.000000000000000000, -1.000000000000000000 ) ) ;
#8832 = CARTESIAN_POINT ( 'NONE',  ( 1.539749897050354256E-14, -44.00000000000000000, -46.00000000000000000 ) ) ;
#8833 = B_SPLINE_CURVE_WITH_KNOTS ( 'NONE', 3,
 ( #7475, #9576, #5810, #4375, #6629, #8962, #2781, #7382, #1990, #4282, #8214, #2037, #5024, #8066, #3679, #1240, #5176, #8861, #4331, #4425, #540, #3575, #6732, #9665, #2084, #9767 ),
 .UNSPECIFIED., .F., .F.,
 ( 4, 2, 2, 2, 2, 2, 2, 2, 2, 2, 2, 2, 4 ),
 ( 0.000000000000000000, 0.003338098533376480416, 0.005007147800064724527, 0.006676197066752969506, 0.01001429560012945773, 0.01168334486681770444, 0.01335239413350594942, 0.01502144340019419266, 0.01669049266688243591, 0.02002859120025892586, 0.02169764046694717258, 0.02336668973363541929, 0.02670478826701190925 ),
 .UNSPECIFIED. ) ;
#8834 = CARTESIAN_POINT ( 'NONE',  ( -1.910329801890210577E-19, 10.09999999999999964, -42.50000000000000711 ) ) ;
#8835 = ORIENTED_EDGE ( 'NONE', *, *, #3397, .T. ) ;
#8836 = VERTEX_POINT ( 'NONE', #9601 ) ;
#8837 = EDGE_CURVE ( 'NONE', #375, #6381, #903, .T. ) ;
#8838 = UNCERTAINTY_MEASURE_WITH_UNIT (LENGTH_MEASURE( 1.000000000000000082E-05 ), #6895, 'distance_accuracy_value', 'NONE');
#8839 = DIRECTION ( 'NONE',  ( 0.000000000000000000, 1.000000000000000000, 0.000000000000000000 ) ) ;
#8840 = DIRECTION ( 'NONE',  ( 0.000000000000000000, -6.982962677686266711E-15, 1.000000000000000000 ) ) ;
#8841 = CARTESIAN_POINT ( 'NONE',  ( -36.00000000000000000, 0.000000000000000000, 19.00000000000000000 ) ) ;
#8842 = EDGE_CURVE ( 'NONE', #6843, #7548, #2322, .T. ) ;
#8843 = CARTESIAN_POINT ( 'NONE',  ( 1.112149331886260528, 10.12734882043165641, -42.48910191652839785 ) ) ;
#8844 = UNCERTAINTY_MEASURE_WITH_UNIT (LENGTH_MEASURE( 1.000000000000000082E-05 ), #4693, 'distance_accuracy_value', 'NONE');
#8845 = CARTESIAN_POINT ( 'NONE',  ( 36.00000000000000000, 0.000000000000000000, 19.00000000000000000 ) ) ;
#8846 = CARTESIAN_POINT ( 'NONE',  ( 1.539749897050354256E-14, -44.00000000000000000, 0.000000000000000000 ) ) ;
#8847 = VERTEX_POINT ( 'NONE', #9697 ) ;
#8848 = DIRECTION ( 'NONE',  ( 0.000000000000000000, -1.000000000000000000, -6.938893903907228378E-15 ) ) ;
#8849 = CARTESIAN_POINT ( 'NONE',  ( -28.61817604250837377, 85.00000000000000000, 25.00000000000000000 ) ) ;
#8850 = CARTESIAN_POINT ( 'NONE',  ( -38.00000000000000000, 47.19999999999999574, 4.499999999999983125 ) ) ;
#8851 = CARTESIAN_POINT ( 'NONE',  ( -36.00000000000000000, -201.1999999999999886, 9.198662110077982845 ) ) ;
#8852 = AXIS2_PLACEMENT_3D ( 'NONE', #3863, #4060, #6957 ) ;
#8853 = FACE_OUTER_BOUND ( 'NONE', #8491, .T. ) ;
#8854 = ORIENTED_EDGE ( 'NONE', *, *, #8597, .T. ) ;
#8855 = ORIENTED_EDGE ( 'NONE', *, *, #351, .F. ) ;
#8856 = ORIENTED_EDGE ( 'NONE', *, *, #2352, .T. ) ;
#8857 = ORIENTED_EDGE ( 'NONE', *, *, #6698, .F. ) ;
#8858 = PRODUCT_RELATED_PRODUCT_CATEGORY ( 'part', '', ( #4645 ) ) ;
#8859 = AXIS2_PLACEMENT_3D ( 'NONE', #7213, #371, #9594 ) ;
#8860 = PRODUCT_DEFINITION_FORMATION_WITH_SPECIFIED_SOURCE ( 'ANY', '', #3678, .NOT_KNOWN. ) ;
#8861 = CARTESIAN_POINT ( 'NONE',  ( 8.488346646712145116, 12.34451481734961398, 41.65437685265993650 ) ) ;
#8862 = CARTESIAN_POINT ( 'NONE',  ( 36.54387243975107680, 14.19071077861742047, 21.70066375831248706 ) ) ;
#8863 = CARTESIAN_POINT ( 'NONE',  ( -9.000000000000005329, -145.5999999999999659, -9.000000000000000000 ) ) ;
#8864 = VECTOR ( 'NONE', #7579, 1000.000000000000000 ) ;
#8865 =( NAMED_UNIT ( * ) PLANE_ANGLE_UNIT ( ) SI_UNIT ( $, .RADIAN. ) );
#8866 = ORIENTED_EDGE ( 'NONE', *, *, #9747, .T. ) ;
#8867 = CARTESIAN_POINT ( 'NONE',  ( 46.49956922558554595, -13.77379991454191632, -61.00000000000000000 ) ) ;
#8868 = CARTESIAN_POINT ( 'NONE',  ( -38.00000000000000711, -201.1999999999999886, -1.514518439508615673E-14 ) ) ;
#8869 = ORIENTED_EDGE ( 'NONE', *, *, #2310, .T. ) ;
#8870 = VECTOR ( 'NONE', #6536, 1000.000000000000000 ) ;
#8871 = CIRCLE ( 'NONE', #2026, 36.00000000000000000 ) ;
#8872 = VERTEX_POINT ( 'NONE', #7409 ) ;
#8873 = CARTESIAN_POINT ( 'NONE',  ( -64.56989347527211009, 47.23059238027838092, -46.00000000000000000 ) ) ;
#8874 = CARTESIAN_POINT ( 'NONE',  ( -38.75000000000000000, -201.1999999999999886, -8.968695557326064716 ) ) ;
#8875 = AXIS2_PLACEMENT_3D ( 'NONE', #2397, #8325, #9176 ) ;
#8876 = DIRECTION ( 'NONE',  ( 0.000000000000000000, 1.396592535537253342E-14, -1.000000000000000000 ) ) ;
#8877 = FILL_AREA_STYLE_COLOUR ( '', #5846 ) ;
#8878 = AXIS2_PLACEMENT_3D ( 'NONE', #8293, #9095, #2157 ) ;
#8879 = DIRECTION ( 'NONE',  ( 0.000000000000000000, 1.396592535537253342E-14, -1.000000000000000000 ) ) ;
#8880 = DIRECTION ( 'NONE',  ( -0.000000000000000000, -6.982962677686266711E-15, 1.000000000000000000 ) ) ;
#8881 = DIRECTION ( 'NONE',  ( 0.000000000000000000, 1.396592535537253342E-14, -1.000000000000000000 ) ) ;
#8882 = CIRCLE ( 'NONE', #4911, 1.000000000000000000 ) ;
#8883 = CARTESIAN_POINT ( 'NONE',  ( 0.000000000000000000, 0.000000000000000000, 9.000000000000000000 ) ) ;
#8884 = ADVANCED_FACE ( 'NONE', ( #567, #761 ), #4354, .F. ) ;
#8885 = ADVANCED_FACE ( 'NONE', ( #8985 ), #2060, .F. ) ;
#8886 = ORIENTED_EDGE ( 'NONE', *, *, #7380, .T. ) ;
#8887 = EDGE_CURVE ( 'NONE', #104, #7307, #6756, .T. ) ;
#8888 = EDGE_LOOP ( 'NONE', ( #1236, #3333 ) ) ;
#8889 = AXIS2_PLACEMENT_3D ( 'NONE', #7147, #4838, #7894 ) ;
#8890 = AXIS2_PLACEMENT_3D ( 'NONE', #2908, #8200, #521 ) ;
#8891 = CARTESIAN_POINT ( 'NONE',  ( 41.90114275493441198, 20.13814537918847947, 7.123648142451813214 ) ) ;
#8892 = DIRECTION ( 'NONE',  ( 0.000000000000000000, -0.000000000000000000, -1.000000000000000000 ) ) ;
#8893 = DIRECTION ( 'NONE',  ( 0.000000000000000000, -0.000000000000000000, -1.000000000000000000 ) ) ;
#8894 = DIRECTION ( 'NONE',  ( 0.000000000000000000, 1.000000000000000000, 0.000000000000000000 ) ) ;
#8895 = CARTESIAN_POINT ( 'NONE',  ( 1.888774234807349744E-14, 17.00000000000014921, -156.9999999999999147 ) ) ;
#8896 = CARTESIAN_POINT ( 'NONE',  ( 18.49218940641788578, 60.00000000000000000, 8.999999999999996447 ) ) ;
#8897 = ORIENTED_EDGE ( 'NONE', *, *, #1903, .T. ) ;
#8898 = EDGE_CURVE ( 'NONE', #1096, #1003, #4089, .T. ) ;
#8899 = ADVANCED_FACE ( 'NONE', ( #4499, #3752 ), #7458, .F. ) ;
#8900 = TOROIDAL_SURFACE ( 'NONE', #9703, 30.00000000000000000, 3.000000000000000000 ) ;
#8901 = FACE_BOUND ( 'NONE', #1056, .T. ) ;
#8902 = CYLINDRICAL_SURFACE ( 'NONE', #6058, 42.50000000000000711 ) ;
#8903 = DIRECTION ( 'NONE',  ( -0.2840153447039231449, 0.9588197348681929411, 6.695402423213631826E-15 ) ) ;
#8904 = CARTESIAN_POINT ( 'NONE',  ( -38.43811293440706578, -195.3322990978667519, 8.990198382905868257 ) ) ;
#8905 = CARTESIAN_POINT ( 'NONE',  ( 56.90275806167118589, -150.8206776050439828, 19.00000000000000000 ) ) ;
#8906 = ORIENTED_EDGE ( 'NONE', *, *, #4195, .F. ) ;
#8907 = ORIENTED_EDGE ( 'NONE', *, *, #6908, .T. ) ;
#8908 = ORIENTED_EDGE ( 'NONE', *, *, #7426, .F. ) ;
#8909 = AXIS2_PLACEMENT_3D ( 'NONE', #5090, #5872, #458 ) ;
#8910 = ORIENTED_EDGE ( 'NONE', *, *, #8653, .F. ) ;
#8911 = CIRCLE ( 'NONE', #5880, 39.00000000000000000 ) ;
#8912 = CARTESIAN_POINT ( 'NONE',  ( -7.000000000000003553, -145.5999999999999943, 4.999999999999999112 ) ) ;
#8913 = CARTESIAN_POINT ( 'NONE',  ( 1.106884595926295456E-14, -55.59999999999998010, -5.999999999999999112 ) ) ;
#8914 = CARTESIAN_POINT ( 'NONE',  ( 0.000000000000000000, 1.075288114816126795E-12, -289.0000000000000000 ) ) ;
#8915 = ORIENTED_EDGE ( 'NONE', *, *, #8419, .T. ) ;
#8916 = LINE ( 'NONE', #8967, #7523 ) ;
#8917 = FACE_BOUND ( 'NONE', #4327, .T. ) ;
#8918 = ORIENTED_EDGE ( 'NONE', *, *, #856, .F. ) ;
#8919 = AXIS2_PLACEMENT_3D ( 'NONE', #4345, #5286, #9124 ) ;
#8920 = ORIENTED_EDGE ( 'NONE', *, *, #967, .T. ) ;
#8921 = CARTESIAN_POINT ( 'NONE',  ( -38.89087296526011528, 43.89087296526160742, -440.9999999999993747 ) ) ;
#8922 = CARTESIAN_POINT ( 'NONE',  ( 0.000000000000000000, 36.00000000000029843, -177.9999999999997726 ) ) ;
#8923 = CARTESIAN_POINT ( 'NONE',  ( -38.00000000000000000, -0.000000000000000000, -1.514518439508615042E-14 ) ) ;
#8924 = SURFACE_STYLE_USAGE ( .BOTH. , #3740 ) ;
#8925 = DIRECTION ( 'NONE',  ( 0.000000000000000000, 1.000000000000000000, 6.982962677686266711E-15 ) ) ;
#8926 = CARTESIAN_POINT ( 'NONE',  ( -13.17826771044064138, 45.24049463250872094, 35.64309758807814177 ) ) ;
#8927 = AXIS2_PLACEMENT_3D ( 'NONE', #6791, #8975, #5189 ) ;
#8928 = AXIS2_PLACEMENT_3D ( 'NONE', #9644, #9455, #378 ) ;
#8929 = DIRECTION ( 'NONE',  ( -0.000000000000000000, 1.000000000000000000, 0.000000000000000000 ) ) ;
#8930 = DIRECTION ( 'NONE',  ( 0.000000000000000000, 0.000000000000000000, -1.000000000000000000 ) ) ;
#8931 = EDGE_LOOP ( 'NONE', ( #4207, #7090 ) ) ;
#8932 = EDGE_LOOP ( 'NONE', ( #1769, #2429, #4798, #9340, #3895, #4193 ) ) ;
#8933 = CIRCLE ( 'NONE', #190, 30.00000000000000000 ) ;
#8934 = VECTOR ( 'NONE', #9510, 1000.000000000000000 ) ;
#8935 = ORIENTED_EDGE ( 'NONE', *, *, #8759, .F. ) ;
#8936 = CARTESIAN_POINT ( 'NONE',  ( 20.91567205257160467, -168.2829123009146315, 9.000000000000000000 ) ) ;
#8937 = EDGE_CURVE ( 'NONE', #5047, #5314, #7917, .T. ) ;
#8938 = PRESENTATION_STYLE_ASSIGNMENT (( #9696 ) ) ;
#8939 = CARTESIAN_POINT ( 'NONE',  ( 0.000000000000000000, 27.00000000000000000, 19.00000000000000000 ) ) ;
#8940 = EDGE_CURVE ( 'NONE', #165, #7482, #9655, .T. ) ;
#8941 =( REPRESENTATION_RELATIONSHIP ('NONE','NONE', #4268, #8339 ) REPRESENTATION_RELATIONSHIP_WITH_TRANSFORMATION ( #5521 )SHAPE_REPRESENTATION_RELATIONSHIP( ) );
#8942 = VECTOR ( 'NONE', #9482, 1000.000000000000000 ) ;
#8943 = DIRECTION ( 'NONE',  ( 1.000000000000000000, 0.000000000000000000, 0.000000000000000000 ) ) ;
#8944 = CARTESIAN_POINT ( 'NONE',  ( -46.49956922558553885, 13.77379991454167651, -98.99999999999994316 ) ) ;
#8945 = AXIS2_PLACEMENT_3D ( 'NONE', #8390, #4403, #762 ) ;
#8946 = CARTESIAN_POINT ( 'NONE',  ( 35.61613899619977275, -195.7836607057123501, -11.98693117703043853 ) ) ;
#8947 = DIRECTION ( 'NONE',  ( -0.000000000000000000, 0.000000000000000000, 1.000000000000000000 ) ) ;
#8948 = ORIENTED_EDGE ( 'NONE', *, *, #2559, .T. ) ;
#8949 = EDGE_CURVE ( 'NONE', #3606, #3173, #5035, .T. ) ;
#8950 = DIRECTION ( 'NONE',  ( 1.000000000000000000, 0.000000000000000000, 1.141265444721583757E-16 ) ) ;
#8951 = CARTESIAN_POINT ( 'NONE',  ( 1.907143936794560016E-14, 74.00000000000065370, -227.9999999999994600 ) ) ;
#8952 = ADVANCED_FACE ( 'NONE', ( #2803 ), #6708, .T. ) ;
#8953 = DIRECTION ( 'NONE',  ( 0.000000000000000000, 0.000000000000000000, 1.000000000000000000 ) ) ;
#8954 = DIRECTION ( 'NONE',  ( 0.000000000000000000, 1.000000000000000000, 0.000000000000000000 ) ) ;
#8955 = EDGE_CURVE ( 'NONE', #205, #5238, #9349, .T. ) ;
#8956 = CARTESIAN_POINT ( 'NONE',  ( 34.36931771216882225, 7.687535800667411046, -25.00000000000000355 ) ) ;
#8957 = EDGE_LOOP ( 'NONE', ( #3286, #6556, #2851, #4725 ) ) ;
#8958 = EDGE_LOOP ( 'NONE', ( #9237, #1154, #8598, #1818, #2532, #6097, #3131, #5147, #6429, #3646 ) ) ;
#8959 = ORIENTED_EDGE ( 'NONE', *, *, #8272, .T. ) ;
#8960 = DIRECTION ( 'NONE',  ( 0.000000000000000000, 1.396592535537253342E-14, -1.000000000000000000 ) ) ;
#8961 = ORIENTED_EDGE ( 'NONE', *, *, #6395, .F. ) ;
#8962 = CARTESIAN_POINT ( 'NONE',  ( 15.99771184743653230, 21.52324290308974852, 39.37453977412035044 ) ) ;
#8963 = CARTESIAN_POINT ( 'NONE',  ( 35.50556870864283354, 12.26072832895248688, 23.35972376110069249 ) ) ;
#8964 = FILL_AREA_STYLE ('',( #496 ) ) ;
#8965 = EDGE_CURVE ( 'NONE', #6442, #6271, #6318, .T. ) ;
#8966 = EDGE_LOOP ( 'NONE', ( #5459, #642, #8062, #454 ) ) ;
#8967 = CARTESIAN_POINT ( 'NONE',  ( 38.00000000000000000, -296.9078889120432336, -8.999999999999991118 ) ) ;
#8968 = DIRECTION ( 'NONE',  ( 0.000000000000000000, 1.000000000000000000, 0.000000000000000000 ) ) ;
#8969 = ORIENTED_EDGE ( 'NONE', *, *, #2114, .T. ) ;
#8970 = ORIENTED_EDGE ( 'NONE', *, *, #6087, .T. ) ;
#8971 = AXIS2_PLACEMENT_3D ( 'NONE', #8923, #4390, #5188 ) ;
#8972 = CARTESIAN_POINT ( 'NONE',  ( -12.33744252613148618, 38.56292846182415701, 40.67188853031704099 ) ) ;
#8973 = CARTESIAN_POINT ( 'NONE',  ( 28.84508341260874786, 9.073146825426649187, 24.73839438735295460 ) ) ;
#8974 = CARTESIAN_POINT ( 'NONE',  ( -36.00413538425119242, 13.28724465263630883, -22.58429440332215776 ) ) ;
#8975 = DIRECTION ( 'NONE',  ( 0.000000000000000000, 1.000000000000000000, 0.000000000000000000 ) ) ;
#8976 = DIRECTION ( 'NONE',  ( 1.000000000000000000, 0.000000000000000000, 0.000000000000000000 ) ) ;
#8977 = DIRECTION ( 'NONE',  ( -0.000000000000000000, 0.000000000000000000, 1.000000000000000000 ) ) ;
#8978 = CARTESIAN_POINT ( 'NONE',  ( -37.49999999999997868, 15.41602615938552567, -20.00000000000006750 ) ) ;
#8979 = ORIENTED_EDGE ( 'NONE', *, *, #8816, .F. ) ;
#8980 = EDGE_LOOP ( 'NONE', ( #1412, #6939, #4747, #6329, #9262, #9463 ) ) ;
#8981 = ORIENTED_EDGE ( 'NONE', *, *, #305, .F. ) ;
#8982 = DIRECTION ( 'NONE',  ( 0.000000000000000000, 0.000000000000000000, -1.000000000000000000 ) ) ;
#8983 = AXIS2_PLACEMENT_3D ( 'NONE', #3141, #704, #111 ) ;
#8984 = FACE_OUTER_BOUND ( 'NONE', #9691, .T. ) ;
#8985 = FACE_OUTER_BOUND ( 'NONE', #1610, .T. ) ;
#8986 = FACE_OUTER_BOUND ( 'NONE', #4429, .T. ) ;
#8987 = CARTESIAN_POINT ( 'NONE',  ( -38.89087296526011528, 38.89087296526378168, -455.9999999999994884 ) ) ;
#8988 = CARTESIAN_POINT ( 'NONE',  ( -36.73016580209660020, 14.49168859958868438, 21.39250402686659314 ) ) ;
#8989 = CARTESIAN_POINT ( 'NONE',  ( 1.539749897050354256E-14, -44.00000000000000000, -46.00000000000000000 ) ) ;
#8990 = EDGE_LOOP ( 'NONE', ( #2217, #3385 ) ) ;
#8991 = CIRCLE ( 'NONE', #5175, 3.000000000000002665 ) ;
#8992 = EDGE_CURVE ( 'NONE', #1185, #5136, #7593, .T. ) ;
#8993 = DIRECTION ( 'NONE',  ( -0.000000000000000000, 6.982962677686266711E-15, -1.000000000000000000 ) ) ;
#8994 = FACE_OUTER_BOUND ( 'NONE', #439, .T. ) ;
#8995 = LINE ( 'NONE', #7324, #4295 ) ;
#8996 = CARTESIAN_POINT ( 'NONE',  ( -36.00000000000000000, 1.367562764689255195, 11.95826074310138587 ) ) ;
#8997 = FACE_OUTER_BOUND ( 'NONE', #7963, .T. ) ;
#8998 = ORIENTED_EDGE ( 'NONE', *, *, #4075, .T. ) ;
#8999 = EDGE_CURVE ( 'NONE', #6294, #3567, #6144, .T. ) ;
#9000 = EDGE_LOOP ( 'NONE', ( #1689, #3882, #3346, #7673, #6380, #3558 ) ) ;
#9001 = EDGE_CURVE ( 'NONE', #8425, #4832, #3761, .T. ) ;
#9002 = EDGE_CURVE ( 'NONE', #1716, #1717, #7439, .T. ) ;
#9003 = B_SPLINE_CURVE_WITH_KNOTS ( 'NONE', 3,
 ( #1369, #621, #8988, #2158, #83, #1620, #4597, #7656, #918, #6196, #3756, #9248, #5302, #2415, #1569, #6154 ),
 .UNSPECIFIED., .F., .F.,
 ( 4, 2, 2, 2, 2, 2, 2, 4 ),
 ( 0.000000000000000000, 0.002744704184498284426, 0.004117056276747428807, 0.005489408368996573188, 0.006861760461245715835, 0.007547936507370285424, 0.008234112553494857614, 0.01097881673799313597 ),
 .UNSPECIFIED. ) ;
#9004 = AXIS2_PLACEMENT_3D ( 'NONE', #4453, #7503, #4542 ) ;
#9005 = CARTESIAN_POINT ( 'NONE',  ( 28.73430167230766941, 8.614342402022785450, -24.86864122103964903 ) ) ;
#9006 = DIRECTION ( 'NONE',  ( 0.000000000000000000, -6.982962677686266711E-15, 1.000000000000000000 ) ) ;
#9007 = CARTESIAN_POINT ( 'NONE',  ( -24.09087047684228722, -171.1999999999999602, 9.034956203351336868 ) ) ;
#9008 = ITEM_DEFINED_TRANSFORMATION ( 'NONE', 'NONE', #6988,  #2024 ) ;
#9009 = EDGE_LOOP ( 'NONE', ( #2396, #4880, #4017, #7495, #8019, #9121 ) ) ;
#9010 = DIRECTION ( 'NONE',  ( 1.000000000000000000, 0.000000000000000000, 0.000000000000000000 ) ) ;
#9011 = AXIS2_PLACEMENT_3D ( 'NONE', #530, #1983, #485 ) ;
#9012 = DIRECTION ( 'NONE',  ( 1.000000000000000000, 0.000000000000000000, 0.000000000000000000 ) ) ;
#9013 = ORIENTED_EDGE ( 'NONE', *, *, #7366, .T. ) ;
#9014 = VERTEX_POINT ( 'NONE', #6661 ) ;
#9015 = EDGE_CURVE ( 'NONE', #6858, #6731, #9160, .T. ) ;
#9016 = CARTESIAN_POINT ( 'NONE',  ( -5.480775861069506760, 43.02485430625669949, 42.15779461230243186 ) ) ;
#9017 = AXIS2_PLACEMENT_3D ( 'NONE', #3366, #6415, #8752 ) ;
#9018 = CARTESIAN_POINT ( 'NONE',  ( 31.86628220507391163, 15.00123142162942358, 20.71844556050584529 ) ) ;
#9019 = ORIENTED_EDGE ( 'NONE', *, *, #777, .F. ) ;
#9020 = EDGE_CURVE ( 'NONE', #3481, #9183, #6798, .T. ) ;
#9021 = AXIS2_PLACEMENT_3D ( 'NONE', #3783, #9311, #7871 ) ;
#9022 = CARTESIAN_POINT ( 'NONE',  ( -37.11354958857253195, 14.97467977947016848, -20.71189309187007410 ) ) ;
#9023 = FILL_AREA_STYLE ('',( #8877 ) ) ;
#9024 = DIRECTION ( 'NONE',  ( 0.000000000000000000, 0.000000000000000000, -1.000000000000000000 ) ) ;
#9025 = CARTESIAN_POINT ( 'NONE',  ( -14.04803804104736109, 44.57935999857484433, 35.30925662054602299 ) ) ;
#9026 = DIRECTION ( 'NONE',  ( -0.000000000000000000, 1.000000000000000000, -0.000000000000000000 ) ) ;
#9027 = VECTOR ( 'NONE', #4392, 1000.000000000000000 ) ;
#9028 = VECTOR ( 'NONE', #4260, 1000.000000000000000 ) ;
#9029 = DIRECTION ( 'NONE',  ( 1.000000000000000000, 1.224646799147353207E-16, 8.551662891793917213E-31 ) ) ;
#9030 = DIRECTION ( 'NONE',  ( -0.2840153447039231449, -0.9588197348681929411, -1.339080484642726365E-14 ) ) ;
#9031 = ORIENTED_EDGE ( 'NONE', *, *, #600, .F. ) ;
#9032 = CIRCLE ( 'NONE', #3467, 16.89999999999999858 ) ;
#9033 = ORIENTED_EDGE ( 'NONE', *, *, #3717, .T. ) ;
#9034 = AXIS2_PLACEMENT_3D ( 'NONE', #5728, #7981, #4188 ) ;
#9035 = ORIENTED_EDGE ( 'NONE', *, *, #3305, .T. ) ;
#9036 = AXIS2_PLACEMENT_3D ( 'NONE', #3852, #1607, #955 ) ;
#9037 = PLANE ( 'NONE',  #6232 ) ;
#9038 = CARTESIAN_POINT ( 'NONE',  ( 38.00000000000000000, 60.00000000000000000, 8.123104788713556130E-15 ) ) ;
#9039 = TOROIDAL_SURFACE ( 'NONE', #1233, 30.00000000000000000, 3.000000000000000000 ) ;
#9040 = CARTESIAN_POINT ( 'NONE',  ( 0.000000000000000000, 2.918878399272860242E-12, -403.0000000000000000 ) ) ;
#9041 = CARTESIAN_POINT ( 'NONE',  ( 0.000000000000000000, 59.50000000000000000, 0.000000000000000000 ) ) ;
#9042 = LINE ( 'NONE', #2213, #443 ) ;
#9043 = DIRECTION ( 'NONE',  ( 0.000000000000000000, 1.000000000000000000, 0.000000000000000000 ) ) ;
#9044 = CARTESIAN_POINT ( 'NONE',  ( 46.49956922558554595, -13.77379991454005825, -327.0000000000001705 ) ) ;
#9045 = VECTOR ( 'NONE', #11, 1000.000000000000000 ) ;
#9046 = VERTEX_POINT ( 'NONE', #6305 ) ;
#9047 = B_SPLINE_CURVE_WITH_KNOTS ( 'NONE', 3,
 ( #1224, #4270, #9607, #1277, #4317, #6870 ),
 .UNSPECIFIED., .F., .F.,
 ( 4, 2, 4 ),
 ( 0.000000000000000000, 0.004076250747534580256, 0.008152501495069160511 ),
 .UNSPECIFIED. ) ;
#9048 = B_SPLINE_CURVE_WITH_KNOTS ( 'NONE', 3,
 ( #4781, #1644, #6985, #4720, #151, #3181, #7835, #941, #2436, #1536, #5471, #3987, #8522, #9321, #202, #3232, #6277, #2484, #5522, #996, #8058, #4973, #4180, #2635, #7970, #3475 ),
 .UNSPECIFIED., .F., .F.,
 ( 4, 2, 2, 2, 2, 2, 2, 2, 2, 2, 2, 2, 4 ),
 ( 1.523040381454396790E-18, 0.003338462297087020289, 0.005007693445630531301, 0.006676924594174043180, 0.01001538689126107301, 0.01168461803980458923, 0.01335384918834810544, 0.01502308033689161992, 0.01669231148543513440, 0.02003077378252216337, 0.02170000493106567091, 0.02336923607960917151, 0.02670769837669619007 ),
 .UNSPECIFIED. ) ;
#9049 = AXIS2_PLACEMENT_3D ( 'NONE', #3264, #1729, #814 ) ;
#9050 = FACE_OUTER_BOUND ( 'NONE', #7622, .T. ) ;
#9051 = CARTESIAN_POINT ( 'NONE',  ( 0.000000000000000000, -71.99999999999633360, -456.0000000000010232 ) ) ;
#9052 = B_SPLINE_CURVE_WITH_KNOTS ( 'NONE', 3,
 ( #76, #5197, #8286, #5934, #4451, #4399 ),
 .UNSPECIFIED., .F., .F.,
 ( 4, 2, 4 ),
 ( 0.000000000000000000, 0.004076250747534580256, 0.008152501495069160511 ),
 .UNSPECIFIED. ) ;
#9053 = CARTESIAN_POINT ( 'NONE',  ( -35.61613899619977275, -195.7836607057123501, 11.98693117703043143 ) ) ;
#9054 = DIRECTION ( 'NONE',  ( 0.000000000000000000, 1.000000000000000000, 1.110223024624632421E-14 ) ) ;
#9055 = VERTEX_POINT ( 'NONE', #3960 ) ;
#9056 = ORIENTED_EDGE ( 'NONE', *, *, #6143, .F. ) ;
#9057 = DIRECTION ( 'NONE',  ( 0.000000000000000000, 0.000000000000000000, -1.000000000000000000 ) ) ;
#9058 = CARTESIAN_POINT ( 'NONE',  ( 3.876515837780686979, 43.45871290453583669, -42.32634078686521661 ) ) ;
#9059 = EDGE_LOOP ( 'NONE', ( #6457, #9031, #6840, #8970 ) ) ;
#9060 = ADVANCED_FACE ( 'NONE', ( #2411 ), #6964, .F. ) ;
#9061 = EDGE_CURVE ( 'NONE', #961, #3363, #3118, .T. ) ;
#9062 = CYLINDRICAL_SURFACE ( 'NONE', #4365, 5.000000000002360778 ) ;
#9063 = CARTESIAN_POINT ( 'NONE',  ( -35.92308074463417711, -198.4836866598347456, -11.96609650565751437 ) ) ;
#9064 = EDGE_CURVE ( 'NONE', #5710, #9365, #78, .T. ) ;
#9065 = ITEM_DEFINED_TRANSFORMATION ( 'NONE', 'NONE', #4269,  #2024 ) ;
#9066 = CIRCLE ( 'NONE', #471, 36.00000000000000000 ) ;
#9067 = EDGE_LOOP ( 'NONE', ( #3163, #6317, #7365, #1168, #9755, #6994 ) ) ;
#9068 = PLANE ( 'NONE',  #5831 ) ;
#9069 = ORIENTED_EDGE ( 'NONE', *, *, #6718, .T. ) ;
#9070 = ORIENTED_EDGE ( 'NONE', *, *, #1331, .T. ) ;
#9071 = CARTESIAN_POINT ( 'NONE',  ( 0.000000000000000000, 36.00000000000340350, -437.9999999999994884 ) ) ;
#9072 = DIRECTION ( 'NONE',  ( 1.000000000000000000, 0.000000000000000000, 0.000000000000000000 ) ) ;
#9073 = ORIENTED_EDGE ( 'NONE', *, *, #3910, .T. ) ;
#9074 = EDGE_CURVE ( 'NONE', #3501, #4432, #2960, .T. ) ;
#9075 = PLANE ( 'NONE',  #7199 ) ;
#9076 = DIRECTION ( 'NONE',  ( 1.000000000000000000, 0.000000000000000000, 0.000000000000000000 ) ) ;
#9077 = ADVANCED_FACE ( 'NONE', ( #7755 ), #3207, .T. ) ;
#9078 = DIRECTION ( 'NONE',  ( -0.000000000000000000, 0.000000000000000000, 1.000000000000000000 ) ) ;
#9079 = DIRECTION ( 'NONE',  ( 0.000000000000000000, 0.000000000000000000, 1.000000000000000000 ) ) ;
#9080 = VECTOR ( 'NONE', #256, 1000.000000000000114 ) ;
#9081 = DIRECTION ( 'NONE',  ( 0.000000000000000000, 1.000000000000000000, 0.000000000000000000 ) ) ;
#9082 = DIRECTION ( 'NONE',  ( 0.000000000000000000, 0.000000000000000000, -1.000000000000000000 ) ) ;
#9083 = PRODUCT_DEFINITION_SHAPE ( 'NONE', 'NONE',  #9860 ) ;
#9084 = ORIENTED_EDGE ( 'NONE', *, *, #3448, .T. ) ;
#9085 = ADVANCED_FACE ( 'NONE', ( #7652 ), #6913, .F. ) ;
#9086 = VERTEX_POINT ( 'NONE', #2354 ) ;
#9087 = ORIENTED_EDGE ( 'NONE', *, *, #3512, .T. ) ;
#9088 = AXIS2_PLACEMENT_3D ( 'NONE', #1512, #8387, #7599 ) ;
#9089 = CIRCLE ( 'NONE', #8455, 36.00000000000000000 ) ;
#9090 = CARTESIAN_POINT ( 'NONE',  ( -38.00000000000000000, -171.1999999999999886, -9.000000000000010658 ) ) ;
#9091 = DIRECTION ( 'NONE',  ( -0.000000000000000000, -1.000000000000000000, -0.000000000000000000 ) ) ;
#9092 = DIRECTION ( 'NONE',  ( -1.000000000000000000, 0.000000000000000000, 0.000000000000000000 ) ) ;
#9093 = CARTESIAN_POINT ( 'NONE',  ( 17.50000000000000355, 2.143131898507868643E-15, 130.0000000000000000 ) ) ;
#9094 = CARTESIAN_POINT ( 'NONE',  ( 0.000000000000000000, 5.236340632789118004E-13, -210.0000000000000000 ) ) ;
#9095 = DIRECTION ( 'NONE',  ( -0.2249990868562107282, -0.9743589743589738950, 0.000000000000000000 ) ) ;
#9096 = DIRECTION ( 'NONE',  ( 1.000000000000000000, 0.000000000000000000, 0.000000000000000000 ) ) ;
#9097 = DIRECTION ( 'NONE',  ( -1.000000000000000000, 0.000000000000000000, 0.000000000000000000 ) ) ;
#9098 = ORIENTED_EDGE ( 'NONE', *, *, #8211, .T. ) ;
#9099 = AXIS2_PLACEMENT_3D ( 'NONE', #3611, #2118, #7615 ) ;
#9100 = VECTOR ( 'NONE', #1679, 1000.000000000000000 ) ;
#9101 = LINE ( 'NONE', #8350, #6563 ) ;
#9102 = DIRECTION ( 'NONE',  ( 0.000000000000000000, 0.000000000000000000, 1.000000000000000000 ) ) ;
#9103 = AXIS2_PLACEMENT_3D ( 'NONE', #4826, #1087, #9646 ) ;
#9104 = PLANE ( 'NONE',  #5377 ) ;
#9105 = DIRECTION ( 'NONE',  ( -0.000000000000000000, -0.000000000000000000, -1.000000000000000000 ) ) ;
#9106 = EDGE_LOOP ( 'NONE', ( #9260, #5325, #7802, #5277 ) ) ;
#9107 = VERTEX_POINT ( 'NONE', #861 ) ;
#9108 = AXIS2_PLACEMENT_3D ( 'NONE', #2710, #1316, #7357 ) ;
#9109 = EDGE_LOOP ( 'NONE', ( #9736, #48, #4467, #5157 ) ) ;
#9110 = CARTESIAN_POINT ( 'NONE',  ( -38.25142132890803026, 7.323256995510610601, -9.000000000000015987 ) ) ;
#9111 = CARTESIAN_POINT ( 'NONE',  ( 1.539749897050354256E-14, 44.00000000000093792, -270.9999999999996589 ) ) ;
#9112 = SURFACE_STYLE_USAGE ( .BOTH. , #6837 ) ;
#9113 = CONTEXT_DEPENDENT_SHAPE_REPRESENTATION ( #2585, #5725 ) ;
#9114 = ORIENTED_EDGE ( 'NONE', *, *, #7017, .F. ) ;
#9115 = DIRECTION ( 'NONE',  ( -0.000000000000000000, 0.000000000000000000, 1.000000000000000000 ) ) ;
#9116 = EDGE_LOOP ( 'NONE', ( #3731, #8697, #9131, #54, #7176 ) ) ;
#9117 = ORIENTED_EDGE ( 'NONE', *, *, #2687, .F. ) ;
#9118 = DIRECTION ( 'NONE',  ( 0.000000000000000000, 6.982962677686266711E-15, -1.000000000000000000 ) ) ;
#9119 = EDGE_CURVE ( 'NONE', #9306, #9784, #8226, .T. ) ;
#9120 = CARTESIAN_POINT ( 'NONE',  ( 28.61817604250837732, 7.228669348221290925, 25.00000000000000711 ) ) ;
#9121 = ORIENTED_EDGE ( 'NONE', *, *, #4450, .F. ) ;
#9122 = ADVANCED_FACE ( 'NONE', ( #6253 ), #6091, .T. ) ;
#9123 = CARTESIAN_POINT ( 'NONE',  ( 38.00000000000000000, -171.1999999999999886, -8.999999999999991118 ) ) ;
#9124 = DIRECTION ( 'NONE',  ( 1.000000000000000000, 0.000000000000000000, 0.000000000000000000 ) ) ;
#9125 = CARTESIAN_POINT ( 'NONE',  ( 0.000000000000000000, 82.69999999999998863, 0.000000000000000000 ) ) ;
#9126 = CARTESIAN_POINT ( 'NONE',  ( 4.776122516674677878E-15, 39.00000000000135714, -326.9999999999994316 ) ) ;
#9127 = FACE_OUTER_BOUND ( 'NONE', #2361, .T. ) ;
#9128 = LINE ( 'NONE', #9234, #1079 ) ;
#9129 = VECTOR ( 'NONE', #3275, 1000.000000000000000 ) ;
#9130 = CARTESIAN_POINT ( 'NONE',  ( 9.000000000000010658, -55.59999999999997300, 8.000000000000000000 ) ) ;
#9131 = ORIENTED_EDGE ( 'NONE', *, *, #2242, .T. ) ;
#9132 = ORIENTED_EDGE ( 'NONE', *, *, #3216, .F. ) ;
#9133 = EDGE_CURVE ( 'NONE', #4098, #268, #4803, .T. ) ;
#9134 = EDGE_CURVE ( 'NONE', #7479, #6934, #9299, .T. ) ;
#9135 = EDGE_CURVE ( 'NONE', #268, #2873, #8059, .T. ) ;
#9136 = ORIENTED_EDGE ( 'NONE', *, *, #5401, .F. ) ;
#9137 = CIRCLE ( 'NONE', #1827, 14.89999999999997549 ) ;
#9138 = DIRECTION ( 'NONE',  ( -0.000000000000000000, -0.000000000000000000, -1.000000000000000000 ) ) ;
#9139 = CYLINDRICAL_SURFACE ( 'NONE', #7653, 17.50000000000000355 ) ;
#9140 = DIRECTION ( 'NONE',  ( -1.000000000000000000, 0.000000000000000000, 0.000000000000000000 ) ) ;
#9141 = DIRECTION ( 'NONE',  ( -1.000000000000000000, 0.000000000000000000, 0.000000000000000000 ) ) ;
#9142 = AXIS2_PLACEMENT_3D ( 'NONE', #1803, #5673, #4829 ) ;
#9143 = CARTESIAN_POINT ( 'NONE',  ( 0.000000000000000000, 5.445829513119708277E-13, -213.0000000000000000 ) ) ;
#9144 = CARTESIAN_POINT ( 'NONE',  ( 64.56989347527211009, 47.23059238028045570, -341.9999999999993747 ) ) ;
#9145 = DIRECTION ( 'NONE',  ( -0.2840153447039231449, 0.9588197348681929411, 6.695402423213631826E-15 ) ) ;
#9146 = ORIENTED_EDGE ( 'NONE', *, *, #5247, .T. ) ;
#9147 = ADVANCED_FACE ( 'NONE', ( #121 ), #8601, .F. ) ;
#9148 = EDGE_CURVE ( 'NONE', #2225, #4785, #5514, .T. ) ;
#9149 = AXIS2_PLACEMENT_3D ( 'NONE', #3583, #2836, #5868 ) ;
#9150 = ADVANCED_FACE ( 'NONE', ( #5339 ), #6191, .T. ) ;
#9151 = LINE ( 'NONE', #6818, #8300 ) ;
#9152 = DIRECTION ( 'NONE',  ( 1.000000000000000000, 0.000000000000000000, 0.000000000000000000 ) ) ;
#9153 = DIRECTION ( 'NONE',  ( -8.881784197001252323E-16, -1.000000000000000000, -7.195889974422310326E-15 ) ) ;
#9154 = CARTESIAN_POINT ( 'NONE',  ( 36.00000000000000000, 0.000000000000000000, -64.00000000000000000 ) ) ;
#9155 = ORIENTED_EDGE ( 'NONE', *, *, #5294, .F. ) ;
#9156 = VERTEX_POINT ( 'NONE', #7065 ) ;
#9157 = VECTOR ( 'NONE', #5535, 1000.000000000000000 ) ;
#9158 = CYLINDRICAL_SURFACE ( 'NONE', #3089, 10.00000000000000000 ) ;
#9159 = CARTESIAN_POINT ( 'NONE',  ( -35.07692307692307310, 8.099967126823498731, 11.99999999999998401 ) ) ;
#9160 = B_SPLINE_CURVE_WITH_KNOTS ( 'NONE', 3,
 ( #2210, #5888, #7601, #2108, #5252, #9244 ),
 .UNSPECIFIED., .F., .F.,
 ( 4, 2, 4 ),
 ( 0.000000000000000000, 0.004403506556374454928, 0.008807013112748909855 ),
 .UNSPECIFIED. ) ;
#9161 = CARTESIAN_POINT ( 'NONE',  ( 4.837354856632044663E-15, 55.19999999999999574, -39.50000000000000000 ) ) ;
#9162 = VERTEX_POINT ( 'NONE', #226 ) ;
#9163 = ORIENTED_EDGE ( 'NONE', *, *, #8547, .F. ) ;
#9164 = ORIENTED_EDGE ( 'NONE', *, *, #2181, .T. ) ;
#9165 = DIRECTION ( 'NONE',  ( -0.000000000000000000, -1.000000000000000000, -0.000000000000000000 ) ) ;
#9166 = CYLINDRICAL_SURFACE ( 'NONE', #6371, 36.00000000000000000 ) ;
#9167 = ORIENTED_EDGE ( 'NONE', *, *, #7207, .T. ) ;
#9168 =( NAMED_UNIT ( * ) SI_UNIT ( $, .STERADIAN. ) SOLID_ANGLE_UNIT ( ) );
#9169 = CARTESIAN_POINT ( 'NONE',  ( 0.000000000000000000, 39.00000000000292033, -402.9999999999994884 ) ) ;
#9170 = CARTESIAN_POINT ( 'NONE',  ( 0.000000000000000000, -201.1999999999999886, -19.00000000000000000 ) ) ;
#9171 = CIRCLE ( 'NONE', #2961, 9.000000000000001776 ) ;
#9172 = DIRECTION ( 'NONE',  ( 1.000000000000000000, 0.000000000000000000, 0.000000000000000000 ) ) ;
#9174 = B_SPLINE_CURVE_WITH_KNOTS ( 'NONE', 3,
 ( #6539, #8779, #591, #6737, #500, #9580, #3631, #2786, #4235, #8028, #8821, #2044, #6685, #4381, #9671, #1994, #9771, #5134, #2884, #7480, #5085, #9720, #1298, #7387, #8125, #7338, #5731, #1247, #5814, #1395 ),
 .UNSPECIFIED., .F., .F.,
 ( 4, 2, 2, 2, 2, 2, 2, 2, 2, 2, 2, 2, 2, 2, 4 ),
 ( 0.07210155147355486183, 0.07435165487144675123, 0.07660175826933864063, 0.07772680996828458533, 0.07885186166723053003, 0.08110196506512240555, 0.08335206846301428107, 0.08560217186090615660, 0.09010237865668990764, 0.09235248205458178317, 0.09460258545247365869, 0.09910279224825740974, 0.1013528956461492991, 0.1036029990440411608, 0.1081032058398249118 ),
 .UNSPECIFIED. ) ;
#9173 = DIRECTION ( 'NONE',  ( -0.000000000000000000, -0.000000000000000000, 1.000000000000000000 ) ) ;
#9175 = PLANE ( 'NONE',  #9732 ) ;
#9176 = DIRECTION ( 'NONE',  ( -0.9743589743589737839, -0.2249990868562106727, 0.000000000000000000 ) ) ;
#9177 = EDGE_CURVE ( 'NONE', #515, #402, #6490, .T. ) ;
#9178 = LINE ( 'NONE', #4686, #594 ) ;
#9179 = CARTESIAN_POINT ( 'NONE',  ( -5.224092216468692484, 5.102071505809584906, 37.64644167275575626 ) ) ;
#9180 = AXIS2_PLACEMENT_3D ( 'NONE', #8338, #5984, #9092 ) ;
#9181 = VERTEX_POINT ( 'NONE', #8040 ) ;
#9182 = ORIENTED_EDGE ( 'NONE', *, *, #3080, .F. ) ;
#9183 = VERTEX_POINT ( 'NONE', #1865 ) ;
#9184 = CARTESIAN_POINT ( 'NONE',  ( 21.38730451045369563, 20.00198683962645063, -31.41020561305098724 ) ) ;
#9185 = AXIS2_PLACEMENT_3D ( 'NONE', #3497, #7953, #4852 ) ;
#9186 = DIRECTION ( 'NONE',  ( 0.000000000000000000, 0.000000000000000000, 1.000000000000000000 ) ) ;
#9187 = VECTOR ( 'NONE', #2859, 1000.000000000000000 ) ;
#9188 = DIRECTION ( 'NONE',  ( 0.000000000000000000, 1.000000000000000000, 0.000000000000000000 ) ) ;
#9189 = CARTESIAN_POINT ( 'NONE',  ( 35.61613899620186174, 5.416339294269266524, -11.98693117703043853 ) ) ;
#9190 = EDGE_CURVE ( 'NONE', #6782, #8409, #583, .T. ) ;
#9191 = CARTESIAN_POINT ( 'NONE',  ( 0.000000000000000000, 27.00000000000000000, 19.00000000000000000 ) ) ;
#9192 = ADVANCED_FACE ( 'NONE', ( #3355 ), #4555, .F. ) ;
#9193 = CIRCLE ( 'NONE', #9668, 30.00000000000000000 ) ;
#9194 = ADVANCED_FACE ( 'NONE', ( #9403 ), #1917, .T. ) ;
#9195 = DIRECTION ( 'NONE',  ( -0.2249990868562079804, -0.9743589743589744501, 5.634144622830654239E-16 ) ) ;
#9196 = CARTESIAN_POINT ( 'NONE',  ( 46.49956922558554595, 13.77379991454299102, -288.9999999999998863 ) ) ;
#9197 = CARTESIAN_POINT ( 'NONE',  ( 1.539749897050354256E-14, 44.00000000000066080, -230.9999999999996874 ) ) ;
#9198 = ORIENTED_EDGE ( 'NONE', *, *, #296, .T. ) ;
#9199 = AXIS2_PLACEMENT_3D ( 'NONE', #355, #3390, #8776 ) ;
#9200 = AXIS2_PLACEMENT_3D ( 'NONE', #2472, #1578, #4818 ) ;
#9201 = TOROIDAL_SURFACE ( 'NONE', #7144, 30.00000000000000000, 3.000000000000000000 ) ;
#9202 = CARTESIAN_POINT ( 'NONE',  ( 22.50000000000000355, 28.52946383049464885, -30.62270399556513212 ) ) ;
#9203 = DIRECTION ( 'NONE',  ( 1.000000000000000000, 0.000000000000000000, 0.000000000000000000 ) ) ;
#9204 = AXIS2_PLACEMENT_3D ( 'NONE', #3371, #5795, #7913 ) ;
#9205 = ADVANCED_FACE ( 'NONE', ( #7906, #5604 ), #8650, .F. ) ;
#9206 = DIRECTION ( 'NONE',  ( 0.000000000000000000, 0.000000000000000000, -1.000000000000000000 ) ) ;
#9207 = DIRECTION ( 'NONE',  ( 0.000000000000000000, -6.982962677686266711E-15, 1.000000000000000000 ) ) ;
#9208 = DIRECTION ( 'NONE',  ( 0.000000000000000000, 1.000000000000000000, 0.000000000000000000 ) ) ;
#9209 = VERTEX_POINT ( 'NONE', #8793 ) ;
#9210 = VECTOR ( 'NONE', #8112, 1000.000000000000000 ) ;
#9211 = FACE_OUTER_BOUND ( 'NONE', #639, .T. ) ;
#9212 = EDGE_LOOP ( 'NONE', ( #7305, #2403, #350, #8129 ) ) ;
#9213 = EDGE_CURVE ( 'NONE', #5942, #634, #4154, .T. ) ;
#9214 = CIRCLE ( 'NONE', #6832, 5.000000000002360778 ) ;
#9215 = VERTEX_POINT ( 'NONE', #7997 ) ;
#9216 = LINE ( 'NONE', #5239, #6434 ) ;
#9217 = FACE_OUTER_BOUND ( 'NONE', #564, .T. ) ;
#9218 = CARTESIAN_POINT ( 'NONE',  ( 5.204748896899802891E-15, 10.09999999999999964, 42.50000000000000711 ) ) ;
#9219 = PLANE ( 'NONE',  #8725 ) ;
#9220 = PLANE ( 'NONE',  #2524 ) ;
#9221 = EDGE_LOOP ( 'NONE', ( #6018, #1886 ) ) ;
#9222 = ORIENTED_EDGE ( 'NONE', *, *, #6462, .F. ) ;
#9223 = VERTEX_POINT ( 'NONE', #4996 ) ;
#9224 = CARTESIAN_POINT ( 'NONE',  ( 1.539749897050354256E-14, 13.99999999999985256, -113.9999999999999147 ) ) ;
#9225 = CARTESIAN_POINT ( 'NONE',  ( -36.93151615443758118, 19.76133014311558256, -8.992585102679681697 ) ) ;
#9226 = ORIENTED_EDGE ( 'NONE', *, *, #1324, .T. ) ;
#9227 = CARTESIAN_POINT ( 'NONE',  ( 16.89999999999999858, 27.00000000000000000, -38.99538434225262051 ) ) ;
#9228 = CIRCLE ( 'NONE', #5240, 3.000000000000001332 ) ;
#9229 = LINE ( 'NONE', #2493, #3516 ) ;
#9230 = CARTESIAN_POINT ( 'NONE',  ( 15.14997168090950552, 34.50961592530804722, -39.70902229704093855 ) ) ;
#9231 = DIRECTION ( 'NONE',  ( -0.05233595624294370974, -0.9986295347545739443, 0.000000000000000000 ) ) ;
#9232 = ORIENTED_EDGE ( 'NONE', *, *, #2749, .F. ) ;
#9233 = DIRECTION ( 'NONE',  ( 0.000000000000000000, -6.982962677686266711E-15, 1.000000000000000000 ) ) ;
#9234 = CARTESIAN_POINT ( 'NONE',  ( -38.00000000000000711, -201.1999999999999886, 4.499999999999983125 ) ) ;
#9235 = DIRECTION ( 'NONE',  ( -1.000000000000000000, 0.000000000000000000, 0.000000000000000000 ) ) ;
#9236 = ORIENTED_EDGE ( 'NONE', *, *, #1575, .F. ) ;
#9237 = ORIENTED_EDGE ( 'NONE', *, *, #8088, .F. ) ;
#9238 = ORIENTED_EDGE ( 'NONE', *, *, #6131, .T. ) ;
#9239 = DIRECTION ( 'NONE',  ( -0.000000000000000000, -1.000000000000000000, -0.000000000000000000 ) ) ;
#9240 = CARTESIAN_POINT ( 'NONE',  ( -20.91567205257156914, -168.2829123009146315, 9.000000000000000000 ) ) ;
#9241 = EDGE_LOOP ( 'NONE', ( #9426, #8707, #6909, #2901 ) ) ;
#9242 = DIRECTION ( 'NONE',  ( 0.000000000000000000, -1.000000000000000000, -1.110223024624657980E-14 ) ) ;
#9243 = DIRECTION ( 'NONE',  ( 0.000000000000000000, -1.000000000000000000, 0.000000000000000000 ) ) ;
#9244 = CARTESIAN_POINT ( 'NONE',  ( 38.00000000000000000, 8.774964387392127918, -8.999999999999992895 ) ) ;
#9245 = VECTOR ( 'NONE', #3953, 999.9999999999998863 ) ;
#9246 = DIRECTION ( 'NONE',  ( 0.000000000000000000, 0.000000000000000000, 1.000000000000000000 ) ) ;
#9247 = CARTESIAN_POINT ( 'NONE',  ( -12.32900625603088685, 15.42828833302653990, -40.67441561266562644 ) ) ;
#9248 = CARTESIAN_POINT ( 'NONE',  ( -34.72977256839795501, 9.895578596590391740, 24.49696747395734064 ) ) ;
#9249 = CARTESIAN_POINT ( 'NONE',  ( 0.000000000000000000, 3.659072443107604261E-12, -456.0000000000000000 ) ) ;
#9250 = VERTEX_POINT ( 'NONE', #1205 ) ;
#9251 = AXIS2_PLACEMENT_3D ( 'NONE', #9402, #3206, #6449 ) ;
#9252 = EDGE_CURVE ( 'NONE', #2235, #344, #4202, .T. ) ;
#9253 = ADVANCED_FACE ( 'NONE', ( #2005 ), #4903, .T. ) ;
#9254 = CARTESIAN_POINT ( 'NONE',  ( -7.999999999999989342, -55.60000000000000853, -8.000000000000000000 ) ) ;
#9255 = CARTESIAN_POINT ( 'NONE',  ( -36.00000000000000000, 0.000000000000000000, -19.00000000000000000 ) ) ;
#9256 = AXIS2_PLACEMENT_3D ( 'NONE', #1524, #2220, #4412 ) ;
#9257 = CARTESIAN_POINT ( 'NONE',  ( 0.000000000000000000, 66.79999999999999716, 0.000000000000000000 ) ) ;
#9258 = DIRECTION ( 'NONE',  ( -1.000000000000000000, 0.000000000000000000, 0.000000000000000000 ) ) ;
#9259 = CARTESIAN_POINT ( 'NONE',  ( 0.000000000000000000, 1.075288114816127199E-12, -289.0000000000000000 ) ) ;
#9260 = ORIENTED_EDGE ( 'NONE', *, *, #4563, .F. ) ;
#9261 = DIRECTION ( 'NONE',  ( 1.000000000000000000, 0.000000000000000000, 0.000000000000000000 ) ) ;
#9262 = ORIENTED_EDGE ( 'NONE', *, *, #1839, .F. ) ;
#9263 = VECTOR ( 'NONE', #5445, 1000.000000000000000 ) ;
#9264 = EDGE_CURVE ( 'NONE', #8331, #6516, #1822, .T. ) ;
#9265 = ORIENTED_EDGE ( 'NONE', *, *, #179, .F. ) ;
#9266 = CIRCLE ( 'NONE', #731, 8.000000000000000000 ) ;
#9267 = EDGE_CURVE ( 'NONE', #1837, #7911, #3404, .T. ) ;
#9268 = DIRECTION ( 'NONE',  ( 0.000000000000000000, -6.982962677686266711E-15, 1.000000000000000000 ) ) ;
#9269 = CARTESIAN_POINT ( 'NONE',  ( 191.5194180755570699, 6.755772121541173014, -15.00000000000000178 ) ) ;
#9270 = CARTESIAN_POINT ( 'NONE',  ( -14.34561599595851789, 18.04931596445361919, 40.00697609244773645 ) ) ;
#9271 = EDGE_CURVE ( 'NONE', #6492, #399, #8085, .T. ) ;
#9272 = ITEM_DEFINED_TRANSFORMATION ( 'NONE', 'NONE', #9376,  #2024 ) ;
#9273 = CIRCLE ( 'NONE', #5908, 27.00000000000000000 ) ;
#9274 = DIRECTION ( 'NONE',  ( 1.000000000000000000, 0.000000000000000000, 0.000000000000000000 ) ) ;
#9275 = ORIENTED_EDGE ( 'NONE', *, *, #5003, .F. ) ;
#9276 = AXIS2_PLACEMENT_3D ( 'NONE', #9404, #7113, #9348 ) ;
#9277 = ORIENTED_EDGE ( 'NONE', *, *, #310, .F. ) ;
#9278 = ORIENTED_EDGE ( 'NONE', *, *, #7978, .T. ) ;
#9279 = CARTESIAN_POINT ( 'NONE',  ( 33.07375552197760982, -30.51436867563304389, 19.00000000000000000 ) ) ;
#9280 = LINE ( 'NONE', #947, #7762 ) ;
#9281 = ORIENTED_EDGE ( 'NONE', *, *, #3096, .F. ) ;
#9282 = EDGE_CURVE ( 'NONE', #5238, #9378, #2660, .T. ) ;
#9283 = CARTESIAN_POINT ( 'NONE',  ( 4.776122516674677878E-15, -38.99999999999892708, -289.0000000000002842 ) ) ;
#9284 = DIRECTION ( 'NONE',  ( 0.000000000000000000, -1.000000000000000000, -7.195889974422310326E-15 ) ) ;
#9285 = EDGE_CURVE ( 'NONE', #2553, #4784, #7272, .T. ) ;
#9286 = LINE ( 'NONE', #3894, #8556 ) ;
#9287 = ORIENTED_EDGE ( 'NONE', *, *, #3540, .T. ) ;
#9288 = CARTESIAN_POINT ( 'NONE',  ( 1.539749897050354256E-14, 44.00000000000066080, -230.9999999999996874 ) ) ;
#9289 = DIRECTION ( 'NONE',  ( 1.000000000000000000, 0.000000000000000000, 0.000000000000000000 ) ) ;
#9290 = CARTESIAN_POINT ( 'NONE',  ( 0.000000000000000000, 39.00000000000296296, -405.9999999999994884 ) ) ;
#9291 = EDGE_LOOP ( 'NONE', ( #7340, #1652, #9222, #935 ) ) ;
#9292 = ORIENTED_EDGE ( 'NONE', *, *, #3597, .T. ) ;
#9293 = ORIENTED_EDGE ( 'NONE', *, *, #8221, .T. ) ;
#9294 = FACE_BOUND ( 'NONE', #3884, .T. ) ;
#9295 = CARTESIAN_POINT ( 'NONE',  ( 35.61183127810986093, 5.447521708497628623, 9.128065913150688715 ) ) ;
#9296 = ORIENTED_EDGE ( 'NONE', *, *, #5659, .F. ) ;
#9297 = CARTESIAN_POINT ( 'NONE',  ( 1.527021992105831671, 4.499999999999995559, -38.00000000000001421 ) ) ;
#9298 = PRESENTATION_STYLE_ASSIGNMENT (( #120 ) ) ;
#9299 = LINE ( 'NONE', #2461, #8549 ) ;
#9300 = CIRCLE ( 'NONE', #8971, 4.499999999999998224 ) ;
#9301 = CARTESIAN_POINT ( 'NONE',  ( 38.00000000000000000, 8.774964387392122589, -8.999999999999991118 ) ) ;
#9302 = CARTESIAN_POINT ( 'NONE',  ( 46.49956922558554595, -13.77379991454191632, -61.00000000000000000 ) ) ;
#9303 = CARTESIAN_POINT ( 'NONE',  ( -16.95757667148818015, -152.9141158547617465, -9.000000000000000000 ) ) ;
#9304 = DIRECTION ( 'NONE',  ( 1.000000000000000000, 0.000000000000000000, 0.000000000000000000 ) ) ;
#9305 = CARTESIAN_POINT ( 'NONE',  ( 1.539749897050354256E-14, -43.99999999999793943, -342.0000000000006253 ) ) ;
#9306 = VERTEX_POINT ( 'NONE', #6694 ) ;
#9307 = PRODUCT_RELATED_PRODUCT_CATEGORY ( 'part', '', ( #6416 ) ) ;
#9308 = CARTESIAN_POINT ( 'NONE',  ( 0.000000000000000000, 0.000000000000000000, -19.00000000000000000 ) ) ;
#9309 = DIRECTION ( 'NONE',  ( 0.000000000000000000, 0.000000000000000000, 1.000000000000000000 ) ) ;
#9310 = FACE_BOUND ( 'NONE', #7154, .T. ) ;
#9311 = DIRECTION ( 'NONE',  ( -0.000000000000000000, 0.000000000000000000, 1.000000000000000000 ) ) ;
#9312 = CARTESIAN_POINT ( 'NONE',  ( 33.93740436489993328, 16.93754104060234766, 17.11580462105619205 ) ) ;
#9313 = ORIENTED_EDGE ( 'NONE', *, *, #7877, .F. ) ;
#9314 = VECTOR ( 'NONE', #9105, 1000.000000000000000 ) ;
#9315 = ORIENTED_EDGE ( 'NONE', *, *, #9619, .F. ) ;
#9316 = DIRECTION ( 'NONE',  ( 0.000000000000000000, 1.000000000000000000, 6.938893903907228378E-15 ) ) ;
#9317 = FACE_OUTER_BOUND ( 'NONE', #7698, .T. ) ;
#9318 = FACE_OUTER_BOUND ( 'NONE', #7900, .T. ) ;
#9319 = SURFACE_STYLE_FILL_AREA ( #1695 ) ;
#9320 = EDGE_CURVE ( 'NONE', #9639, #3976, #431, .T. ) ;
#9321 = CARTESIAN_POINT ( 'NONE',  ( -12.34645923738360906, 38.55302683401396280, -40.66910600280672128 ) ) ;
#9322 = EDGE_CURVE ( 'NONE', #2649, #4932, #9819, .T. ) ;
#9323 = ORIENTED_EDGE ( 'NONE', *, *, #8940, .T. ) ;
#9324 = EDGE_CURVE ( 'NONE', #9156, #218, #3299, .T. ) ;
#9325 = ORIENTED_EDGE ( 'NONE', *, *, #2573, .T. ) ;
#9326 = VERTEX_POINT ( 'NONE', #5094 ) ;
#9327 = CARTESIAN_POINT ( 'NONE',  ( 0.000000000000000000, 50.00000000000366640, -455.9999999999993179 ) ) ;
#9328 = EDGE_LOOP ( 'NONE', ( #786, #2637, #5597, #1847 ) ) ;
#9329 = DIRECTION ( 'NONE',  ( -0.000000000000000000, -1.000000000000000000, -0.000000000000000000 ) ) ;
#9330 = CARTESIAN_POINT ( 'NONE',  ( 0.000000000000000000, 1.361589584601264512E-12, -327.0000000000000000 ) ) ;
#9331 = DIRECTION ( 'NONE',  ( -0.000000000000000000, -6.982962677686266711E-15, 1.000000000000000000 ) ) ;
#9332 = DIRECTION ( 'NONE',  ( 0.000000000000000000, -6.982962677686266711E-15, 1.000000000000000000 ) ) ;
#9333 = CARTESIAN_POINT ( 'NONE',  ( 7.649585667045358075E-16, 218.1999999999994202, 433.0000000000000000 ) ) ;
#9334 = ORIENTED_EDGE ( 'NONE', *, *, #253, .T. ) ;
#9335 = CARTESIAN_POINT ( 'NONE',  ( 1.539749897050354256E-14, -43.99999999999733546, -385.0000000000006253 ) ) ;
#9336 = FACE_BOUND ( 'NONE', #8990, .T. ) ;
#9337 = EDGE_CURVE ( 'NONE', #3584, #4326, #8232, .T. ) ;
#9338 = CARTESIAN_POINT ( 'NONE',  ( 0.000000000000000000, 0.000000000000000000, 19.00000000000000000 ) ) ;
#9339 = ORIENTED_EDGE ( 'NONE', *, *, #1093, .T. ) ;
#9340 = ORIENTED_EDGE ( 'NONE', *, *, #5785, .T. ) ;
#9341 = ORIENTED_EDGE ( 'NONE', *, *, #713, .T. ) ;
#9342 = CARTESIAN_POINT ( 'NONE',  ( 0.000000000000000000, -201.1999999999999886, 19.00000000000000000 ) ) ;
#9343 = CARTESIAN_POINT ( 'NONE',  ( 35.99999999993861621, 1.369582187388328487, 9.198662110054995011 ) ) ;
#9344 = EDGE_CURVE ( 'NONE', #2543, #487, #5828, .T. ) ;
#9345 = ORIENTED_EDGE ( 'NONE', *, *, #5352, .T. ) ;
#9346 = CARTESIAN_POINT ( 'NONE',  ( 12.01451070170956292, 7.962257511786527076, -36.05638642681545036 ) ) ;
#9347 = CARTESIAN_POINT ( 'NONE',  ( 0.000000000000000000, 55.19999999999999574, 0.000000000000000000 ) ) ;
#9348 = DIRECTION ( 'NONE',  ( 1.000000000000000000, 0.000000000000000000, 0.000000000000000000 ) ) ;
#9349 = CIRCLE ( 'NONE', #1867, 36.00000000000000000 ) ;
#9350 = CARTESIAN_POINT ( 'NONE',  ( 0.000000000000000000, 2.918878399272859838E-12, -403.0000000000000000 ) ) ;
#9351 = FACE_OUTER_BOUND ( 'NONE', #3239, .T. ) ;
#9352 = VERTEX_POINT ( 'NONE', #4346 ) ;
#9353 = CIRCLE ( 'NONE', #2321, 17.50000000000000355 ) ;
#9354 = AXIS2_PLACEMENT_3D ( 'NONE', #1370, #8947, #3757 ) ;
#9355 = CARTESIAN_POINT ( 'NONE',  ( 0.000000000000000000, 0.000000000000000000, 133.0000000000000000 ) ) ;
#9356 = LINE ( 'NONE', #2528, #6979 ) ;
#9357 = CARTESIAN_POINT ( 'NONE',  ( -13.79531817750002709, 44.77839069921709125, -35.40883837995425409 ) ) ;
#9358 = LINE ( 'NONE', #1028, #8237 ) ;
#9359 = TOROIDAL_SURFACE ( 'NONE', #4739, 39.00000000000000000, 3.000000000000000000 ) ;
#9360 = AXIS2_PLACEMENT_3D ( 'NONE', #6082, #4002, #9289 ) ;
#9361 = CARTESIAN_POINT ( 'NONE',  ( 37.54294426386832129, 20.34105912425784268, 5.893556794726658943 ) ) ;
#9362 = ORIENTED_EDGE ( 'NONE', *, *, #2242, .F. ) ;
#9363 = ORIENTED_EDGE ( 'NONE', *, *, #1335, .F. ) ;
#9364 = VECTOR ( 'NONE', #5989, 1000.000000000000000 ) ;
#9365 = VERTEX_POINT ( 'NONE', #9826 ) ;
#9366 = AXIS2_PLACEMENT_3D ( 'NONE', #4738, #2692, #6293 ) ;
#9367 = AXIS2_PLACEMENT_3D ( 'NONE', #4387, #5818, #551 ) ;
#9368 = DIRECTION ( 'NONE',  ( 0.000000000000000000, 1.000000000000000000, 0.000000000000000000 ) ) ;
#9369 = DIRECTION ( 'NONE',  ( -0.000000000000000000, 0.000000000000000000, 1.000000000000000000 ) ) ;
#9370 = CARTESIAN_POINT ( 'NONE',  ( -1.537240271829758589E-16, 4.499999999999996447, -38.00000000000000711 ) ) ;
#9371 = AXIS2_PLACEMENT_3D ( 'NONE', #1894, #342, #8808 ) ;
#9372 = CARTESIAN_POINT ( 'NONE',  ( -34.51751045525492145, -54.22455240934124987, -61.00000000000000000 ) ) ;
#9373 = DIRECTION ( 'NONE',  ( 0.000000000000000000, -1.000000000000000000, -6.982962677686265922E-15 ) ) ;
#9374 = ORIENTED_EDGE ( 'NONE', *, *, #9252, .T. ) ;
#9375 = ORIENTED_EDGE ( 'NONE', *, *, #2615, .T. ) ;
#9376 = AXIS2_PLACEMENT_3D ( 'NONE', #5917, #5864, #1951 ) ;
#9377 = VECTOR ( 'NONE', #1778, 1000.000000000000000 ) ;
#9378 = VERTEX_POINT ( 'NONE', #8185 ) ;
#9379 = EDGE_CURVE ( 'NONE', #9223, #1896, #2896, .T. ) ;
#9380 = DIRECTION ( 'NONE',  ( -1.000000000000000000, 0.000000000000000000, 0.000000000000000000 ) ) ;
#9381 = ORIENTED_EDGE ( 'NONE', *, *, #3820, .T. ) ;
#9382 = EDGE_CURVE ( 'NONE', #2225, #8796, #5142, .T. ) ;
#9383 = ADVANCED_FACE ( 'NONE', ( #1356 ), #7399, .F. ) ;
#9384 = ADVANCED_FACE ( 'NONE', ( #9730 ), #4443, .T. ) ;
#9385 = CARTESIAN_POINT ( 'NONE',  ( 4.592425496802574367E-15, -35.99999999999889866, -292.0000000000002842 ) ) ;
#9386 = CIRCLE ( 'NONE', #5563, 30.00000000000000000 ) ;
#9387 = CARTESIAN_POINT ( 'NONE',  ( 34.83320650664428797, 10.31019330857829885, 24.34966300051287647 ) ) ;
#9388 = DIRECTION ( 'NONE',  ( 1.000000000000000000, 0.000000000000000000, -0.000000000000000000 ) ) ;
#9389 = DIRECTION ( 'NONE',  ( -4.255325790908071651E-17, 2.345241710911354941E-16, 1.000000000000000000 ) ) ;
#9390 = EDGE_LOOP ( 'NONE', ( #1540, #6278, #1987, #2186 ) ) ;
#9391 = DIRECTION ( 'NONE',  ( 0.000000000000000000, -6.982962677686266711E-15, 1.000000000000000000 ) ) ;
#9392 = CARTESIAN_POINT ( 'NONE',  ( -22.19766113336925883, 23.24935298771177372, 30.84310164621355810 ) ) ;
#9393 = ORIENTED_EDGE ( 'NONE', *, *, #6192, .F. ) ;
#9394 = ORIENTED_EDGE ( 'NONE', *, *, #2780, .T. ) ;
#9395 = ORIENTED_EDGE ( 'NONE', *, *, #9498, .F. ) ;
#9396 = SPHERICAL_SURFACE ( 'NONE', #7341, 183.1249999999999147 ) ;
#9397 = DIRECTION ( 'NONE',  ( -0.000000000000000000, -0.000000000000000000, 1.000000000000000000 ) ) ;
#9398 = ADVANCED_FACE ( 'NONE', ( #5242 ), #6646, .F. ) ;
#9399 = CONICAL_SURFACE ( 'NONE', #3814, 16.89999999999999858, 0.7853981633974500554 ) ;
#9400 = EDGE_CURVE ( 'NONE', #8412, #437, #8811, .T. ) ;
#9401 = CARTESIAN_POINT ( 'NONE',  ( 7.387276416079056496, 5.733982774478154631, -37.28217010284147648 ) ) ;
#9402 = CARTESIAN_POINT ( 'NONE',  ( 0.000000000000000000, 27.00000000000000000, -19.00000000000000000 ) ) ;
#9403 = FACE_OUTER_BOUND ( 'NONE', #9782, .T. ) ;
#9404 = CARTESIAN_POINT ( 'NONE',  ( 1.106884595926295456E-14, -55.59999999999998010, -8.000000000000000000 ) ) ;
#9405 = EDGE_CURVE ( 'NONE', #289, #205, #1871, .T. ) ;
#9406 = CARTESIAN_POINT ( 'NONE',  ( -5.484510961995859191, 10.97687195110973413, -42.15716148597286406 ) ) ;
#9407 = ORIENTED_EDGE ( 'NONE', *, *, #7326, .F. ) ;
#9408 = CARTESIAN_POINT ( 'NONE',  ( 0.000000000000000000, 3.449583562777016209E-12, -441.0000000000000000 ) ) ;
#9409 = CARTESIAN_POINT ( 'NONE',  ( 38.89087296526011528, -38.89087296525666915, -441.0000000000005684 ) ) ;
#9410 = CARTESIAN_POINT ( 'NONE',  ( 35.07692307692306599, -193.1000328731765023, -8.999999999999984013 ) ) ;
#9411 = CARTESIAN_POINT ( 'NONE',  ( -38.89087296526011528, -38.89087296525666915, -441.0000000000005684 ) ) ;
#9412 = CARTESIAN_POINT ( 'NONE',  ( 36.96688160980075111, 19.79455021543952498, -8.976003120565685833 ) ) ;
#9413 = VERTEX_POINT ( 'NONE', #3135 ) ;
#9414 = AXIS2_PLACEMENT_3D ( 'NONE', #3350, #6355, #1819 ) ;
#9415 = EDGE_LOOP ( 'NONE', ( #8495, #6372 ) ) ;
#9416 = PLANE ( 'NONE',  #232 ) ;
#9417 = SURFACE_SIDE_STYLE ('',( #7585 ) ) ;
#9418 = AXIS2_PLACEMENT_3D ( 'NONE', #5783, #9593, #2653 ) ;
#9419 = VECTOR ( 'NONE', #3643, 1000.000000000000000 ) ;
#9420 = DIRECTION ( 'NONE',  ( -0.000000000000000000, -0.000000000000000000, 1.000000000000000000 ) ) ;
#9421 = DIRECTION ( 'NONE',  ( -0.000000000000000000, -1.396592535537253342E-14, 1.000000000000000000 ) ) ;
#9422 = CARTESIAN_POINT ( 'NONE',  ( 0.000000000000000000, 0.000000000000000000, 11.99999999999999289 ) ) ;
#9423 = CARTESIAN_POINT ( 'NONE',  ( 22.50000000000000355, 27.00000000000000355, 19.00000000000000000 ) ) ;
#9424 = ORIENTED_EDGE ( 'NONE', *, *, #2914, .T. ) ;
#9425 = AXIS2_PLACEMENT_3D ( 'NONE', #821, #7661, #770 ) ;
#9426 = ORIENTED_EDGE ( 'NONE', *, *, #4860, .F. ) ;
#9427 = VECTOR ( 'NONE', #2197, 1000.000000000000114 ) ;
#9428 = EDGE_LOOP ( 'NONE', ( #2193, #827 ) ) ;
#9429 = CIRCLE ( 'NONE', #9740, 72.00000000000000000 ) ;
#9430 = EDGE_LOOP ( 'NONE', ( #1234, #7852, #9114, #7535, #5581, #1021, #2486, #4434, #1993, #441 ) ) ;
#9431 = AXIS2_PLACEMENT_3D ( 'NONE', #6634, #2089, #4287 ) ;
#9432 = CARTESIAN_POINT ( 'NONE',  ( 0.000000000000000000, -36.00000000000000000, -96.00000000000028422 ) ) ;
#9433 = CARTESIAN_POINT ( 'NONE',  ( 21.88943746895912668, 21.78057792359391343, 31.06228183824054057 ) ) ;
#9434 = LINE ( 'NONE', #3292, #8870 ) ;
#9435 = DIRECTION ( 'NONE',  ( -1.000000000000000222, -2.842170943040400743E-14, -6.552312924092166923E-17 ) ) ;
#9436 = CIRCLE ( 'NONE', #8945, 42.50000000000000711 ) ;
#9437 = VERTEX_POINT ( 'NONE', #8486 ) ;
#9438 = CARTESIAN_POINT ( 'NONE',  ( 0.000000000000000000, 90.00000000000000000, 0.000000000000000000 ) ) ;
#9439 = DIRECTION ( 'NONE',  ( -0.000000000000000000, 0.000000000000000000, 1.000000000000000000 ) ) ;
#9440 = VERTEX_POINT ( 'NONE', #4682 ) ;
#9441 = EDGE_CURVE ( 'NONE', #1009, #2152, #6901, .T. ) ;
#9442 = EDGE_CURVE ( 'NONE', #6582, #2731, #5484, .T. ) ;
#9443 = ORIENTED_EDGE ( 'NONE', *, *, #4197, .F. ) ;
#9444 = DIRECTION ( 'NONE',  ( -1.000000000000000000, -0.000000000000000000, 0.000000000000000000 ) ) ;
#9445 = FACE_OUTER_BOUND ( 'NONE', #7864, .T. ) ;
#9446 = CARTESIAN_POINT ( 'NONE',  ( 46.99999999999999289, 40.00000000000000000, 4.500000000000007105 ) ) ;
#9447 = CARTESIAN_POINT ( 'NONE',  ( 38.00000000000000000, 8.774964387392127918, -8.999999999999992895 ) ) ;
#9448 = DIRECTION ( 'NONE',  ( -1.000000000000000000, -0.000000000000000000, -1.141265444721583757E-16 ) ) ;
#9449 = CARTESIAN_POINT ( 'NONE',  ( 38.74999999995396394, -199.7257153211830030, 8.968695557329908752 ) ) ;
#9450 = EDGE_CURVE ( 'NONE', #6331, #399, #6970, .T. ) ;
#9451 = EDGE_CURVE ( 'NONE', #5077, #218, #1071, .T. ) ;
#9452 = ORIENTED_EDGE ( 'NONE', *, *, #3772, .F. ) ;
#9453 = EDGE_CURVE ( 'NONE', #689, #2958, #107, .T. ) ;
#9454 = ORIENTED_EDGE ( 'NONE', *, *, #8521, .T. ) ;
#9455 = DIRECTION ( 'NONE',  ( -0.000000000000000000, 0.000000000000000000, 1.000000000000000000 ) ) ;
#9456 = DIRECTION ( 'NONE',  ( -0.000000000000000000, 1.000000000000000000, -0.000000000000000000 ) ) ;
#9457 = CARTESIAN_POINT ( 'NONE',  ( 16.02566044218501418, 21.52186949782296921, -39.36542871375473851 ) ) ;
#9458 = CARTESIAN_POINT ( 'NONE',  ( -5.952727771428386383, 48.71116071533280945, -37.53786868413521915 ) ) ;
#9459 = CARTESIAN_POINT ( 'NONE',  ( 0.000000000000000000, 0.000000000000000000, -9.000000000000000000 ) ) ;
#9460 = ORIENTED_EDGE ( 'NONE', *, *, #3978, .T. ) ;
#9461 = EDGE_CURVE ( 'NONE', #9774, #1096, #6123, .T. ) ;
#9462 = AXIS2_PLACEMENT_3D ( 'NONE', #2893, #6644, #5925 ) ;
#9463 = ORIENTED_EDGE ( 'NONE', *, *, #7033, .F. ) ;
#9464 = CYLINDRICAL_SURFACE ( 'NONE', #3559, 9.000000000000000000 ) ;
#9465 = CARTESIAN_POINT ( 'NONE',  ( -7.999999999999989342, -55.60000000000000853, 5.999999999999999112 ) ) ;
#9466 = CYLINDRICAL_SURFACE ( 'NONE', #6285, 5.000000000000941469 ) ;
#9467 = CARTESIAN_POINT ( 'NONE',  ( 4.776122516674677878E-15, -38.99999999999707967, -403.0000000000005684 ) ) ;
#9468 = CARTESIAN_POINT ( 'NONE',  ( 24.91987158875422637, -171.1999999999999886, -8.999999999999996447 ) ) ;
#9469 = AXIS2_PLACEMENT_3D ( 'NONE', #5135, #5776, #2787 ) ;
#9470 = CYLINDRICAL_SURFACE ( 'NONE', #9469, 8.000000000000000000 ) ;
#9471 = EDGE_LOOP ( 'NONE', ( #9486, #4703, #1813, #2766 ) ) ;
#9472 = ORIENTED_EDGE ( 'NONE', *, *, #674, .T. ) ;
#9473 = ORIENTED_EDGE ( 'NONE', *, *, #4199, .T. ) ;
#9474 =( REPRESENTATION_RELATIONSHIP ('NONE','NONE', #4268, #8339 ) REPRESENTATION_RELATIONSHIP_WITH_TRANSFORMATION ( #7881 )SHAPE_REPRESENTATION_RELATIONSHIP( ) );
#9475 = VERTEX_POINT ( 'NONE', #6292 ) ;
#9476 = CIRCLE ( 'NONE', #6453, 16.89999999999999858 ) ;
#9477 = CARTESIAN_POINT ( 'NONE',  ( 7.999999999999996447, -145.5999999999999659, 5.999999999999999112 ) ) ;
#9478 = CARTESIAN_POINT ( 'NONE',  ( 5.933886600177124215, 5.283713645548954396, 37.54083719092381699 ) ) ;
#9479 = DIRECTION ( 'NONE',  ( 0.000000000000000000, 0.000000000000000000, 1.000000000000000000 ) ) ;
#9480 = DIRECTION ( 'NONE',  ( 1.923416166579576328E-16, -2.893263746265707717E-17, -1.000000000000000000 ) ) ;
#9481 = FACE_OUTER_BOUND ( 'NONE', #4419, .T. ) ;
#9482 = DIRECTION ( 'NONE',  ( 1.000000000000000000, 0.000000000000000000, 0.000000000000000000 ) ) ;
#9483 = DIRECTION ( 'NONE',  ( -0.000000000000000000, -1.396592535537253342E-14, 1.000000000000000000 ) ) ;
#9484 = ORIENTED_EDGE ( 'NONE', *, *, #6478, .F. ) ;
#9485 = B_SPLINE_CURVE_WITH_KNOTS ( 'NONE', 3,
 ( #7020, #8447, #3105, #4763, #2520, #5562 ),
 .UNSPECIFIED., .F., .F.,
 ( 4, 2, 4 ),
 ( 5.204170427930422054E-18, 0.004403506556374454928, 0.008807013112748904651 ),
 .UNSPECIFIED. ) ;
#9486 = ORIENTED_EDGE ( 'NONE', *, *, #2479, .F. ) ;
#9487 = DIRECTION ( 'NONE',  ( 0.000000000000000000, 1.396592535537253342E-14, -1.000000000000000000 ) ) ;
#9488 = CARTESIAN_POINT ( 'NONE',  ( -38.74999999999985789, -199.7268035184360713, -8.968695557326952894 ) ) ;
#9489 = DIRECTION ( 'NONE',  ( -1.000000000000000000, 0.000000000000000000, 0.000000000000000000 ) ) ;
#9490 = CARTESIAN_POINT ( 'NONE',  ( -64.56989347527211009, 47.23059238027838092, 0.000000000000000000 ) ) ;
#9491 = CARTESIAN_POINT ( 'NONE',  ( 0.000000000000000000, 0.000000000000000000, -96.00000000000002842 ) ) ;
#9492 = EDGE_CURVE ( 'NONE', #5077, #2127, #5518, .T. ) ;
#9493 = DIRECTION ( 'NONE',  ( 1.000000000000000000, 0.000000000000000000, 0.000000000000000000 ) ) ;
#9494 = DIRECTION ( 'NONE',  ( 0.000000000000000000, -1.000000000000000000, -7.401486830834377462E-15 ) ) ;
#9495 = ORIENTED_EDGE ( 'NONE', *, *, #7701, .F. ) ;
#9496 = ORIENTED_EDGE ( 'NONE', *, *, #8332, .F. ) ;
#9497 = EDGE_CURVE ( 'NONE', #8836, #9326, #9512, .T. ) ;
#9498 = EDGE_CURVE ( 'NONE', #8590, #3569, #3455, .T. ) ;
#9499 = CARTESIAN_POINT ( 'NONE',  ( 5.994589290157727568, 42.81071991774478391, 42.07826113495092812 ) ) ;
#9500 = CARTESIAN_POINT ( 'NONE',  ( 0.000000000000000000, -2.514747939442635268E-13, -99.00000000000002842 ) ) ;
#9501 = EDGE_CURVE ( 'NONE', #3734, #4957, #1550, .T. ) ;
#9502 = DIRECTION ( 'NONE',  ( 1.000000000000000000, 0.000000000000000000, 0.000000000000000000 ) ) ;
#9503 = CARTESIAN_POINT ( 'NONE',  ( -12.91645618174967325, 45.42682773669439200, -35.73887952693360859 ) ) ;
#9504 = FACE_OUTER_BOUND ( 'NONE', #3784, .T. ) ;
#9505 = ORIENTED_EDGE ( 'NONE', *, *, #1036, .T. ) ;
#9506 = AXIS2_PLACEMENT_3D ( 'NONE', #5299, #9789, #2155 ) ;
#9507 = ORIENTED_EDGE ( 'NONE', *, *, #5999, .F. ) ;
#9508 = APPLICATION_CONTEXT ( 'automotive_design' ) ;
#9509 = DIRECTION ( 'NONE',  ( 1.000000000000000000, 0.000000000000000000, 0.000000000000000000 ) ) ;
#9510 = DIRECTION ( 'NONE',  ( 1.541976423090495633E-16, 1.000000000000000000, 0.000000000000000000 ) ) ;
#9511 = EDGE_CURVE ( 'NONE', #689, #8492, #8430, .T. ) ;
#9512 = CIRCLE ( 'NONE', #7447, 16.89999999999999858 ) ;
#9513 = DIRECTION ( 'NONE',  ( 1.000000000000000000, 0.000000000000000000, 0.000000000000000000 ) ) ;
#9514 = ORIENTED_EDGE ( 'NONE', *, *, #9322, .F. ) ;
#9515 = CYLINDRICAL_SURFACE ( 'NONE', #8739, 27.00000000000000000 ) ;
#9516 = EDGE_CURVE ( 'NONE', #3567, #6294, #4409, .T. ) ;
#9517 = CARTESIAN_POINT ( 'NONE',  ( 27.00000000000000000, 0.000000000000000000, -19.00000000000000000 ) ) ;
#9518 = ORIENTED_EDGE ( 'NONE', *, *, #5612, .T. ) ;
#9519 = AXIS2_PLACEMENT_3D ( 'NONE', #8009, #332, #5709 ) ;
#9520 = EDGE_LOOP ( 'NONE', ( #4004, #8812, #8642, #4028 ) ) ;
#9521 = PRODUCT_DEFINITION_SHAPE ( 'NONE', 'NONE',  #6051 ) ;
#9522 = ORIENTED_EDGE ( 'NONE', *, *, #1463, .F. ) ;
#9523 = VECTOR ( 'NONE', #9030, 1000.000000000000227 ) ;
#9524 = VECTOR ( 'NONE', #6714, 1000.000000000000000 ) ;
#9525 = CARTESIAN_POINT ( 'NONE',  ( 0.000000000000000000, 5.236340632789118004E-13, -210.0000000000000000 ) ) ;
#9526 = CARTESIAN_POINT ( 'NONE',  ( 16.93736896257956204, 12.11919143192007908, 34.03490371580879525 ) ) ;
#9527 = CARTESIAN_POINT ( 'NONE',  ( 1.539749897050354256E-14, -43.99999999999789679, -345.0000000000006253 ) ) ;
#9528 = CARTESIAN_POINT ( 'NONE',  ( 6.884627100340852540E-16, 296.5999999999993406, 433.0000000000000000 ) ) ;
#9529 = AXIS2_PLACEMENT_3D ( 'NONE', #5729, #2496, #263 ) ;
#9530 = AXIS2_PLACEMENT_3D ( 'NONE', #7393, #9629, #3587 ) ;
#9531 = ORIENTED_EDGE ( 'NONE', *, *, #5822, .T. ) ;
#9532 = DIRECTION ( 'NONE',  ( -0.000000000000000000, -1.396592535537253342E-14, 1.000000000000000000 ) ) ;
#9533 = DIRECTION ( 'NONE',  ( -1.000000000000000000, 0.000000000000000000, 0.000000000000000000 ) ) ;
#9534 = ORIENTED_EDGE ( 'NONE', *, *, #5772, .F. ) ;
#9535 = AXIS2_PLACEMENT_3D ( 'NONE', #2540, #3123, #6166 ) ;
#9536 = ORIENTED_EDGE ( 'NONE', *, *, #6344, .T. ) ;
#9537 = LINE ( 'NONE', #8033, #5220 ) ;
#9538 = DIRECTION ( 'NONE',  ( 0.2840153447039234225, -0.9588197348681927190, -1.339080484642726207E-14 ) ) ;
#9539 = AXIS2_PLACEMENT_3D ( 'NONE', #8246, #4357, #1273 ) ;
#9540 = CARTESIAN_POINT ( 'NONE',  ( -64.56989347527211009, -47.23059238027784090, -213.0000000000003411 ) ) ;
#9541 =( BOUNDED_SURFACE ( )  B_SPLINE_SURFACE ( 3, 2, ( 
 ( #2230, #8312, #733 ),
 ( #1436, #2038, #7529 ),
 ( #3680, #2829, #7429 ),
 ( #3626, #6011, #9063 ),
 ( #2782, #5811, #5080 ),
 ( #6630, #6681, #2879 ) ),
 .UNSPECIFIED., .F., .F., .T. ) 
 B_SPLINE_SURFACE_WITH_KNOTS ( ( 4, 2, 4 ),
 ( 3, 3 ),
 ( 0.000000000000000000, 0.004411853782887461758, 0.008823707565774923517 ),
 ( 0.000000000000000000, 1.000000000000000000 ),
 .UNSPECIFIED. ) 
 GEOMETRIC_REPRESENTATION_ITEM ( )  RATIONAL_B_SPLINE_SURFACE ( (
 ( 1.000000000000000000, 0.7071067811865467956, 1.000000000000000000),
 ( 1.000000000000000000, 0.7167217121882991648, 1.000000000000000000),
 ( 1.000000000000000000, 0.7239293624834121088, 1.000000000000000000),
 ( 1.000000000000000000, 0.7335575311262175768, 1.000000000000000000),
 ( 1.000000000000000000, 0.7359783963882945423, 1.000000000000000000),
 ( 1.000000000000000000, 0.7359800721939874224, 1.000000000000000000) ) ) 
 REPRESENTATION_ITEM ( '' )  SURFACE ( )  );
#9542 = DIRECTION ( 'NONE',  ( 0.000000000000000000, -1.000000000000000000, -7.195889974422310326E-15 ) ) ;
#9543 = CARTESIAN_POINT ( 'NONE',  ( -21.71510097346743962, 32.93838333495176585, 31.18535540669590134 ) ) ;
#9544 = CARTESIAN_POINT ( 'NONE',  ( 0.000000000000000000, 55.00000000000345324, -440.9999999999992042 ) ) ;
#9545 = EDGE_LOOP ( 'NONE', ( #3767, #2371, #2226, #5362 ) ) ;
#9546 = ORIENTED_EDGE ( 'NONE', *, *, #2968, .F. ) ;
#9547 = VECTOR ( 'NONE', #319, 1000.000000000000000 ) ;
#9548 = PRODUCT_DEFINITION_CONTEXT ( 'detailed design', #8308, 'design' ) ;
#9549 =( BOUNDED_CURVE ( )  B_SPLINE_CURVE ( 3, ( #5163, #6523, #1374, #8850 ),
 .UNSPECIFIED., .F., .F. ) 
 B_SPLINE_CURVE_WITH_KNOTS ( ( 4, 4 ),
 ( 4.712388980384689674, 7.853981633974482790 ),
 .UNSPECIFIED. ) 
 CURVE ( )  GEOMETRIC_REPRESENTATION_ITEM ( )  RATIONAL_B_SPLINE_CURVE ( ( 1.000000000000000000, 0.3333333333333333703, 0.3333333333333333703, 1.000000000000000000 ) ) 
 REPRESENTATION_ITEM ( '' )  );
#9550 = CARTESIAN_POINT ( 'NONE',  ( 37.49999999999997868, 15.41602615938552390, 20.00000000000006395 ) ) ;
#9551 = DIRECTION ( 'NONE',  ( -0.000000000000000000, -0.000000000000000000, 1.000000000000000000 ) ) ;
#9552 = CIRCLE ( 'NONE', #6365, 27.00000000000000000 ) ;
#9553 = CARTESIAN_POINT ( 'NONE',  ( 13.43007191198416628, 16.68320104946310778, -40.32738949688911845 ) ) ;
#9554 = CARTESIAN_POINT ( 'NONE',  ( 34.51751045525493566, -54.22455240933852849, -388.0000000000007958 ) ) ;
#9555 = DIRECTION ( 'NONE',  ( 0.000000000000000000, 0.000000000000000000, 1.000000000000000000 ) ) ;
#9556 = CIRCLE ( 'NONE', #2221, 80.00000000000000000 ) ;
#9557 = EDGE_LOOP ( 'NONE', ( #6859, #4620, #3989, #1859 ) ) ;
#9558 = ADVANCED_FACE ( 'NONE', ( #4634 ), #4584, .T. ) ;
#9559 = EDGE_CURVE ( 'NONE', #7328, #3199, #3933, .T. ) ;
#9560 = CARTESIAN_POINT ( 'NONE',  ( -20.50000000000000355, 2.510525938252074481E-15, 55.99999999999999289 ) ) ;
#9561 = CARTESIAN_POINT ( 'NONE',  ( -35.07692307692307310, -193.1000328731765023, -12.00000000000000000 ) ) ;
#9562 = CARTESIAN_POINT ( 'NONE',  ( -8.999999999999991118, -55.60000000000000853, 9.000000000000000000 ) ) ;
#9563 = CIRCLE ( 'NONE', #3825, 7.000000000000000000 ) ;
#9564 = CARTESIAN_POINT ( 'NONE',  ( 10.57375552197761159, -30.51436867563304389, 19.00000000000000000 ) ) ;
#9565 = CARTESIAN_POINT ( 'NONE',  ( 37.50000000000001421, 15.41602615938555765, -19.99999999999999645 ) ) ;
#9566 = ORIENTED_EDGE ( 'NONE', *, *, #4315, .T. ) ;
#9567 = VERTEX_POINT ( 'NONE', #1709 ) ;
#9568 = EDGE_LOOP ( 'NONE', ( #152, #563, #141, #7649 ) ) ;
#9569 = EDGE_CURVE ( 'NONE', #1049, #7594, #9286, .T. ) ;
#9570 = EDGE_LOOP ( 'NONE', ( #1521, #346 ) ) ;
#9571 = ADVANCED_FACE ( 'NONE', ( #4737 ), #7588, .F. ) ;
#9572 = ADVANCED_FACE ( 'NONE', ( #16, #798 ), #1054, .F. ) ;
#9573 = AXIS2_PLACEMENT_3D ( 'NONE', #7111, #3100, #9186 ) ;
#9574 = AXIS2_PLACEMENT_3D ( 'NONE', #8695, #6602, #372 ) ;
#9575 = EDGE_CURVE ( 'NONE', #8193, #9209, #6343, .T. ) ;
#9576 = CARTESIAN_POINT ( 'NONE',  ( 16.90000000000000568, 25.87023781035830083, 38.99538434225264183 ) ) ;
#9577 = CARTESIAN_POINT ( 'NONE',  ( 20.13273825798439987, 16.92766526225294754, 32.23100027029786219 ) ) ;
#9578 = DIRECTION ( 'NONE',  ( 0.000000000000000000, -0.000000000000000000, 1.000000000000000000 ) ) ;
#9579 = DIRECTION ( 'NONE',  ( 0.000000000000000000, 0.000000000000000000, 1.000000000000000000 ) ) ;
#9580 = CARTESIAN_POINT ( 'NONE',  ( -21.97307857159489686, 22.14475374173745337, -31.00309976466039785 ) ) ;
#9581 = VECTOR ( 'NONE', #8531, 1000.000000000000000 ) ;
#9582 = AXIS2_PLACEMENT_3D ( 'NONE', #8506, #233, #6311 ) ;
#9583 = FACE_OUTER_BOUND ( 'NONE', #5513, .T. ) ;
#9584 = ORIENTED_EDGE ( 'NONE', *, *, #978, .F. ) ;
#9585 = ORIENTED_EDGE ( 'NONE', *, *, #1782, .T. ) ;
#9586 = EDGE_CURVE ( 'NONE', #5098, #6948, #5528, .T. ) ;
#9587 = CARTESIAN_POINT ( 'NONE',  ( -36.00000000000000000, 0.000000000000000000, 53.00000000000000000 ) ) ;
#9588 = CARTESIAN_POINT ( 'NONE',  ( -56.00000000000000711, 32.79999999999999005, -9.000000000000014211 ) ) ;
#9589 = CIRCLE ( 'NONE', #661, 4.999999999997103650 ) ;
#9590 = LINE ( 'NONE', #7995, #7714 ) ;
#9591 = FILL_AREA_STYLE_COLOUR ( '', #3316 ) ;
#9592 = AXIS2_PLACEMENT_3D ( 'NONE', #9041, #3010, #6137 ) ;
#9593 = DIRECTION ( 'NONE',  ( 0.000000000000000000, 0.000000000000000000, -1.000000000000000000 ) ) ;
#9594 = DIRECTION ( 'NONE',  ( 1.000000000000000000, 0.000000000000000000, -0.000000000000000000 ) ) ;
#9595 = DIRECTION ( 'NONE',  ( 0.000000000000000000, 6.982962677686266711E-15, -1.000000000000000000 ) ) ;
#9596 = DIRECTION ( 'NONE',  ( -0.000000000000000000, -1.000000000000000000, -0.000000000000000000 ) ) ;
#9597 = ORIENTED_EDGE ( 'NONE', *, *, #1659, .F. ) ;
#9598 = ORIENTED_EDGE ( 'NONE', *, *, #9516, .T. ) ;
#9599 = CIRCLE ( 'NONE', #6052, 39.00000000000000000 ) ;
#9600 = CARTESIAN_POINT ( 'NONE',  ( 42.38830694285420719, 20.65639990006414450, 3.564443968842151644 ) ) ;
#9601 = CARTESIAN_POINT ( 'NONE',  ( -16.89999999999999858, 0.000000000000000000, -38.99999999999998579 ) ) ;
#9602 = DIRECTION ( 'NONE',  ( 0.000000000000000000, 1.000000000000000000, 1.110223024625799620E-14 ) ) ;
#9603 = DIRECTION ( 'NONE',  ( 0.000000000000000000, 1.396592535537253342E-14, -1.000000000000000000 ) ) ;
#9604 = CARTESIAN_POINT ( 'NONE',  ( 35.37782300510578182, -194.4030805854129085, -9.080507977815665654 ) ) ;
#9605 = DIRECTION ( 'NONE',  ( 1.000000000000000000, 0.000000000000000000, 0.000000000000000000 ) ) ;
#9606 = ORIENTED_EDGE ( 'NONE', *, *, #4371, .T. ) ;
#9607 = CARTESIAN_POINT ( 'NONE',  ( -35.92232950245770695, 2.726233426714127273, -11.96616446274451206 ) ) ;
#9608 = CARTESIAN_POINT ( 'NONE',  ( 15.80715305249238334, 33.00444191071968447, 39.45170579496553387 ) ) ;
#9609 = CARTESIAN_POINT ( 'NONE',  ( 1.539749897050354256E-14, -44.00000000000000000, -46.00000000000000000 ) ) ;
#9610 = AXIS2_PLACEMENT_3D ( 'NONE', #2647, #4891, #1058 ) ;
#9611 = DIRECTION ( 'NONE',  ( -0.000000000000000000, -1.000000000000000000, -0.000000000000000000 ) ) ;
#9612 = DIRECTION ( 'NONE',  ( 1.000000000000000000, 0.000000000000000000, 0.000000000000000000 ) ) ;
#9613 = EDGE_LOOP ( 'NONE', ( #9033, #537 ) ) ;
#9614 = ORIENTED_EDGE ( 'NONE', *, *, #411, .F. ) ;
#9615 = ORIENTED_EDGE ( 'NONE', *, *, #2930, .F. ) ;
#9616 = ORIENTED_EDGE ( 'NONE', *, *, #5007, .F. ) ;
#9617 = VECTOR ( 'NONE', #8761, 1000.000000000000000 ) ;
#9618 = EDGE_CURVE ( 'NONE', #3943, #5860, #284, .T. ) ;
#9619 = EDGE_CURVE ( 'NONE', #1826, #4190, #4790, .T. ) ;
#9620 = CARTESIAN_POINT ( 'NONE',  ( 1.657975655542604885E-14, -145.5999999999999943, -5.999999999999999112 ) ) ;
#9621 = DIRECTION ( 'NONE',  ( 0.000000000000000000, 0.000000000000000000, -1.000000000000000000 ) ) ;
#9622 = ADVANCED_FACE ( 'NONE', ( #4887 ), #447, .T. ) ;
#9623 = DIRECTION ( 'NONE',  ( -1.000000000000000000, 1.752070710736463492E-16, 7.953954264055271838E-17 ) ) ;
#9624 = ORIENTED_EDGE ( 'NONE', *, *, #2793, .T. ) ;
#9625 = CARTESIAN_POINT ( 'NONE',  ( 0.000000000000000000, 50.00000000000346034, -440.9999999999992610 ) ) ;
#9626 = LINE ( 'NONE', #5086, #2938 ) ;
#9627 = ORIENTED_EDGE ( 'NONE', *, *, #8529, .T. ) ;
#9628 = EDGE_LOOP ( 'NONE', ( #6258, #6954, #3929, #514 ) ) ;
#9629 = DIRECTION ( 'NONE',  ( -0.000000000000000000, 1.000000000000000000, -0.000000000000000000 ) ) ;
#9630 = AXIS2_PLACEMENT_3D ( 'NONE', #8060, #5018, #2819 ) ;
#9631 = DIRECTION ( 'NONE',  ( 1.000000000000000000, 0.000000000000000000, 0.000000000000000000 ) ) ;
#9632 = CARTESIAN_POINT ( 'NONE',  ( 1.539749897050354256E-14, 44.00000000000063949, -227.9999999999997158 ) ) ;
#9633 = CARTESIAN_POINT ( 'NONE',  ( 0.000000000000000000, 0.000000000000000000, 0.000000000000000000 ) ) ;
#9634 = DIRECTION ( 'NONE',  ( -1.000000000000000000, 0.000000000000000000, 0.000000000000000000 ) ) ;
#9635 = EDGE_CURVE ( 'NONE', #6055, #4098, #1552, .T. ) ;
#9636 = CARTESIAN_POINT ( 'NONE',  ( 0.000000000000000000, 2.960776175338977691E-12, -406.0000000000000000 ) ) ;
#9637 = CLOSED_SHELL ( 'NONE', ( #8399, #4438, #6587, #3649, #8450, #9681 ) ) ;
#9638 = CARTESIAN_POINT ( 'NONE',  ( -42.49936592117559542, 20.77433629923642755, 0.9305251205887541399 ) ) ;
#9639 = VERTEX_POINT ( 'NONE', #4233 ) ;
#9640 = EDGE_CURVE ( 'NONE', #697, #3441, #5996, .T. ) ;
#9641 = ORIENTED_EDGE ( 'NONE', *, *, #9344, .T. ) ;
#9642 = AXIS2_PLACEMENT_3D ( 'NONE', #8427, #5481, #7586 ) ;
#9643 = UNCERTAINTY_MEASURE_WITH_UNIT (LENGTH_MEASURE( 1.000000000000000082E-05 ), #4718, 'distance_accuracy_value', 'NONE');
#9644 = CARTESIAN_POINT ( 'NONE',  ( 1.657975655542604885E-14, -145.5999999999999943, -8.000000000000000000 ) ) ;
#9645 = DIRECTION ( 'NONE',  ( -0.000000000000000000, 0.000000000000000000, 1.000000000000000000 ) ) ;
#9646 = DIRECTION ( 'NONE',  ( 0.000000000000000000, 0.000000000000000000, 1.000000000000000000 ) ) ;
#9647 = CARTESIAN_POINT ( 'NONE',  ( -36.00000000000000000, 4.408728476930470856E-15, -99.00000000000000000 ) ) ;
#9648 = DIRECTION ( 'NONE',  ( 0.000000000000000000, 0.000000000000000000, 1.000000000000000000 ) ) ;
#9649 = CARTESIAN_POINT ( 'NONE',  ( -55.00000000000000000, -4.999999999993351096, -441.0000000000000568 ) ) ;
#9650 = ORIENTED_EDGE ( 'NONE', *, *, #3244, .T. ) ;
#9651 = CARTESIAN_POINT ( 'NONE',  ( 4.837354856632043874E-15, 4.299999999999999822, 39.49999999999999289 ) ) ;
#9652 = CARTESIAN_POINT ( 'NONE',  ( 12.70726328338579592, 38.15513980029113839, 40.55748717031405448 ) ) ;
#9653 = CARTESIAN_POINT ( 'NONE',  ( -6.735557395310464703E-15, -59.99999999999513278, -456.0000000000008527 ) ) ;
#9654 = CARTESIAN_POINT ( 'NONE',  ( -38.00000000000000000, -192.4250356126078714, 8.999999999999984013 ) ) ;
#9655 = CIRCLE ( 'NONE', #1067, 39.00000000000000000 ) ;
#9656 = CARTESIAN_POINT ( 'NONE',  ( 191.5194180755570699, -19.22498999199198622, 0.000000000000000000 ) ) ;
#9657 = EDGE_LOOP ( 'NONE', ( #2697, #6857, #1495, #6142, #4527, #942 ) ) ;
#9658 = ORIENTED_EDGE ( 'NONE', *, *, #6764, .F. ) ;
#9659 = EDGE_LOOP ( 'NONE', ( #7550, #8001, #4881, #1200, #2160 ) ) ;
#9660 = DIRECTION ( 'NONE',  ( -0.000000000000000000, -6.982962677686266711E-15, 1.000000000000000000 ) ) ;
#9661 = ORIENTED_EDGE ( 'NONE', *, *, #7367, .F. ) ;
#9662 = ADVANCED_BREP_SHAPE_REPRESENTATION ( '', ( #6658, #2024 ), #4263 ) ;
#9663 = AXIS2_PLACEMENT_3D ( 'NONE', #2145, #2051, #9076 ) ;
#9664 = AXIS2_PLACEMENT_3D ( 'NONE', #9249, #5505, #3265 ) ;
#9665 = CARTESIAN_POINT ( 'NONE',  ( 2.222036627879797610, 10.20957892246386756, 42.45606678447061455 ) ) ;
#9666 = CARTESIAN_POINT ( 'NONE',  ( 0.000000000000000000, 59.50000000000000000, -42.50000000000000711 ) ) ;
#9667 = CARTESIAN_POINT ( 'NONE',  ( -22.87790625487066976, -171.1999999999999886, 9.269897892228661007 ) ) ;
#9668 = AXIS2_PLACEMENT_3D ( 'NONE', #8846, #2018, #7226 ) ;
#9669 = APPLICATION_PROTOCOL_DEFINITION ( 'draft international standard', 'automotive_design', 1998, #7488 ) ;
#9670 = ORIENTED_EDGE ( 'NONE', *, *, #7682, .T. ) ;
#9671 = CARTESIAN_POINT ( 'NONE',  ( -19.06110445326417846, 15.02303221477064099, -32.87688851613997087 ) ) ;
#9672 = FACE_BOUND ( 'NONE', #9570, .T. ) ;
#9673 = EDGE_LOOP ( 'NONE', ( #2169, #7527, #3900, #7433 ) ) ;
#9674 = STYLED_ITEM ( 'NONE', ( #1535 ), #497 ) ;
#9675 = AXIS2_PLACEMENT_3D ( 'NONE', #1658, #6905, #216 ) ;
#9676 = VERTEX_POINT ( 'NONE', #3436 ) ;
#9677 = DIRECTION ( 'NONE',  ( 0.000000000000000000, -1.000000000000000000, 0.000000000000000000 ) ) ;
#9678 = ADVANCED_FACE ( 'NONE', ( #4093, #8683 ), #4837, .T. ) ;
#9679 = FACE_OUTER_BOUND ( 'NONE', #2402, .T. ) ;
#9680 = CIRCLE ( 'NONE', #6660, 4.999999999998790301 ) ;
#9681 = ADVANCED_FACE ( 'NONE', ( #5682 ), #7893, .F. ) ;
#9682 = CARTESIAN_POINT ( 'NONE',  ( -34.51751045525492145, -54.22455240933939535, -327.0000000000007958 ) ) ;
#9683 = MECHANICAL_DESIGN_GEOMETRIC_PRESENTATION_REPRESENTATION (  '', ( #136 ), #5539 ) ;
#9684 = VECTOR ( 'NONE', #2110, 1000.000000000000000 ) ;
#9685 = DIRECTION ( 'NONE',  ( 0.000000000000000000, -1.000000000000000000, 0.000000000000000000 ) ) ;
#9686 = CARTESIAN_POINT ( 'NONE',  ( -1.517928073161725733, 49.49999999999998579, 38.00000000000000000 ) ) ;
#9687 = CARTESIAN_POINT ( 'NONE',  ( 0.000000000000000000, 0.000000000000000000, 19.00000000000000000 ) ) ;
#9688 = VECTOR ( 'NONE', #1579, 1000.000000000000000 ) ;
#9689 = CARTESIAN_POINT ( 'NONE',  ( -42.47011356942475402, 20.74325979436793688, 1.834265006574580470 ) ) ;
#9690 = VERTEX_POINT ( 'NONE', #1100 ) ;
#9691 = EDGE_LOOP ( 'NONE', ( #3981, #1210, #593, #220 ) ) ;
#9692 = EDGE_CURVE ( 'NONE', #9055, #7631, #6978, .T. ) ;
#9693 = ADVANCED_FACE ( 'NONE', ( #1006 ), #3774, .F. ) ;
#9694 = ORIENTED_EDGE ( 'NONE', *, *, #8701, .F. ) ;
#9695 = EDGE_CURVE ( 'NONE', #437, #3596, #9434, .T. ) ;
#9696 = SURFACE_STYLE_USAGE ( .BOTH. , #6659 ) ;
#9697 = CARTESIAN_POINT ( 'NONE',  ( 34.51751045525493566, -54.22455240934123566, -61.00000000000000000 ) ) ;
#9698 = LINE ( 'NONE', #7180, #2739 ) ;
#9699 = CARTESIAN_POINT ( 'NONE',  ( 0.000000000000000000, 55.19999999999999574, 39.50000000000000000 ) ) ;
#9700 = DIRECTION ( 'NONE',  ( 1.000000000000000000, 1.776356839400250465E-15, 0.000000000000000000 ) ) ;
#9701 = CARTESIAN_POINT ( 'NONE',  ( 27.00000000000000000, 0.000000000000000000, 19.00000000000000000 ) ) ;
#9702 = ORIENTED_EDGE ( 'NONE', *, *, #673, .F. ) ;
#9703 = AXIS2_PLACEMENT_3D ( 'NONE', #2211, #8290, #4257 ) ;
#9704 = DIRECTION ( 'NONE',  ( 0.000000000000000000, -6.982962677686266711E-15, 1.000000000000000000 ) ) ;
#9705 = DIRECTION ( 'NONE',  ( 0.000000000000000000, 1.000000000000000000, 1.110223024624657980E-14 ) ) ;
#9706 = CARTESIAN_POINT ( 'NONE',  ( 22.48353060487831456, -171.1999999999999886, 19.00000000000000000 ) ) ;
#9707 = AXIS2_PLACEMENT_3D ( 'NONE', #3473, #9758, #2119 ) ;
#9708 = DIRECTION ( 'NONE',  ( -1.000000000000000000, 0.000000000000000000, 0.000000000000000000 ) ) ;
#9709 = DIRECTION ( 'NONE',  ( 0.000000000000000000, 1.000000000000000000, 0.000000000000000000 ) ) ;
#9710 = VERTEX_POINT ( 'NONE', #2551 ) ;
#9711 = ORIENTED_EDGE ( 'NONE', *, *, #3167, .T. ) ;
#9712 = EDGE_LOOP ( 'NONE', ( #7006, #6379 ) ) ;
#9713 = ORIENTED_EDGE ( 'NONE', *, *, #2903, .F. ) ;
#9714 = AXIS2_PLACEMENT_3D ( 'NONE', #9279, #8526, #9380 ) ;
#9715 = CARTESIAN_POINT ( 'NONE',  ( 31.42648297920984390, 14.47834681900573983, -21.36666458372611288 ) ) ;
#9716 = DIRECTION ( 'NONE',  ( 0.000000000000000000, -1.000000000000000000, -1.110223024625157172E-14 ) ) ;
#9717 = CARTESIAN_POINT ( 'NONE',  ( -8.999999999999984013, -145.5999999999999659, -9.000000000000000000 ) ) ;
#9718 = DIRECTION ( 'NONE',  ( 0.6934143777079141424, -1.700643969643088596E-16, 0.7205390348814879609 ) ) ;
#9719 = ORIENTED_EDGE ( 'NONE', *, *, #710, .T. ) ;
#9720 = CARTESIAN_POINT ( 'NONE',  ( -11.38463148945828074, 7.539107960873392855, -36.27672130763452429 ) ) ;
#9721 = LINE ( 'NONE', #8222, #3565 ) ;
#9722 = VERTEX_POINT ( 'NONE', #7195 ) ;
#9723 = CIRCLE ( 'NONE', #5897, 3.000000000000000000 ) ;
#9724 = ORIENTED_EDGE ( 'NONE', *, *, #713, .F. ) ;
#9725 = CARTESIAN_POINT ( 'NONE',  ( -15.14497726635322294, 34.51964199307433034, 39.71092764041168977 ) ) ;
#9726 = CARTESIAN_POINT ( 'NONE',  ( 29.48374795605157317, 11.18990534293354067, 23.97420374438104318 ) ) ;
#9727 = DIRECTION ( 'NONE',  ( 0.000000000000000000, 1.000000000000000000, 1.110223024625866357E-14 ) ) ;
#9728 = SURFACE_STYLE_FILL_AREA ( #3694 ) ;
#9729 = CARTESIAN_POINT ( 'NONE',  ( 39.00000000000000000, -201.1999999999999886, 11.95826074310140719 ) ) ;
#9730 = FACE_OUTER_BOUND ( 'NONE', #4206, .T. ) ;
#9731 = VECTOR ( 'NONE', #845, 1000.000000000000000 ) ;
#9732 = AXIS2_PLACEMENT_3D ( 'NONE', #5384, #2339, #67 ) ;
#9733 = DIRECTION ( 'NONE',  ( 0.000000000000000000, 0.000000000000000000, 1.000000000000000000 ) ) ;
#9734 = EDGE_CURVE ( 'NONE', #3883, #6636, #5210, .T. ) ;
#9735 = CARTESIAN_POINT ( 'NONE',  ( -42.50123759763268083, 20.77632495553352143, -1.772773385880335617 ) ) ;
#9736 = ORIENTED_EDGE ( 'NONE', *, *, #6590, .F. ) ;
#9737 = VERTEX_POINT ( 'NONE', #4143 ) ;
#9738 = AXIS2_PLACEMENT_3D ( 'NONE', #7552, #3750, #6804 ) ;
#9739 = AXIS2_PLACEMENT_3D ( 'NONE', #4779, #6982, #6060 ) ;
#9740 = AXIS2_PLACEMENT_3D ( 'NONE', #8401, #6364, #88 ) ;
#9741 = VERTEX_POINT ( 'NONE', #7286 ) ;
#9742 = LINE ( 'NONE', #8194, #8141 ) ;
#9743 = FACE_OUTER_BOUND ( 'NONE', #5631, .T. ) ;
#9744 = CARTESIAN_POINT ( 'NONE',  ( -56.90275806167113615, -150.8206776050439544, 9.000000000000000000 ) ) ;
#9745 = CARTESIAN_POINT ( 'NONE',  ( 0.000000000000000000, 2.960776175338977691E-12, -406.0000000000000000 ) ) ;
#9746 = CIRCLE ( 'NONE', #8147, 42.50000000000000711 ) ;
#9747 = EDGE_CURVE ( 'NONE', #3171, #7800, #3612, .T. ) ;
#9748 = FACE_OUTER_BOUND ( 'NONE', #8575, .T. ) ;
#9749 = ADVANCED_FACE ( 'NONE', ( #1948, #3484 ), #3729, .T. ) ;
#9750 = EDGE_CURVE ( 'NONE', #2127, #9784, #8172, .T. ) ;
#9751 = CARTESIAN_POINT ( 'NONE',  ( 4.592425496802574367E-15, 36.00000000000131450, -323.9999999999994884 ) ) ;
#9752 = AXIS2_PLACEMENT_3D ( 'NONE', #1824, #324, #1726 ) ;
#9753 = LINE ( 'NONE', #8845, #7161 ) ;
#9754 = CARTESIAN_POINT ( 'NONE',  ( -64.56989347527211009, 47.23059238028129414, -402.9999999999993747 ) ) ;
#9755 = ORIENTED_EDGE ( 'NONE', *, *, #9064, .T. ) ;
#9756 = CARTESIAN_POINT ( 'NONE',  ( -38.00000000000000000, -171.1999999999999886, -9.000000000000010658 ) ) ;
#9757 = CARTESIAN_POINT ( 'NONE',  ( 0.000000000000000000, 4.299999999999999822, 0.000000000000000000 ) ) ;
#9758 = DIRECTION ( 'NONE',  ( 0.000000000000000000, 0.000000000000000000, 1.000000000000000000 ) ) ;
#9759 = EDGE_CURVE ( 'NONE', #8492, #7104, #3577, .T. ) ;
#9760 = CARTESIAN_POINT ( 'NONE',  ( -26.99999999999998579, 44.00000000000017053, -159.9999999999996874 ) ) ;
#9761 = CARTESIAN_POINT ( 'NONE',  ( 35.50655110142718485, 12.26272373800646953, -23.35820586102440544 ) ) ;
#9762 = ORIENTED_EDGE ( 'NONE', *, *, #1208, .F. ) ;
#9763 = VERTEX_POINT ( 'NONE', #542 ) ;
#9764 = CARTESIAN_POINT ( 'NONE',  ( 1.539749897050354256E-14, 44.00000000000093792, -270.9999999999996589 ) ) ;
#9765 = EDGE_CURVE ( 'NONE', #7798, #5087, #5013, .T. ) ;
#9766 = ORIENTED_EDGE ( 'NONE', *, *, #4439, .T. ) ;
#9767 = CARTESIAN_POINT ( 'NONE',  ( 5.204748896899802891E-15, 10.09999999999999964, 42.50000000000000711 ) ) ;
#9768 = PRESENTATION_STYLE_ASSIGNMENT (( #6734 ) ) ;
#9769 = CARTESIAN_POINT ( 'NONE',  ( 0.000000000000000000, 0.000000000000000000, 0.000000000000000000 ) ) ;
#9770 = ORIENTED_EDGE ( 'NONE', *, *, #8221, .F. ) ;
#9771 = CARTESIAN_POINT ( 'NONE',  ( -16.93736896257956204, 12.11919143192007908, -34.03490371580879525 ) ) ;
#9772 = CARTESIAN_POINT ( 'NONE',  ( -38.00000000000000000, -171.1999999999999886, 8.999999999999987566 ) ) ;
#9773 = EDGE_LOOP ( 'NONE', ( #9505, #1816, #6802, #6199 ) ) ;
#9774 = VERTEX_POINT ( 'NONE', #5227 ) ;
#9775 = AXIS2_PLACEMENT_3D ( 'NONE', #3543, #6597, #1307 ) ;
#9776 = DIRECTION ( 'NONE',  ( 0.000000000000000000, 0.000000000000000000, -1.000000000000000000 ) ) ;
#9777 = CARTESIAN_POINT ( 'NONE',  ( 0.000000000000000000, 55.19999999999999574, 0.000000000000000000 ) ) ;
#9778 = CARTESIAN_POINT ( 'NONE',  ( -35.50556870864283354, 12.26072832895248688, -23.35972376110069604 ) ) ;
#9779 = CARTESIAN_POINT ( 'NONE',  ( 1.539749897050354256E-14, -43.99999999999793943, -342.0000000000006253 ) ) ;
#9780 = CARTESIAN_POINT ( 'NONE',  ( -36.00000000000000000, 3.449583562777016209E-12, -441.0000000000000000 ) ) ;
#9781 = DIRECTION ( 'NONE',  ( 1.000000000000000000, 0.000000000000000000, 0.000000000000000000 ) ) ;
#9782 = EDGE_LOOP ( 'NONE', ( #793, #5956, #5524, #9098, #5475, #645 ) ) ;
#9783 = ORIENTED_EDGE ( 'NONE', *, *, #4075, .F. ) ;
#9784 = VERTEX_POINT ( 'NONE', #9717 ) ;
#9785 = ADVANCED_FACE ( 'NONE', ( #5771 ), #9359, .F. ) ;
#9786 = LINE ( 'NONE', #2107, #4167 ) ;
#9787 = CIRCLE ( 'NONE', #9149, 3.000000000000000888 ) ;
#9788 = CARTESIAN_POINT ( 'NONE',  ( 1.539749897050354256E-14, 17.00000000000066436, -230.9999999999998863 ) ) ;
#9789 = DIRECTION ( 'NONE',  ( -1.000000000000000000, 0.000000000000000000, 0.000000000000000000 ) ) ;
#9790 = DIRECTION ( 'NONE',  ( 0.000000000000000000, -6.982962677686266711E-15, 1.000000000000000000 ) ) ;
#9791 = DIRECTION ( 'NONE',  ( 1.000000000000000000, -1.541976423090496866E-16, 0.000000000000000000 ) ) ;
#9792 = PLANE ( 'NONE',  #8890 ) ;
#9793 = DIRECTION ( 'NONE',  ( 0.000000000000000000, 0.000000000000000000, 1.000000000000000000 ) ) ;
#9794 = ORIENTED_EDGE ( 'NONE', *, *, #8767, .F. ) ;
#9795 = EDGE_CURVE ( 'NONE', #4839, #8436, #921, .T. ) ;
#9796 = PRODUCT_DEFINITION_SHAPE ( 'NONE', 'NONE',  #9847 ) ;
#9797 = EDGE_CURVE ( 'NONE', #3148, #8836, #2178, .T. ) ;
#9798 = EDGE_CURVE ( 'NONE', #6782, #6858, #1879, .T. ) ;
#9799 = DIRECTION ( 'NONE',  ( 0.000000000000000000, 1.000000000000000000, 0.000000000000000000 ) ) ;
#9800 = FACE_OUTER_BOUND ( 'NONE', #3791, .T. ) ;
#9801 = LINE ( 'NONE', #1479, #9210 ) ;
#9802 = CARTESIAN_POINT ( 'NONE',  ( 64.56989347527211009, -47.23059238027774853, -228.0000000000003126 ) ) ;
#9803 = ORIENTED_EDGE ( 'NONE', *, *, #2672, .T. ) ;
#9804 = ORIENTED_EDGE ( 'NONE', *, *, #6953, .T. ) ;
#9805 = ADVANCED_FACE ( 'NONE', ( #4377 ), #7430, .T. ) ;
#9806 = EDGE_CURVE ( 'NONE', #4098, #6055, #1398, .T. ) ;
#9807 = PRODUCT_DEFINITION_SHAPE ( 'NONE', 'NONE',  #4296 ) ;
#9808 = AXIS2_PLACEMENT_3D ( 'NONE', #9347, #8498, #4697 ) ;
#9809 = CARTESIAN_POINT ( 'NONE',  ( 20.17068723662552898, 37.07533774686530137, 32.21176879615222788 ) ) ;
#9810 = DIRECTION ( 'NONE',  ( -0.000000000000000000, -1.396592535537253342E-14, 1.000000000000000000 ) ) ;
#9811 = ADVANCED_FACE ( 'NONE', ( #1437 ), #8068, .T. ) ;
#9812 = ITEM_DEFINED_TRANSFORMATION ( 'NONE', 'NONE', #3320,  #2024 ) ;
#9813 = EDGE_LOOP ( 'NONE', ( #3424, #1094, #1011, #2498 ) ) ;
#9814 = CIRCLE ( 'NONE', #9011, 5.000000000002245315 ) ;
#9815 = FACE_BOUND ( 'NONE', #6944, .T. ) ;
#9816 = ORIENTED_EDGE ( 'NONE', *, *, #7094, .T. ) ;
#9817 = VERTEX_POINT ( 'NONE', #7335 ) ;
#9818 = CARTESIAN_POINT ( 'NONE',  ( 46.49956922558554595, -13.77379991454191632, 15.00000000000000000 ) ) ;
#9819 = CIRCLE ( 'NONE', #5687, 26.99999999999999645 ) ;
#9820 = DIRECTION ( 'NONE',  ( 0.000000000000000000, 0.000000000000000000, 1.000000000000000000 ) ) ;
#9821 = VERTEX_POINT ( 'NONE', #687 ) ;
#9822 = AXIS2_PLACEMENT_3D ( 'NONE', #2809, #6613, #8152 ) ;
#9823 = CARTESIAN_POINT ( 'NONE',  ( -56.90275806167113615, -150.8206776050439544, 19.00000000000000000 ) ) ;
#9824 =( LENGTH_UNIT ( ) NAMED_UNIT ( * ) SI_UNIT ( .MILLI., .METRE. ) );
#9825 = DIRECTION ( 'NONE',  ( 0.000000000000000000, 6.982962677686266711E-15, -1.000000000000000000 ) ) ;
#9826 = CARTESIAN_POINT ( 'NONE',  ( -38.00000000000000000, 47.19999999999998863, 8.999999999999989342 ) ) ;
#9827 = DIRECTION ( 'NONE',  ( 0.000000000000000000, 0.000000000000000000, 1.000000000000000000 ) ) ;
#9828 = AXIS2_PLACEMENT_3D ( 'NONE', #234, #4658, #2316 ) ;
#9829 = DIRECTION ( 'NONE',  ( 0.000000000000000000, 0.000000000000000000, -1.000000000000000000 ) ) ;
#9830 = MANIFOLD_SOLID_BREP ( 'Mirror1', #1685 ) ;
#9831 = CARTESIAN_POINT ( 'NONE',  ( -37.87894679998808556, 15.82624810372618462, -19.28947475002236089 ) ) ;
#9832 = ORIENTED_EDGE ( 'NONE', *, *, #6397, .F. ) ;
#9833 = CARTESIAN_POINT ( 'NONE',  ( 36.00000000000000000, -201.1999999999999886, 19.00000000000000000 ) ) ;
#9834 = NEXT_ASSEMBLY_USAGE_OCCURRENCE ( 'NAUO1', ' ', ' ', #6803, #1199, $ ) ;
#9835 = NEXT_ASSEMBLY_USAGE_OCCURRENCE ( 'NAUO2', ' ', ' ', #6803, #3869, $ ) ;
#9836 = NEXT_ASSEMBLY_USAGE_OCCURRENCE ( 'NAUO3', ' ', ' ', #6803, #4296, $ ) ;
#9837 = NEXT_ASSEMBLY_USAGE_OCCURRENCE ( 'NAUO4', ' ', ' ', #6803, #6051, $ ) ;
#9838 = NEXT_ASSEMBLY_USAGE_OCCURRENCE ( 'NAUO5', ' ', ' ', #6803, #5636, $ ) ;
#9839 = NEXT_ASSEMBLY_USAGE_OCCURRENCE ( 'NAUO6', ' ', ' ', #6803, #7536, $ ) ;
#9840 = NEXT_ASSEMBLY_USAGE_OCCURRENCE ( 'NAUO7', ' ', ' ', #6803, #4296, $ ) ;
#9841 = NEXT_ASSEMBLY_USAGE_OCCURRENCE ( 'NAUO8', ' ', ' ', #6803, #4296, $ ) ;
#9842 = NEXT_ASSEMBLY_USAGE_OCCURRENCE ( 'NAUO9', ' ', ' ', #6803, #3869, $ ) ;
#9843 = NEXT_ASSEMBLY_USAGE_OCCURRENCE ( 'NAUO10', ' ', ' ', #6803, #4296, $ ) ;
#9844 = NEXT_ASSEMBLY_USAGE_OCCURRENCE ( 'NAUO11', ' ', ' ', #6803, #4296, $ ) ;
#9845 = NEXT_ASSEMBLY_USAGE_OCCURRENCE ( 'NAUO12', ' ', ' ', #6803, #4296, $ ) ;
#9846 = NEXT_ASSEMBLY_USAGE_OCCURRENCE ( 'NAUO13', ' ', ' ', #6803, #7536, $ ) ;
#9847 = NEXT_ASSEMBLY_USAGE_OCCURRENCE ( 'NAUO14', ' ', ' ', #6803, #6051, $ ) ;
#9848 = NEXT_ASSEMBLY_USAGE_OCCURRENCE ( 'NAUO15', ' ', ' ', #6803, #5636, $ ) ;
#9849 = NEXT_ASSEMBLY_USAGE_OCCURRENCE ( 'NAUO16', ' ', ' ', #6803, #3869, $ ) ;
#9850 = NEXT_ASSEMBLY_USAGE_OCCURRENCE ( 'NAUO17', ' ', ' ', #6803, #4296, $ ) ;
#9851 = NEXT_ASSEMBLY_USAGE_OCCURRENCE ( 'NAUO18', ' ', ' ', #6803, #4296, $ ) ;
#9852 = NEXT_ASSEMBLY_USAGE_OCCURRENCE ( 'NAUO19', ' ', ' ', #6803, #4296, $ ) ;
#9853 = NEXT_ASSEMBLY_USAGE_OCCURRENCE ( 'NAUO20', ' ', ' ', #6803, #7536, $ ) ;
#9854 = NEXT_ASSEMBLY_USAGE_OCCURRENCE ( 'NAUO21', ' ', ' ', #6803, #6051, $ ) ;
#9855 = NEXT_ASSEMBLY_USAGE_OCCURRENCE ( 'NAUO22', ' ', ' ', #6803, #5636, $ ) ;
#9856 = NEXT_ASSEMBLY_USAGE_OCCURRENCE ( 'NAUO23', ' ', ' ', #6803, #3869, $ ) ;
#9857 = NEXT_ASSEMBLY_USAGE_OCCURRENCE ( 'NAUO24', ' ', ' ', #6803, #4296, $ ) ;
#9858 = NEXT_ASSEMBLY_USAGE_OCCURRENCE ( 'NAUO25', ' ', ' ', #6803, #4296, $ ) ;
#9859 = NEXT_ASSEMBLY_USAGE_OCCURRENCE ( 'NAUO26', ' ', ' ', #6803, #4296, $ ) ;
#9860 = NEXT_ASSEMBLY_USAGE_OCCURRENCE ( 'NAUO27', ' ', ' ', #6803, #7536, $ ) ;
#9861 = NEXT_ASSEMBLY_USAGE_OCCURRENCE ( 'NAUO28', ' ', ' ', #6803, #6051, $ ) ;
#9862 = NEXT_ASSEMBLY_USAGE_OCCURRENCE ( 'NAUO29', ' ', ' ', #6803, #5636, $ ) ;
ENDSEC;
END-ISO-10303-21;
